plan_id,democrat,republican
0,5,9
1,5,9
2,5,9
3,5,9
4,5,9
5,5,9
6,5,9
7,5,9
8,5,9
9,6,8
10,6,8
11,6,8
12,5,9
13,5,9
14,4,10
15,4,10
16,4,10
17,4,10
18,4,10
19,4,10
20,4,10
21,4,10
22,4,10
23,4,10
24,4,10
25,4,10
26,4,10
27,4,10
28,4,10
29,4,10
30,5,9
31,5,9
32,5,9
33,5,9
34,5,9
35,4,10
36,5,9
37,5,9
38,5,9
39,5,9
40,5,9
41,5,9
42,5,9
43,5,9
44,5,9
45,5,9
46,5,9
47,5,9
48,5,9
49,5,9
50,5,9
51,5,9
52,5,9
53,5,9
54,5,9
55,5,9
56,5,9
57,5,9
58,4,10
59,4,10
60,4,10
61,4,10
62,4,10
63,4,10
64,4,10
65,4,10
66,4,10
67,4,10
68,5,9
69,5,9
70,5,9
71,4,10
72,4,10
73,4,10
74,4,10
75,4,10
76,4,10
77,4,10
78,4,10
79,4,10
80,4,10
81,4,10
82,4,10
83,4,10
84,4,10
85,4,10
86,4,10
87,4,10
88,4,10
89,5,9
90,5,9
91,5,9
92,5,9
93,5,9
94,5,9
95,5,9
96,5,9
97,5,9
98,5,9
99,5,9
100,5,9
101,5,9
102,5,9
103,5,9
104,5,9
105,5,9
106,4,10
107,4,10
108,4,10
109,4,10
110,4,10
111,5,9
112,5,9
113,5,9
114,5,9
115,5,9
116,5,9
117,5,9
118,5,9
119,5,9
120,4,10
121,4,10
122,4,10
123,4,10
124,4,10
125,4,10
126,4,10
127,4,10
128,4,10
129,4,10
130,4,10
131,4,10
132,5,9
133,5,9
134,5,9
135,5,9
136,5,9
137,5,9
138,5,9
139,5,9
140,5,9
141,5,9
142,5,9
143,5,9
144,4,10
145,4,10
146,4,10
147,5,9
148,5,9
149,5,9
150,5,9
151,5,9
152,5,9
153,5,9
154,5,9
155,5,9
156,4,10
157,4,10
158,4,10
159,4,10
160,4,10
161,5,9
162,5,9
163,5,9
164,5,9
165,5,9
166,5,9
167,5,9
168,5,9
169,5,9
170,5,9
171,5,9
172,5,9
173,5,9
174,5,9
175,5,9
176,5,9
177,5,9
178,5,9
179,6,8
180,6,8
181,6,8
182,5,9
183,5,9
184,6,8
185,5,9
186,5,9
187,5,9
188,4,10
189,4,10
190,4,10
191,4,10
192,4,10
193,4,10
194,4,10
195,4,10
196,4,10
197,4,10
198,4,10
199,4,10
200,4,10
201,4,10
202,4,10
203,4,10
204,4,10
205,4,10
206,4,10
207,4,10
208,5,9
209,5,9
210,5,9
211,5,9
212,5,9
213,5,9
214,5,9
215,5,9
216,5,9
217,5,9
218,5,9
219,5,9
220,5,9
221,5,9
222,5,9
223,5,9
224,5,9
225,5,9
226,5,9
227,5,9
228,5,9
229,5,9
230,5,9
231,5,9
232,5,9
233,5,9
234,5,9
235,5,9
236,5,9
237,5,9
238,5,9
239,5,9
240,5,9
241,5,9
242,5,9
243,5,9
244,4,10
245,4,10
246,4,10
247,5,9
248,5,9
249,5,9
250,5,9
251,5,9
252,5,9
253,5,9
254,5,9
255,5,9
256,5,9
257,4,10
258,4,10
259,4,10
260,5,9
261,5,9
262,5,9
263,5,9
264,4,10
265,4,10
266,4,10
267,5,9
268,5,9
269,5,9
270,5,9
271,5,9
272,5,9
273,5,9
274,4,10
275,4,10
276,4,10
277,4,10
278,4,10
279,4,10
280,4,10
281,4,10
282,4,10
283,4,10
284,4,10
285,4,10
286,4,10
287,4,10
288,4,10
289,4,10
290,5,9
291,5,9
292,5,9
293,4,10
294,4,10
295,4,10
296,4,10
297,4,10
298,4,10
299,4,10
300,4,10
301,4,10
302,4,10
303,4,10
304,4,10
305,4,10
306,4,10
307,4,10
308,4,10
309,4,10
310,4,10
311,4,10
312,4,10
313,4,10
314,4,10
315,5,9
316,5,9
317,5,9
318,5,9
319,5,9
320,5,9
321,4,10
322,4,10
323,5,9
324,5,9
325,5,9
326,5,9
327,5,9
328,5,9
329,5,9
330,5,9
331,5,9
332,4,10
333,4,10
334,4,10
335,5,9
336,5,9
337,5,9
338,5,9
339,5,9
340,5,9
341,5,9
342,6,8
343,6,8
344,5,9
345,5,9
346,5,9
347,4,10
348,4,10
349,5,9
350,5,9
351,5,9
352,5,9
353,5,9
354,5,9
355,5,9
356,5,9
357,5,9
358,5,9
359,5,9
360,5,9
361,5,9
362,4,10
363,4,10
364,4,10
365,5,9
366,5,9
367,5,9
368,5,9
369,5,9
370,5,9
371,5,9
372,5,9
373,4,10
374,4,10
375,5,9
376,5,9
377,5,9
378,5,9
379,4,10
380,4,10
381,4,10
382,4,10
383,4,10
384,4,10
385,4,10
386,4,10
387,4,10
388,4,10
389,4,10
390,4,10
391,4,10
392,4,10
393,4,10
394,4,10
395,4,10
396,4,10
397,4,10
398,5,9
399,4,10
400,4,10
401,4,10
402,4,10
403,4,10
404,4,10
405,4,10
406,4,10
407,4,10
408,5,9
409,5,9
410,5,9
411,4,10
412,4,10
413,4,10
414,4,10
415,4,10
416,4,10
417,4,10
418,4,10
419,4,10
420,4,10
421,4,10
422,4,10
423,4,10
424,4,10
425,4,10
426,4,10
427,4,10
428,4,10
429,4,10
430,4,10
431,4,10
432,4,10
433,4,10
434,4,10
435,4,10
436,4,10
437,4,10
438,4,10
439,4,10
440,4,10
441,4,10
442,4,10
443,4,10
444,4,10
445,4,10
446,4,10
447,4,10
448,4,10
449,4,10
450,4,10
451,4,10
452,5,9
453,5,9
454,5,9
455,5,9
456,5,9
457,5,9
458,4,10
459,4,10
460,4,10
461,4,10
462,4,10
463,4,10
464,4,10
465,4,10
466,4,10
467,4,10
468,4,10
469,4,10
470,4,10
471,4,10
472,4,10
473,4,10
474,4,10
475,4,10
476,4,10
477,5,9
478,5,9
479,5,9
480,5,9
481,5,9
482,5,9
483,5,9
484,5,9
485,5,9
486,5,9
487,5,9
488,5,9
489,5,9
490,4,10
491,5,9
492,5,9
493,5,9
494,5,9
495,5,9
496,5,9
497,5,9
498,5,9
499,5,9
500,5,9
501,5,9
502,5,9
503,5,9
504,5,9
505,5,9
506,5,9
507,5,9
508,4,10
509,4,10
510,5,9
511,5,9
512,5,9
513,5,9
514,5,9
515,5,9
516,5,9
517,4,10
518,4,10
519,4,10
520,4,10
521,4,10
522,5,9
523,5,9
524,5,9
525,5,9
526,5,9
527,5,9
528,5,9
529,5,9
530,5,9
531,5,9
532,5,9
533,5,9
534,5,9
535,5,9
536,5,9
537,5,9
538,5,9
539,5,9
540,5,9
541,4,10
542,4,10
543,4,10
544,4,10
545,4,10
546,4,10
547,4,10
548,4,10
549,4,10
550,4,10
551,4,10
552,4,10
553,5,9
554,5,9
555,5,9
556,5,9
557,5,9
558,5,9
559,5,9
560,5,9
561,5,9
562,5,9
563,5,9
564,5,9
565,5,9
566,5,9
567,5,9
568,5,9
569,5,9
570,5,9
571,5,9
572,5,9
573,5,9
574,5,9
575,5,9
576,5,9
577,5,9
578,5,9
579,5,9
580,5,9
581,5,9
582,5,9
583,5,9
584,5,9
585,5,9
586,5,9
587,5,9
588,5,9
589,5,9
590,5,9
591,5,9
592,5,9
593,5,9
594,5,9
595,5,9
596,5,9
597,5,9
598,5,9
599,5,9
600,5,9
601,5,9
602,4,10
603,4,10
604,5,9
605,5,9
606,5,9
607,5,9
608,5,9
609,5,9
610,5,9
611,6,8
612,6,8
613,6,8
614,6,8
615,6,8
616,6,8
617,6,8
618,6,8
619,6,8
620,6,8
621,5,9
622,5,9
623,5,9
624,5,9
625,5,9
626,5,9
627,5,9
628,5,9
629,5,9
630,5,9
631,5,9
632,5,9
633,6,8
634,6,8
635,5,9
636,5,9
637,5,9
638,5,9
639,6,8
640,6,8
641,6,8
642,5,9
643,6,8
644,5,9
645,5,9
646,5,9
647,4,10
648,4,10
649,4,10
650,4,10
651,4,10
652,4,10
653,5,9
654,5,9
655,5,9
656,5,9
657,5,9
658,5,9
659,5,9
660,5,9
661,5,9
662,5,9
663,5,9
664,5,9
665,5,9
666,5,9
667,5,9
668,5,9
669,5,9
670,5,9
671,5,9
672,5,9
673,5,9
674,5,9
675,4,10
676,4,10
677,4,10
678,4,10
679,5,9
680,5,9
681,5,9
682,5,9
683,5,9
684,5,9
685,5,9
686,4,10
687,4,10
688,5,9
689,5,9
690,5,9
691,5,9
692,5,9
693,5,9
694,5,9
695,4,10
696,4,10
697,4,10
698,4,10
699,4,10
700,4,10
701,4,10
702,4,10
703,4,10
704,4,10
705,4,10
706,4,10
707,4,10
708,4,10
709,4,10
710,4,10
711,4,10
712,4,10
713,4,10
714,4,10
715,4,10
716,4,10
717,4,10
718,4,10
719,4,10
720,4,10
721,4,10
722,4,10
723,4,10
724,5,9
725,5,9
726,5,9
727,5,9
728,5,9
729,5,9
730,5,9
731,5,9
732,5,9
733,5,9
734,5,9
735,5,9
736,5,9
737,5,9
738,5,9
739,5,9
740,5,9
741,5,9
742,5,9
743,5,9
744,5,9
745,5,9
746,4,10
747,5,9
748,5,9
749,5,9
750,5,9
751,5,9
752,5,9
753,5,9
754,5,9
755,5,9
756,5,9
757,5,9
758,5,9
759,5,9
760,5,9
761,4,10
762,4,10
763,4,10
764,4,10
765,4,10
766,4,10
767,4,10
768,5,9
769,5,9
770,5,9
771,5,9
772,5,9
773,5,9
774,5,9
775,5,9
776,5,9
777,5,9
778,5,9
779,5,9
780,5,9
781,4,10
782,4,10
783,4,10
784,4,10
785,5,9
786,5,9
787,5,9
788,5,9
789,5,9
790,5,9
791,5,9
792,5,9
793,5,9
794,5,9
795,5,9
796,5,9
797,5,9
798,5,9
799,5,9
800,5,9
801,5,9
802,5,9
803,5,9
804,5,9
805,5,9
806,5,9
807,5,9
808,5,9
809,5,9
810,5,9
811,5,9
812,5,9
813,6,8
814,6,8
815,6,8
816,6,8
817,6,8
818,6,8
819,6,8
820,6,8
821,6,8
822,6,8
823,6,8
824,6,8
825,6,8
826,6,8
827,6,8
828,6,8
829,6,8
830,6,8
831,6,8
832,6,8
833,6,8
834,6,8
835,6,8
836,6,8
837,6,8
838,6,8
839,6,8
840,6,8
841,6,8
842,6,8
843,6,8
844,6,8
845,6,8
846,6,8
847,6,8
848,6,8
849,6,8
850,6,8
851,6,8
852,6,8
853,6,8
854,6,8
855,6,8
856,6,8
857,6,8
858,6,8
859,6,8
860,6,8
861,6,8
862,6,8
863,6,8
864,6,8
865,6,8
866,6,8
867,6,8
868,6,8
869,6,8
870,6,8
871,6,8
872,6,8
873,6,8
874,6,8
875,6,8
876,6,8
877,6,8
878,6,8
879,6,8
880,6,8
881,6,8
882,6,8
883,6,8
884,6,8
885,7,7
886,7,7
887,7,7
888,6,8
889,6,8
890,6,8
891,6,8
892,7,7
893,7,7
894,7,7
895,6,8
896,6,8
897,6,8
898,6,8
899,7,7
900,7,7
901,7,7
902,7,7
903,7,7
904,7,7
905,7,7
906,7,7
907,7,7
908,7,7
909,6,8
910,6,8
911,6,8
912,6,8
913,6,8
914,6,8
915,6,8
916,5,9
917,5,9
918,5,9
919,5,9
920,5,9
921,5,9
922,5,9
923,5,9
924,5,9
925,5,9
926,5,9
927,5,9
928,5,9
929,5,9
930,5,9
931,5,9
932,5,9
933,5,9
934,5,9
935,5,9
936,5,9
937,5,9
938,5,9
939,6,8
940,6,8
941,6,8
942,6,8
943,6,8
944,6,8
945,6,8
946,6,8
947,6,8
948,6,8
949,6,8
950,6,8
951,6,8
952,5,9
953,5,9
954,5,9
955,5,9
956,5,9
957,5,9
958,5,9
959,5,9
960,5,9
961,5,9
962,5,9
963,5,9
964,5,9
965,5,9
966,6,8
967,5,9
968,5,9
969,5,9
970,5,9
971,5,9
972,5,9
973,5,9
974,5,9
975,5,9
976,5,9
977,5,9
978,5,9
979,5,9
980,5,9
981,5,9
982,6,8
983,6,8
984,6,8
985,6,8
986,6,8
987,6,8
988,6,8
989,6,8
990,6,8
991,6,8
992,6,8
993,5,9
994,5,9
995,5,9
996,6,8
997,6,8
998,6,8
999,5,9
1000,5,9
1001,5,9
1002,5,9
1003,5,9
1004,6,8
1005,6,8
1006,6,8
1007,6,8
1008,6,8
1009,6,8
1010,5,9
1011,5,9
1012,5,9
1013,5,9
1014,5,9
1015,5,9
1016,5,9
1017,6,8
1018,6,8
1019,6,8
1020,6,8
1021,6,8
1022,6,8
1023,6,8
1024,6,8
1025,6,8
1026,6,8
1027,5,9
1028,5,9
1029,5,9
1030,5,9
1031,5,9
1032,5,9
1033,5,9
1034,5,9
1035,5,9
1036,5,9
1037,5,9
1038,5,9
1039,5,9
1040,5,9
1041,5,9
1042,5,9
1043,5,9
1044,5,9
1045,5,9
1046,5,9
1047,5,9
1048,5,9
1049,5,9
1050,5,9
1051,5,9
1052,5,9
1053,5,9
1054,5,9
1055,5,9
1056,5,9
1057,5,9
1058,5,9
1059,5,9
1060,5,9
1061,5,9
1062,5,9
1063,5,9
1064,5,9
1065,5,9
1066,5,9
1067,5,9
1068,5,9
1069,5,9
1070,5,9
1071,5,9
1072,5,9
1073,5,9
1074,5,9
1075,5,9
1076,5,9
1077,5,9
1078,5,9
1079,5,9
1080,5,9
1081,6,8
1082,6,8
1083,6,8
1084,6,8
1085,6,8
1086,6,8
1087,6,8
1088,6,8
1089,6,8
1090,6,8
1091,5,9
1092,5,9
1093,5,9
1094,5,9
1095,5,9
1096,5,9
1097,6,8
1098,6,8
1099,6,8
1100,5,9
1101,5,9
1102,5,9
1103,5,9
1104,5,9
1105,5,9
1106,5,9
1107,5,9
1108,5,9
1109,5,9
1110,6,8
1111,6,8
1112,6,8
1113,6,8
1114,6,8
1115,6,8
1116,6,8
1117,6,8
1118,6,8
1119,6,8
1120,6,8
1121,6,8
1122,6,8
1123,6,8
1124,6,8
1125,6,8
1126,6,8
1127,6,8
1128,6,8
1129,6,8
1130,6,8
1131,6,8
1132,6,8
1133,6,8
1134,6,8
1135,6,8
1136,6,8
1137,6,8
1138,6,8
1139,6,8
1140,6,8
1141,6,8
1142,6,8
1143,6,8
1144,6,8
1145,6,8
1146,6,8
1147,6,8
1148,6,8
1149,6,8
1150,6,8
1151,6,8
1152,6,8
1153,6,8
1154,6,8
1155,6,8
1156,6,8
1157,6,8
1158,6,8
1159,6,8
1160,6,8
1161,6,8
1162,6,8
1163,6,8
1164,6,8
1165,6,8
1166,6,8
1167,6,8
1168,6,8
1169,6,8
1170,6,8
1171,6,8
1172,6,8
1173,6,8
1174,6,8
1175,6,8
1176,6,8
1177,6,8
1178,6,8
1179,6,8
1180,6,8
1181,6,8
1182,6,8
1183,6,8
1184,6,8
1185,6,8
1186,6,8
1187,6,8
1188,6,8
1189,6,8
1190,6,8
1191,6,8
1192,6,8
1193,6,8
1194,6,8
1195,6,8
1196,6,8
1197,6,8
1198,5,9
1199,5,9
1200,5,9
1201,5,9
1202,5,9
1203,5,9
1204,5,9
1205,5,9
1206,5,9
1207,5,9
1208,5,9
1209,5,9
1210,6,8
1211,6,8
1212,6,8
1213,6,8
1214,6,8
1215,6,8
1216,6,8
1217,6,8
1218,6,8
1219,6,8
1220,6,8
1221,6,8
1222,6,8
1223,6,8
1224,6,8
1225,6,8
1226,6,8
1227,6,8
1228,6,8
1229,6,8
1230,6,8
1231,6,8
1232,6,8
1233,6,8
1234,6,8
1235,6,8
1236,6,8
1237,6,8
1238,6,8
1239,6,8
1240,6,8
1241,6,8
1242,6,8
1243,6,8
1244,6,8
1245,6,8
1246,6,8
1247,6,8
1248,6,8
1249,6,8
1250,6,8
1251,6,8
1252,6,8
1253,6,8
1254,6,8
1255,6,8
1256,6,8
1257,6,8
1258,6,8
1259,6,8
1260,6,8
1261,6,8
1262,6,8
1263,6,8
1264,6,8
1265,6,8
1266,6,8
1267,6,8
1268,6,8
1269,6,8
1270,6,8
1271,6,8
1272,6,8
1273,6,8
1274,6,8
1275,6,8
1276,5,9
1277,5,9
1278,5,9
1279,5,9
1280,5,9
1281,6,8
1282,6,8
1283,5,9
1284,5,9
1285,5,9
1286,5,9
1287,6,8
1288,6,8
1289,6,8
1290,6,8
1291,6,8
1292,6,8
1293,6,8
1294,6,8
1295,6,8
1296,6,8
1297,6,8
1298,6,8
1299,6,8
1300,6,8
1301,6,8
1302,6,8
1303,6,8
1304,6,8
1305,6,8
1306,6,8
1307,6,8
1308,6,8
1309,6,8
1310,6,8
1311,6,8
1312,6,8
1313,6,8
1314,6,8
1315,6,8
1316,6,8
1317,6,8
1318,6,8
1319,6,8
1320,6,8
1321,6,8
1322,6,8
1323,6,8
1324,6,8
1325,6,8
1326,6,8
1327,6,8
1328,6,8
1329,6,8
1330,6,8
1331,6,8
1332,6,8
1333,6,8
1334,6,8
1335,6,8
1336,6,8
1337,6,8
1338,6,8
1339,6,8
1340,6,8
1341,5,9
1342,5,9
1343,5,9
1344,5,9
1345,5,9
1346,5,9
1347,5,9
1348,5,9
1349,5,9
1350,5,9
1351,5,9
1352,5,9
1353,5,9
1354,5,9
1355,5,9
1356,5,9
1357,5,9
1358,5,9
1359,5,9
1360,5,9
1361,5,9
1362,5,9
1363,5,9
1364,5,9
1365,5,9
1366,5,9
1367,5,9
1368,5,9
1369,5,9
1370,5,9
1371,5,9
1372,5,9
1373,5,9
1374,5,9
1375,5,9
1376,5,9
1377,5,9
1378,5,9
1379,5,9
1380,5,9
1381,5,9
1382,5,9
1383,5,9
1384,5,9
1385,5,9
1386,5,9
1387,5,9
1388,5,9
1389,5,9
1390,5,9
1391,5,9
1392,5,9
1393,5,9
1394,5,9
1395,5,9
1396,5,9
1397,5,9
1398,5,9
1399,5,9
1400,5,9
1401,5,9
1402,5,9
1403,5,9
1404,5,9
1405,5,9
1406,5,9
1407,5,9
1408,5,9
1409,5,9
1410,5,9
1411,5,9
1412,5,9
1413,5,9
1414,5,9
1415,5,9
1416,5,9
1417,5,9
1418,5,9
1419,5,9
1420,5,9
1421,5,9
1422,5,9
1423,5,9
1424,5,9
1425,5,9
1426,5,9
1427,5,9
1428,5,9
1429,5,9
1430,5,9
1431,5,9
1432,6,8
1433,6,8
1434,6,8
1435,6,8
1436,6,8
1437,6,8
1438,6,8
1439,5,9
1440,5,9
1441,5,9
1442,5,9
1443,5,9
1444,5,9
1445,5,9
1446,5,9
1447,5,9
1448,5,9
1449,5,9
1450,5,9
1451,5,9
1452,5,9
1453,5,9
1454,5,9
1455,5,9
1456,5,9
1457,5,9
1458,5,9
1459,5,9
1460,5,9
1461,5,9
1462,5,9
1463,5,9
1464,5,9
1465,5,9
1466,5,9
1467,5,9
1468,5,9
1469,5,9
1470,5,9
1471,5,9
1472,5,9
1473,5,9
1474,5,9
1475,5,9
1476,5,9
1477,5,9
1478,5,9
1479,5,9
1480,5,9
1481,5,9
1482,5,9
1483,5,9
1484,5,9
1485,5,9
1486,5,9
1487,5,9
1488,5,9
1489,5,9
1490,5,9
1491,5,9
1492,4,10
1493,5,9
1494,5,9
1495,5,9
1496,5,9
1497,5,9
1498,5,9
1499,5,9
1500,6,8
1501,6,8
1502,6,8
1503,6,8
1504,6,8
1505,6,8
1506,6,8
1507,5,9
1508,5,9
1509,5,9
1510,5,9
1511,5,9
1512,5,9
1513,5,9
1514,5,9
1515,5,9
1516,5,9
1517,5,9
1518,5,9
1519,5,9
1520,5,9
1521,5,9
1522,5,9
1523,5,9
1524,5,9
1525,5,9
1526,5,9
1527,5,9
1528,5,9
1529,5,9
1530,5,9
1531,5,9
1532,5,9
1533,5,9
1534,5,9
1535,5,9
1536,5,9
1537,5,9
1538,5,9
1539,5,9
1540,5,9
1541,5,9
1542,5,9
1543,5,9
1544,5,9
1545,5,9
1546,5,9
1547,5,9
1548,5,9
1549,5,9
1550,6,8
1551,6,8
1552,6,8
1553,6,8
1554,6,8
1555,6,8
1556,6,8
1557,6,8
1558,6,8
1559,5,9
1560,5,9
1561,5,9
1562,5,9
1563,5,9
1564,5,9
1565,5,9
1566,5,9
1567,5,9
1568,5,9
1569,5,9
1570,5,9
1571,5,9
1572,5,9
1573,5,9
1574,5,9
1575,5,9
1576,5,9
1577,5,9
1578,5,9
1579,5,9
1580,5,9
1581,5,9
1582,5,9
1583,5,9
1584,5,9
1585,5,9
1586,5,9
1587,5,9
1588,5,9
1589,5,9
1590,5,9
1591,5,9
1592,5,9
1593,6,8
1594,6,8
1595,6,8
1596,6,8
1597,6,8
1598,6,8
1599,7,7
1600,7,7
1601,7,7
1602,7,7
1603,7,7
1604,7,7
1605,6,8
1606,5,9
1607,6,8
1608,6,8
1609,6,8
1610,6,8
1611,6,8
1612,6,8
1613,6,8
1614,6,8
1615,6,8
1616,6,8
1617,6,8
1618,6,8
1619,6,8
1620,6,8
1621,6,8
1622,6,8
1623,6,8
1624,6,8
1625,6,8
1626,6,8
1627,6,8
1628,6,8
1629,6,8
1630,6,8
1631,6,8
1632,6,8
1633,6,8
1634,6,8
1635,6,8
1636,6,8
1637,6,8
1638,5,9
1639,5,9
1640,5,9
1641,5,9
1642,5,9
1643,5,9
1644,6,8
1645,6,8
1646,6,8
1647,6,8
1648,6,8
1649,6,8
1650,6,8
1651,6,8
1652,6,8
1653,6,8
1654,6,8
1655,6,8
1656,6,8
1657,6,8
1658,6,8
1659,6,8
1660,6,8
1661,6,8
1662,6,8
1663,6,8
1664,6,8
1665,6,8
1666,6,8
1667,6,8
1668,6,8
1669,6,8
1670,5,9
1671,5,9
1672,5,9
1673,5,9
1674,5,9
1675,5,9
1676,5,9
1677,5,9
1678,5,9
1679,5,9
1680,5,9
1681,5,9
1682,5,9
1683,5,9
1684,5,9
1685,5,9
1686,5,9
1687,5,9
1688,5,9
1689,5,9
1690,5,9
1691,5,9
1692,5,9
1693,5,9
1694,5,9
1695,5,9
1696,5,9
1697,6,8
1698,5,9
1699,5,9
1700,5,9
1701,5,9
1702,5,9
1703,5,9
1704,5,9
1705,5,9
1706,5,9
1707,5,9
1708,5,9
1709,5,9
1710,5,9
1711,5,9
1712,6,8
1713,6,8
1714,6,8
1715,6,8
1716,6,8
1717,6,8
1718,6,8
1719,6,8
1720,7,7
1721,7,7
1722,7,7
1723,7,7
1724,7,7
1725,7,7
1726,7,7
1727,7,7
1728,7,7
1729,7,7
1730,6,8
1731,6,8
1732,6,8
1733,6,8
1734,6,8
1735,5,9
1736,6,8
1737,6,8
1738,6,8
1739,6,8
1740,6,8
1741,6,8
1742,6,8
1743,6,8
1744,6,8
1745,6,8
1746,6,8
1747,5,9
1748,5,9
1749,6,8
1750,6,8
1751,6,8
1752,6,8
1753,7,7
1754,7,7
1755,7,7
1756,7,7
1757,7,7
1758,7,7
1759,7,7
1760,7,7
1761,7,7
1762,7,7
1763,7,7
1764,7,7
1765,7,7
1766,7,7
1767,7,7
1768,7,7
1769,7,7
1770,7,7
1771,7,7
1772,7,7
1773,7,7
1774,8,6
1775,8,6
1776,8,6
1777,7,7
1778,7,7
1779,8,6
1780,8,6
1781,8,6
1782,8,6
1783,8,6
1784,8,6
1785,8,6
1786,8,6
1787,8,6
1788,8,6
1789,8,6
1790,8,6
1791,8,6
1792,8,6
1793,8,6
1794,8,6
1795,8,6
1796,7,7
1797,7,7
1798,7,7
1799,7,7
1800,7,7
1801,7,7
1802,7,7
1803,7,7
1804,7,7
1805,7,7
1806,7,7
1807,7,7
1808,7,7
1809,7,7
1810,7,7
1811,7,7
1812,7,7
1813,7,7
1814,7,7
1815,7,7
1816,7,7
1817,7,7
1818,7,7
1819,7,7
1820,7,7
1821,7,7
1822,7,7
1823,7,7
1824,7,7
1825,7,7
1826,6,8
1827,6,8
1828,6,8
1829,6,8
1830,6,8
1831,5,9
1832,5,9
1833,5,9
1834,5,9
1835,5,9
1836,5,9
1837,5,9
1838,5,9
1839,6,8
1840,6,8
1841,6,8
1842,6,8
1843,6,8
1844,6,8
1845,6,8
1846,6,8
1847,6,8
1848,6,8
1849,6,8
1850,6,8
1851,6,8
1852,6,8
1853,6,8
1854,6,8
1855,6,8
1856,6,8
1857,6,8
1858,6,8
1859,6,8
1860,6,8
1861,6,8
1862,6,8
1863,6,8
1864,6,8
1865,6,8
1866,6,8
1867,6,8
1868,6,8
1869,6,8
1870,6,8
1871,6,8
1872,6,8
1873,6,8
1874,6,8
1875,6,8
1876,6,8
1877,6,8
1878,6,8
1879,6,8
1880,6,8
1881,6,8
1882,6,8
1883,6,8
1884,6,8
1885,6,8
1886,6,8
1887,6,8
1888,6,8
1889,6,8
1890,6,8
1891,6,8
1892,6,8
1893,6,8
1894,6,8
1895,6,8
1896,6,8
1897,6,8
1898,6,8
1899,6,8
1900,6,8
1901,6,8
1902,6,8
1903,6,8
1904,6,8
1905,6,8
1906,5,9
1907,5,9
1908,5,9
1909,5,9
1910,5,9
1911,5,9
1912,5,9
1913,5,9
1914,5,9
1915,5,9
1916,5,9
1917,5,9
1918,5,9
1919,5,9
1920,5,9
1921,5,9
1922,5,9
1923,5,9
1924,5,9
1925,5,9
1926,5,9
1927,5,9
1928,5,9
1929,5,9
1930,5,9
1931,5,9
1932,5,9
1933,5,9
1934,5,9
1935,5,9
1936,5,9
1937,5,9
1938,5,9
1939,5,9
1940,5,9
1941,5,9
1942,5,9
1943,5,9
1944,5,9
1945,5,9
1946,5,9
1947,5,9
1948,5,9
1949,5,9
1950,5,9
1951,5,9
1952,5,9
1953,6,8
1954,6,8
1955,6,8
1956,6,8
1957,6,8
1958,6,8
1959,6,8
1960,6,8
1961,6,8
1962,6,8
1963,6,8
1964,6,8
1965,6,8
1966,5,9
1967,5,9
1968,5,9
1969,5,9
1970,5,9
1971,5,9
1972,4,10
1973,4,10
1974,4,10
1975,4,10
1976,4,10
1977,4,10
1978,4,10
1979,4,10
1980,4,10
1981,4,10
1982,5,9
1983,5,9
1984,5,9
1985,6,8
1986,6,8
1987,6,8
1988,6,8
1989,6,8
1990,6,8
1991,6,8
1992,6,8
1993,6,8
1994,6,8
1995,5,9
1996,5,9
1997,5,9
1998,5,9
1999,5,9
2000,5,9
2001,5,9
2002,5,9
2003,6,8
2004,6,8
2005,5,9
2006,5,9
2007,5,9
2008,5,9
2009,5,9
2010,5,9
2011,5,9
2012,5,9
2013,5,9
2014,5,9
2015,5,9
2016,5,9
2017,5,9
2018,5,9
2019,5,9
2020,5,9
2021,5,9
2022,5,9
2023,5,9
2024,5,9
2025,5,9
2026,5,9
2027,5,9
2028,5,9
2029,5,9
2030,5,9
2031,5,9
2032,5,9
2033,4,10
2034,4,10
2035,4,10
2036,5,9
2037,5,9
2038,5,9
2039,5,9
2040,5,9
2041,5,9
2042,5,9
2043,5,9
2044,6,8
2045,6,8
2046,6,8
2047,6,8
2048,5,9
2049,5,9
2050,5,9
2051,5,9
2052,5,9
2053,5,9
2054,5,9
2055,6,8
2056,6,8
2057,6,8
2058,6,8
2059,6,8
2060,6,8
2061,6,8
2062,6,8
2063,6,8
2064,6,8
2065,6,8
2066,6,8
2067,6,8
2068,6,8
2069,6,8
2070,6,8
2071,6,8
2072,6,8
2073,6,8
2074,6,8
2075,5,9
2076,5,9
2077,5,9
2078,5,9
2079,5,9
2080,5,9
2081,5,9
2082,5,9
2083,5,9
2084,5,9
2085,5,9
2086,5,9
2087,5,9
2088,5,9
2089,5,9
2090,5,9
2091,5,9
2092,5,9
2093,5,9
2094,5,9
2095,5,9
2096,5,9
2097,5,9
2098,5,9
2099,5,9
2100,5,9
2101,5,9
2102,5,9
2103,6,8
2104,6,8
2105,6,8
2106,6,8
2107,6,8
2108,6,8
2109,5,9
2110,5,9
2111,5,9
2112,5,9
2113,5,9
2114,4,10
2115,4,10
2116,4,10
2117,4,10
2118,4,10
2119,4,10
2120,4,10
2121,5,9
2122,5,9
2123,6,8
2124,6,8
2125,6,8
2126,7,7
2127,6,8
2128,6,8
2129,6,8
2130,6,8
2131,6,8
2132,6,8
2133,7,7
2134,7,7
2135,7,7
2136,7,7
2137,7,7
2138,7,7
2139,7,7
2140,7,7
2141,7,7
2142,7,7
2143,7,7
2144,6,8
2145,7,7
2146,7,7
2147,7,7
2148,7,7
2149,7,7
2150,7,7
2151,7,7
2152,7,7
2153,7,7
2154,7,7
2155,7,7
2156,7,7
2157,7,7
2158,7,7
2159,7,7
2160,7,7
2161,7,7
2162,7,7
2163,7,7
2164,7,7
2165,7,7
2166,7,7
2167,7,7
2168,7,7
2169,7,7
2170,7,7
2171,7,7
2172,7,7
2173,7,7
2174,7,7
2175,7,7
2176,7,7
2177,7,7
2178,7,7
2179,7,7
2180,7,7
2181,7,7
2182,7,7
2183,7,7
2184,6,8
2185,6,8
2186,6,8
2187,7,7
2188,7,7
2189,7,7
2190,7,7
2191,7,7
2192,7,7
2193,7,7
2194,7,7
2195,7,7
2196,7,7
2197,7,7
2198,7,7
2199,7,7
2200,7,7
2201,7,7
2202,7,7
2203,7,7
2204,7,7
2205,7,7
2206,7,7
2207,7,7
2208,7,7
2209,7,7
2210,7,7
2211,6,8
2212,6,8
2213,6,8
2214,6,8
2215,6,8
2216,6,8
2217,6,8
2218,6,8
2219,6,8
2220,6,8
2221,6,8
2222,6,8
2223,6,8
2224,6,8
2225,6,8
2226,6,8
2227,6,8
2228,6,8
2229,6,8
2230,6,8
2231,6,8
2232,6,8
2233,6,8
2234,6,8
2235,6,8
2236,6,8
2237,6,8
2238,6,8
2239,6,8
2240,6,8
2241,6,8
2242,6,8
2243,6,8
2244,6,8
2245,6,8
2246,6,8
2247,6,8
2248,6,8
2249,6,8
2250,6,8
2251,6,8
2252,6,8
2253,6,8
2254,6,8
2255,6,8
2256,6,8
2257,6,8
2258,6,8
2259,6,8
2260,6,8
2261,6,8
2262,6,8
2263,7,7
2264,6,8
2265,6,8
2266,6,8
2267,6,8
2268,6,8
2269,6,8
2270,6,8
2271,6,8
2272,6,8
2273,6,8
2274,6,8
2275,6,8
2276,6,8
2277,6,8
2278,6,8
2279,6,8
2280,6,8
2281,6,8
2282,7,7
2283,7,7
2284,7,7
2285,7,7
2286,7,7
2287,7,7
2288,7,7
2289,7,7
2290,7,7
2291,7,7
2292,7,7
2293,7,7
2294,7,7
2295,7,7
2296,7,7
2297,7,7
2298,7,7
2299,7,7
2300,7,7
2301,7,7
2302,7,7
2303,7,7
2304,6,8
2305,6,8
2306,6,8
2307,6,8
2308,6,8
2309,6,8
2310,6,8
2311,6,8
2312,6,8
2313,6,8
2314,6,8
2315,6,8
2316,6,8
2317,6,8
2318,6,8
2319,6,8
2320,6,8
2321,6,8
2322,6,8
2323,6,8
2324,6,8
2325,6,8
2326,6,8
2327,6,8
2328,6,8
2329,7,7
2330,7,7
2331,8,6
2332,8,6
2333,8,6
2334,8,6
2335,8,6
2336,7,7
2337,7,7
2338,7,7
2339,7,7
2340,7,7
2341,7,7
2342,7,7
2343,7,7
2344,7,7
2345,7,7
2346,7,7
2347,7,7
2348,7,7
2349,7,7
2350,7,7
2351,7,7
2352,7,7
2353,7,7
2354,7,7
2355,7,7
2356,7,7
2357,7,7
2358,7,7
2359,8,6
2360,8,6
2361,8,6
2362,8,6
2363,8,6
2364,8,6
2365,7,7
2366,7,7
2367,7,7
2368,7,7
2369,8,6
2370,7,7
2371,7,7
2372,7,7
2373,7,7
2374,7,7
2375,6,8
2376,6,8
2377,6,8
2378,6,8
2379,6,8
2380,6,8
2381,6,8
2382,6,8
2383,6,8
2384,6,8
2385,6,8
2386,6,8
2387,6,8
2388,6,8
2389,5,9
2390,5,9
2391,5,9
2392,5,9
2393,5,9
2394,5,9
2395,5,9
2396,5,9
2397,5,9
2398,5,9
2399,5,9
2400,5,9
2401,5,9
2402,5,9
2403,5,9
2404,5,9
2405,5,9
2406,5,9
2407,6,8
2408,6,8
2409,6,8
2410,6,8
2411,6,8
2412,6,8
2413,5,9
2414,6,8
2415,6,8
2416,6,8
2417,6,8
2418,6,8
2419,6,8
2420,6,8
2421,6,8
2422,6,8
2423,6,8
2424,5,9
2425,6,8
2426,6,8
2427,6,8
2428,6,8
2429,6,8
2430,6,8
2431,6,8
2432,6,8
2433,6,8
2434,6,8
2435,6,8
2436,6,8
2437,6,8
2438,6,8
2439,6,8
2440,6,8
2441,6,8
2442,6,8
2443,6,8
2444,7,7
2445,6,8
2446,6,8
2447,7,7
2448,7,7
2449,6,8
2450,6,8
2451,6,8
2452,7,7
2453,7,7
2454,7,7
2455,7,7
2456,7,7
2457,7,7
2458,7,7
2459,7,7
2460,7,7
2461,7,7
2462,7,7
2463,7,7
2464,7,7
2465,7,7
2466,7,7
2467,7,7
2468,7,7
2469,7,7
2470,7,7
2471,7,7
2472,7,7
2473,7,7
2474,7,7
2475,7,7
2476,7,7
2477,7,7
2478,7,7
2479,7,7
2480,8,6
2481,8,6
2482,8,6
2483,8,6
2484,8,6
2485,8,6
2486,7,7
2487,7,7
2488,7,7
2489,6,8
2490,5,9
2491,5,9
2492,5,9
2493,5,9
2494,5,9
2495,5,9
2496,5,9
2497,5,9
2498,5,9
2499,5,9
2500,5,9
2501,5,9
2502,5,9
2503,5,9
2504,5,9
2505,5,9
2506,5,9
2507,5,9
2508,5,9
2509,5,9
2510,5,9
2511,6,8
2512,6,8
2513,6,8
2514,6,8
2515,6,8
2516,6,8
2517,6,8
2518,6,8
2519,6,8
2520,6,8
2521,6,8
2522,6,8
2523,6,8
2524,6,8
2525,6,8
2526,5,9
2527,5,9
2528,5,9
2529,5,9
2530,5,9
2531,5,9
2532,5,9
2533,6,8
2534,5,9
2535,5,9
2536,5,9
2537,5,9
2538,6,8
2539,6,8
2540,6,8
2541,6,8
2542,6,8
2543,6,8
2544,5,9
2545,5,9
2546,6,8
2547,6,8
2548,6,8
2549,6,8
2550,7,7
2551,7,7
2552,7,7
2553,7,7
2554,7,7
2555,7,7
2556,7,7
2557,7,7
2558,7,7
2559,6,8
2560,6,8
2561,6,8
2562,6,8
2563,6,8
2564,6,8
2565,5,9
2566,5,9
2567,6,8
2568,6,8
2569,5,9
2570,5,9
2571,5,9
2572,6,8
2573,5,9
2574,4,10
2575,4,10
2576,4,10
2577,5,9
2578,6,8
2579,6,8
2580,6,8
2581,6,8
2582,6,8
2583,6,8
2584,7,7
2585,7,7
2586,7,7
2587,6,8
2588,6,8
2589,6,8
2590,6,8
2591,6,8
2592,6,8
2593,6,8
2594,6,8
2595,6,8
2596,7,7
2597,6,8
2598,7,7
2599,6,8
2600,6,8
2601,6,8
2602,6,8
2603,6,8
2604,6,8
2605,6,8
2606,6,8
2607,6,8
2608,6,8
2609,6,8
2610,6,8
2611,6,8
2612,6,8
2613,5,9
2614,5,9
2615,6,8
2616,6,8
2617,6,8
2618,6,8
2619,6,8
2620,6,8
2621,5,9
2622,5,9
2623,5,9
2624,5,9
2625,5,9
2626,5,9
2627,5,9
2628,6,8
2629,6,8
2630,6,8
2631,6,8
2632,6,8
2633,6,8
2634,6,8
2635,6,8
2636,6,8
2637,6,8
2638,6,8
2639,6,8
2640,6,8
2641,6,8
2642,6,8
2643,6,8
2644,6,8
2645,6,8
2646,6,8
2647,6,8
2648,6,8
2649,6,8
2650,7,7
2651,7,7
2652,7,7
2653,6,8
2654,7,7
2655,7,7
2656,7,7
2657,7,7
2658,7,7
2659,7,7
2660,7,7
2661,6,8
2662,6,8
2663,7,7
2664,7,7
2665,7,7
2666,7,7
2667,7,7
2668,7,7
2669,7,7
2670,7,7
2671,7,7
2672,7,7
2673,7,7
2674,7,7
2675,7,7
2676,7,7
2677,7,7
2678,7,7
2679,7,7
2680,7,7
2681,7,7
2682,7,7
2683,7,7
2684,7,7
2685,7,7
2686,7,7
2687,8,6
2688,8,6
2689,7,7
2690,7,7
2691,7,7
2692,7,7
2693,7,7
2694,7,7
2695,7,7
2696,7,7
2697,7,7
2698,7,7
2699,6,8
2700,6,8
2701,6,8
2702,6,8
2703,6,8
2704,6,8
2705,6,8
2706,6,8
2707,6,8
2708,7,7
2709,7,7
2710,7,7
2711,7,7
2712,7,7
2713,7,7
2714,6,8
2715,6,8
2716,6,8
2717,6,8
2718,7,7
2719,7,7
2720,7,7
2721,7,7
2722,7,7
2723,7,7
2724,7,7
2725,7,7
2726,7,7
2727,7,7
2728,7,7
2729,7,7
2730,7,7
2731,7,7
2732,7,7
2733,7,7
2734,7,7
2735,7,7
2736,7,7
2737,7,7
2738,7,7
2739,7,7
2740,7,7
2741,7,7
2742,7,7
2743,7,7
2744,6,8
2745,5,9
2746,5,9
2747,6,8
2748,6,8
2749,6,8
2750,6,8
2751,6,8
2752,6,8
2753,6,8
2754,6,8
2755,6,8
2756,6,8
2757,6,8
2758,6,8
2759,6,8
2760,6,8
2761,6,8
2762,6,8
2763,6,8
2764,6,8
2765,7,7
2766,7,7
2767,7,7
2768,7,7
2769,7,7
2770,7,7
2771,7,7
2772,7,7
2773,7,7
2774,7,7
2775,7,7
2776,7,7
2777,7,7
2778,7,7
2779,7,7
2780,7,7
2781,7,7
2782,7,7
2783,7,7
2784,7,7
2785,7,7
2786,7,7
2787,7,7
2788,7,7
2789,7,7
2790,7,7
2791,7,7
2792,7,7
2793,7,7
2794,7,7
2795,7,7
2796,7,7
2797,7,7
2798,7,7
2799,7,7
2800,6,8
2801,6,8
2802,6,8
2803,6,8
2804,6,8
2805,6,8
2806,6,8
2807,6,8
2808,6,8
2809,6,8
2810,6,8
2811,6,8
2812,6,8
2813,6,8
2814,6,8
2815,6,8
2816,5,9
2817,6,8
2818,6,8
2819,6,8
2820,6,8
2821,6,8
2822,6,8
2823,6,8
2824,6,8
2825,6,8
2826,7,7
2827,7,7
2828,7,7
2829,7,7
2830,7,7
2831,7,7
2832,7,7
2833,7,7
2834,7,7
2835,7,7
2836,6,8
2837,7,7
2838,7,7
2839,7,7
2840,7,7
2841,7,7
2842,7,7
2843,7,7
2844,7,7
2845,7,7
2846,7,7
2847,7,7
2848,7,7
2849,7,7
2850,7,7
2851,7,7
2852,7,7
2853,7,7
2854,7,7
2855,7,7
2856,7,7
2857,7,7
2858,7,7
2859,7,7
2860,7,7
2861,7,7
2862,7,7
2863,7,7
2864,7,7
2865,7,7
2866,7,7
2867,7,7
2868,7,7
2869,7,7
2870,7,7
2871,7,7
2872,7,7
2873,7,7
2874,7,7
2875,6,8
2876,6,8
2877,6,8
2878,6,8
2879,6,8
2880,6,8
2881,6,8
2882,6,8
2883,6,8
2884,6,8
2885,6,8
2886,6,8
2887,6,8
2888,6,8
2889,6,8
2890,6,8
2891,6,8
2892,6,8
2893,7,7
2894,7,7
2895,7,7
2896,6,8
2897,6,8
2898,6,8
2899,6,8
2900,5,9
2901,5,9
2902,5,9
2903,5,9
2904,5,9
2905,5,9
2906,5,9
2907,5,9
2908,5,9
2909,6,8
2910,6,8
2911,6,8
2912,6,8
2913,6,8
2914,6,8
2915,6,8
2916,6,8
2917,6,8
2918,6,8
2919,6,8
2920,6,8
2921,6,8
2922,6,8
2923,6,8
2924,6,8
2925,6,8
2926,6,8
2927,6,8
2928,6,8
2929,6,8
2930,6,8
2931,6,8
2932,6,8
2933,6,8
2934,6,8
2935,6,8
2936,6,8
2937,6,8
2938,6,8
2939,6,8
2940,6,8
2941,5,9
2942,5,9
2943,5,9
2944,5,9
2945,5,9
2946,4,10
2947,4,10
2948,4,10
2949,4,10
2950,4,10
2951,4,10
2952,4,10
2953,4,10
2954,4,10
2955,4,10
2956,4,10
2957,4,10
2958,4,10
2959,4,10
2960,4,10
2961,4,10
2962,4,10
2963,4,10
2964,4,10
2965,4,10
2966,4,10
2967,4,10
2968,4,10
2969,3,11
2970,3,11
2971,3,11
2972,4,10
2973,4,10
2974,4,10
2975,5,9
2976,5,9
2977,5,9
2978,5,9
2979,5,9
2980,5,9
2981,5,9
2982,4,10
2983,4,10
2984,5,9
2985,5,9
2986,5,9
2987,5,9
2988,5,9
2989,5,9
2990,5,9
2991,5,9
2992,5,9
2993,5,9
2994,5,9
2995,5,9
2996,5,9
2997,5,9
2998,5,9
2999,5,9
3000,5,9
3001,5,9
3002,5,9
3003,5,9
3004,5,9
3005,5,9
3006,5,9
3007,5,9
3008,5,9
3009,5,9
3010,5,9
3011,5,9
3012,5,9
3013,5,9
3014,5,9
3015,5,9
3016,5,9
3017,5,9
3018,5,9
3019,5,9
3020,5,9
3021,5,9
3022,5,9
3023,5,9
3024,5,9
3025,5,9
3026,5,9
3027,5,9
3028,5,9
3029,5,9
3030,5,9
3031,5,9
3032,5,9
3033,5,9
3034,5,9
3035,5,9
3036,5,9
3037,5,9
3038,5,9
3039,5,9
3040,5,9
3041,5,9
3042,5,9
3043,5,9
3044,5,9
3045,5,9
3046,5,9
3047,5,9
3048,5,9
3049,5,9
3050,5,9
3051,5,9
3052,5,9
3053,5,9
3054,5,9
3055,5,9
3056,5,9
3057,5,9
3058,5,9
3059,5,9
3060,5,9
3061,5,9
3062,5,9
3063,5,9
3064,5,9
3065,5,9
3066,5,9
3067,5,9
3068,5,9
3069,5,9
3070,5,9
3071,5,9
3072,5,9
3073,5,9
3074,5,9
3075,5,9
3076,5,9
3077,5,9
3078,5,9
3079,5,9
3080,5,9
3081,5,9
3082,5,9
3083,5,9
3084,5,9
3085,5,9
3086,5,9
3087,5,9
3088,5,9
3089,5,9
3090,5,9
3091,5,9
3092,5,9
3093,5,9
3094,5,9
3095,5,9
3096,5,9
3097,5,9
3098,5,9
3099,5,9
3100,5,9
3101,5,9
3102,5,9
3103,5,9
3104,5,9
3105,5,9
3106,5,9
3107,5,9
3108,5,9
3109,5,9
3110,5,9
3111,5,9
3112,5,9
3113,5,9
3114,5,9
3115,5,9
3116,5,9
3117,5,9
3118,5,9
3119,5,9
3120,6,8
3121,6,8
3122,6,8
3123,6,8
3124,6,8
3125,6,8
3126,6,8
3127,6,8
3128,6,8
3129,5,9
3130,5,9
3131,5,9
3132,5,9
3133,5,9
3134,5,9
3135,5,9
3136,5,9
3137,5,9
3138,5,9
3139,5,9
3140,5,9
3141,5,9
3142,6,8
3143,6,8
3144,6,8
3145,6,8
3146,5,9
3147,6,8
3148,5,9
3149,5,9
3150,5,9
3151,5,9
3152,5,9
3153,5,9
3154,5,9
3155,5,9
3156,4,10
3157,4,10
3158,4,10
3159,4,10
3160,4,10
3161,4,10
3162,4,10
3163,4,10
3164,4,10
3165,3,11
3166,3,11
3167,3,11
3168,3,11
3169,4,10
3170,4,10
3171,4,10
3172,4,10
3173,4,10
3174,4,10
3175,4,10
3176,4,10
3177,4,10
3178,4,10
3179,4,10
3180,4,10
3181,4,10
3182,4,10
3183,4,10
3184,4,10
3185,4,10
3186,4,10
3187,4,10
3188,4,10
3189,4,10
3190,4,10
3191,4,10
3192,4,10
3193,4,10
3194,4,10
3195,4,10
3196,4,10
3197,4,10
3198,4,10
3199,4,10
3200,5,9
3201,5,9
3202,5,9
3203,5,9
3204,5,9
3205,5,9
3206,5,9
3207,5,9
3208,5,9
3209,5,9
3210,5,9
3211,5,9
3212,5,9
3213,5,9
3214,5,9
3215,5,9
3216,5,9
3217,5,9
3218,5,9
3219,5,9
3220,5,9
3221,5,9
3222,5,9
3223,5,9
3224,5,9
3225,5,9
3226,5,9
3227,5,9
3228,5,9
3229,5,9
3230,5,9
3231,5,9
3232,5,9
3233,5,9
3234,5,9
3235,5,9
3236,5,9
3237,5,9
3238,5,9
3239,5,9
3240,5,9
3241,5,9
3242,5,9
3243,5,9
3244,5,9
3245,5,9
3246,5,9
3247,5,9
3248,5,9
3249,5,9
3250,5,9
3251,5,9
3252,5,9
3253,5,9
3254,5,9
3255,5,9
3256,5,9
3257,5,9
3258,5,9
3259,5,9
3260,5,9
3261,5,9
3262,5,9
3263,5,9
3264,5,9
3265,5,9
3266,5,9
3267,5,9
3268,5,9
3269,5,9
3270,6,8
3271,6,8
3272,6,8
3273,6,8
3274,6,8
3275,5,9
3276,5,9
3277,5,9
3278,5,9
3279,5,9
3280,5,9
3281,5,9
3282,5,9
3283,5,9
3284,5,9
3285,6,8
3286,6,8
3287,6,8
3288,6,8
3289,5,9
3290,5,9
3291,4,10
3292,4,10
3293,4,10
3294,4,10
3295,4,10
3296,4,10
3297,4,10
3298,4,10
3299,4,10
3300,4,10
3301,4,10
3302,4,10
3303,4,10
3304,4,10
3305,4,10
3306,4,10
3307,4,10
3308,4,10
3309,4,10
3310,4,10
3311,4,10
3312,4,10
3313,4,10
3314,4,10
3315,5,9
3316,5,9
3317,5,9
3318,5,9
3319,5,9
3320,5,9
3321,5,9
3322,5,9
3323,5,9
3324,5,9
3325,5,9
3326,5,9
3327,5,9
3328,5,9
3329,5,9
3330,5,9
3331,5,9
3332,5,9
3333,5,9
3334,5,9
3335,5,9
3336,5,9
3337,5,9
3338,6,8
3339,6,8
3340,6,8
3341,6,8
3342,5,9
3343,5,9
3344,5,9
3345,5,9
3346,5,9
3347,6,8
3348,6,8
3349,6,8
3350,6,8
3351,6,8
3352,6,8
3353,6,8
3354,6,8
3355,6,8
3356,6,8
3357,5,9
3358,6,8
3359,6,8
3360,6,8
3361,6,8
3362,6,8
3363,5,9
3364,5,9
3365,5,9
3366,5,9
3367,5,9
3368,5,9
3369,5,9
3370,5,9
3371,5,9
3372,5,9
3373,5,9
3374,5,9
3375,5,9
3376,5,9
3377,5,9
3378,5,9
3379,5,9
3380,5,9
3381,5,9
3382,5,9
3383,5,9
3384,5,9
3385,5,9
3386,5,9
3387,5,9
3388,5,9
3389,5,9
3390,5,9
3391,5,9
3392,5,9
3393,5,9
3394,5,9
3395,5,9
3396,5,9
3397,5,9
3398,5,9
3399,5,9
3400,5,9
3401,5,9
3402,5,9
3403,5,9
3404,5,9
3405,5,9
3406,5,9
3407,5,9
3408,5,9
3409,5,9
3410,5,9
3411,5,9
3412,5,9
3413,5,9
3414,5,9
3415,5,9
3416,5,9
3417,5,9
3418,5,9
3419,5,9
3420,5,9
3421,5,9
3422,5,9
3423,5,9
3424,5,9
3425,5,9
3426,5,9
3427,5,9
3428,5,9
3429,5,9
3430,5,9
3431,5,9
3432,5,9
3433,5,9
3434,5,9
3435,4,10
3436,4,10
3437,5,9
3438,5,9
3439,4,10
3440,4,10
3441,5,9
3442,5,9
3443,5,9
3444,5,9
3445,5,9
3446,5,9
3447,5,9
3448,5,9
3449,5,9
3450,5,9
3451,5,9
3452,5,9
3453,5,9
3454,4,10
3455,5,9
3456,5,9
3457,5,9
3458,5,9
3459,5,9
3460,5,9
3461,5,9
3462,6,8
3463,6,8
3464,6,8
3465,6,8
3466,6,8
3467,6,8
3468,6,8
3469,6,8
3470,6,8
3471,6,8
3472,6,8
3473,6,8
3474,6,8
3475,5,9
3476,5,9
3477,5,9
3478,5,9
3479,5,9
3480,5,9
3481,5,9
3482,5,9
3483,5,9
3484,5,9
3485,5,9
3486,5,9
3487,5,9
3488,6,8
3489,6,8
3490,6,8
3491,6,8
3492,6,8
3493,6,8
3494,5,9
3495,5,9
3496,5,9
3497,4,10
3498,4,10
3499,4,10
3500,4,10
3501,4,10
3502,4,10
3503,4,10
3504,4,10
3505,4,10
3506,4,10
3507,4,10
3508,4,10
3509,4,10
3510,4,10
3511,4,10
3512,4,10
3513,4,10
3514,4,10
3515,4,10
3516,4,10
3517,4,10
3518,4,10
3519,4,10
3520,4,10
3521,4,10
3522,4,10
3523,4,10
3524,4,10
3525,4,10
3526,4,10
3527,4,10
3528,4,10
3529,4,10
3530,4,10
3531,4,10
3532,4,10
3533,4,10
3534,4,10
3535,4,10
3536,4,10
3537,4,10
3538,4,10
3539,4,10
3540,5,9
3541,5,9
3542,5,9
3543,5,9
3544,5,9
3545,5,9
3546,5,9
3547,5,9
3548,5,9
3549,5,9
3550,5,9
3551,5,9
3552,5,9
3553,5,9
3554,5,9
3555,5,9
3556,5,9
3557,5,9
3558,5,9
3559,5,9
3560,5,9
3561,5,9
3562,5,9
3563,5,9
3564,5,9
3565,5,9
3566,5,9
3567,5,9
3568,5,9
3569,5,9
3570,5,9
3571,5,9
3572,5,9
3573,5,9
3574,4,10
3575,4,10
3576,4,10
3577,5,9
3578,5,9
3579,5,9
3580,5,9
3581,5,9
3582,5,9
3583,5,9
3584,5,9
3585,5,9
3586,4,10
3587,4,10
3588,4,10
3589,4,10
3590,4,10
3591,4,10
3592,4,10
3593,4,10
3594,4,10
3595,5,9
3596,5,9
3597,5,9
3598,5,9
3599,5,9
3600,5,9
3601,5,9
3602,5,9
3603,5,9
3604,5,9
3605,5,9
3606,5,9
3607,5,9
3608,5,9
3609,5,9
3610,5,9
3611,5,9
3612,5,9
3613,5,9
3614,5,9
3615,5,9
3616,5,9
3617,5,9
3618,5,9
3619,5,9
3620,5,9
3621,5,9
3622,5,9
3623,5,9
3624,5,9
3625,5,9
3626,5,9
3627,5,9
3628,5,9
3629,5,9
3630,5,9
3631,5,9
3632,4,10
3633,4,10
3634,4,10
3635,4,10
3636,4,10
3637,4,10
3638,4,10
3639,4,10
3640,4,10
3641,4,10
3642,4,10
3643,4,10
3644,4,10
3645,4,10
3646,4,10
3647,4,10
3648,4,10
3649,4,10
3650,4,10
3651,4,10
3652,4,10
3653,4,10
3654,4,10
3655,4,10
3656,4,10
3657,4,10
3658,4,10
3659,4,10
3660,5,9
3661,5,9
3662,5,9
3663,5,9
3664,5,9
3665,5,9
3666,5,9
3667,5,9
3668,5,9
3669,5,9
3670,5,9
3671,5,9
3672,5,9
3673,5,9
3674,5,9
3675,5,9
3676,5,9
3677,5,9
3678,5,9
3679,5,9
3680,5,9
3681,5,9
3682,5,9
3683,5,9
3684,5,9
3685,4,10
3686,4,10
3687,4,10
3688,4,10
3689,4,10
3690,4,10
3691,4,10
3692,4,10
3693,4,10
3694,4,10
3695,4,10
3696,4,10
3697,4,10
3698,4,10
3699,4,10
3700,4,10
3701,5,9
3702,5,9
3703,5,9
3704,4,10
3705,5,9
3706,5,9
3707,5,9
3708,6,8
3709,6,8
3710,6,8
3711,6,8
3712,6,8
3713,6,8
3714,6,8
3715,6,8
3716,6,8
3717,6,8
3718,6,8
3719,6,8
3720,6,8
3721,6,8
3722,6,8
3723,6,8
3724,6,8
3725,6,8
3726,6,8
3727,6,8
3728,6,8
3729,6,8
3730,6,8
3731,6,8
3732,6,8
3733,6,8
3734,6,8
3735,6,8
3736,6,8
3737,6,8
3738,6,8
3739,6,8
3740,6,8
3741,6,8
3742,6,8
3743,6,8
3744,6,8
3745,6,8
3746,6,8
3747,6,8
3748,6,8
3749,6,8
3750,6,8
3751,6,8
3752,6,8
3753,6,8
3754,6,8
3755,6,8
3756,6,8
3757,6,8
3758,6,8
3759,6,8
3760,6,8
3761,6,8
3762,5,9
3763,5,9
3764,5,9
3765,5,9
3766,5,9
3767,5,9
3768,5,9
3769,5,9
3770,5,9
3771,5,9
3772,5,9
3773,5,9
3774,5,9
3775,5,9
3776,5,9
3777,5,9
3778,5,9
3779,5,9
3780,5,9
3781,5,9
3782,5,9
3783,5,9
3784,5,9
3785,5,9
3786,5,9
3787,5,9
3788,5,9
3789,5,9
3790,5,9
3791,5,9
3792,5,9
3793,5,9
3794,5,9
3795,5,9
3796,5,9
3797,5,9
3798,5,9
3799,5,9
3800,4,10
3801,4,10
3802,5,9
3803,5,9
3804,4,10
3805,5,9
3806,5,9
3807,5,9
3808,5,9
3809,5,9
3810,5,9
3811,5,9
3812,5,9
3813,5,9
3814,5,9
3815,5,9
3816,5,9
3817,5,9
3818,5,9
3819,5,9
3820,5,9
3821,5,9
3822,5,9
3823,5,9
3824,5,9
3825,5,9
3826,5,9
3827,5,9
3828,5,9
3829,5,9
3830,5,9
3831,5,9
3832,5,9
3833,5,9
3834,5,9
3835,5,9
3836,5,9
3837,5,9
3838,5,9
3839,5,9
3840,5,9
3841,4,10
3842,4,10
3843,4,10
3844,4,10
3845,4,10
3846,4,10
3847,4,10
3848,4,10
3849,4,10
3850,4,10
3851,4,10
3852,5,9
3853,6,8
3854,6,8
3855,6,8
3856,6,8
3857,7,7
3858,7,7
3859,7,7
3860,7,7
3861,7,7
3862,8,6
3863,8,6
3864,8,6
3865,8,6
3866,7,7
3867,7,7
3868,7,7
3869,7,7
3870,7,7
3871,7,7
3872,7,7
3873,7,7
3874,7,7
3875,7,7
3876,7,7
3877,7,7
3878,7,7
3879,7,7
3880,7,7
3881,7,7
3882,7,7
3883,7,7
3884,7,7
3885,6,8
3886,6,8
3887,6,8
3888,7,7
3889,7,7
3890,7,7
3891,7,7
3892,7,7
3893,6,8
3894,6,8
3895,6,8
3896,6,8
3897,6,8
3898,6,8
3899,6,8
3900,6,8
3901,6,8
3902,6,8
3903,6,8
3904,6,8
3905,6,8
3906,6,8
3907,6,8
3908,6,8
3909,6,8
3910,6,8
3911,6,8
3912,6,8
3913,6,8
3914,6,8
3915,6,8
3916,6,8
3917,6,8
3918,6,8
3919,6,8
3920,6,8
3921,6,8
3922,6,8
3923,6,8
3924,6,8
3925,6,8
3926,6,8
3927,6,8
3928,6,8
3929,6,8
3930,6,8
3931,5,9
3932,5,9
3933,5,9
3934,4,10
3935,4,10
3936,4,10
3937,4,10
3938,5,9
3939,5,9
3940,6,8
3941,6,8
3942,6,8
3943,6,8
3944,6,8
3945,6,8
3946,6,8
3947,6,8
3948,6,8
3949,6,8
3950,5,9
3951,5,9
3952,6,8
3953,5,9
3954,5,9
3955,5,9
3956,5,9
3957,5,9
3958,5,9
3959,5,9
3960,5,9
3961,5,9
3962,5,9
3963,5,9
3964,5,9
3965,6,8
3966,6,8
3967,7,7
3968,6,8
3969,6,8
3970,6,8
3971,6,8
3972,6,8
3973,6,8
3974,6,8
3975,6,8
3976,6,8
3977,5,9
3978,5,9
3979,6,8
3980,6,8
3981,6,8
3982,6,8
3983,6,8
3984,6,8
3985,6,8
3986,6,8
3987,6,8
3988,6,8
3989,6,8
3990,6,8
3991,6,8
3992,6,8
3993,6,8
3994,6,8
3995,6,8
3996,6,8
3997,6,8
3998,6,8
3999,5,9
4000,5,9
4001,5,9
4002,5,9
4003,5,9
4004,6,8
4005,6,8
4006,6,8
4007,6,8
4008,6,8
4009,6,8
4010,6,8
4011,6,8
4012,5,9
4013,5,9
4014,5,9
4015,5,9
4016,5,9
4017,5,9
4018,5,9
4019,5,9
4020,5,9
4021,5,9
4022,5,9
4023,5,9
4024,5,9
4025,5,9
4026,5,9
4027,5,9
4028,5,9
4029,5,9
4030,5,9
4031,5,9
4032,5,9
4033,5,9
4034,5,9
4035,5,9
4036,5,9
4037,5,9
4038,5,9
4039,5,9
4040,5,9
4041,5,9
4042,5,9
4043,5,9
4044,5,9
4045,5,9
4046,5,9
4047,5,9
4048,5,9
4049,5,9
4050,5,9
4051,5,9
4052,5,9
4053,5,9
4054,5,9
4055,5,9
4056,5,9
4057,5,9
4058,6,8
4059,6,8
4060,6,8
4061,6,8
4062,6,8
4063,6,8
4064,6,8
4065,5,9
4066,5,9
4067,5,9
4068,5,9
4069,5,9
4070,5,9
4071,5,9
4072,5,9
4073,5,9
4074,5,9
4075,5,9
4076,5,9
4077,5,9
4078,5,9
4079,5,9
4080,6,8
4081,6,8
4082,6,8
4083,6,8
4084,6,8
4085,6,8
4086,6,8
4087,6,8
4088,6,8
4089,6,8
4090,6,8
4091,5,9
4092,5,9
4093,5,9
4094,5,9
4095,5,9
4096,5,9
4097,5,9
4098,5,9
4099,5,9
4100,5,9
4101,5,9
4102,5,9
4103,5,9
4104,5,9
4105,5,9
4106,5,9
4107,5,9
4108,5,9
4109,5,9
4110,5,9
4111,5,9
4112,5,9
4113,5,9
4114,6,8
4115,6,8
4116,6,8
4117,6,8
4118,7,7
4119,7,7
4120,7,7
4121,7,7
4122,7,7
4123,7,7
4124,7,7
4125,7,7
4126,7,7
4127,7,7
4128,7,7
4129,7,7
4130,7,7
4131,8,6
4132,8,6
4133,8,6
4134,8,6
4135,8,6
4136,8,6
4137,8,6
4138,8,6
4139,7,7
4140,7,7
4141,7,7
4142,8,6
4143,8,6
4144,8,6
4145,8,6
4146,8,6
4147,7,7
4148,7,7
4149,7,7
4150,7,7
4151,7,7
4152,7,7
4153,7,7
4154,7,7
4155,7,7
4156,7,7
4157,7,7
4158,7,7
4159,7,7
4160,7,7
4161,7,7
4162,7,7
4163,7,7
4164,7,7
4165,7,7
4166,7,7
4167,7,7
4168,7,7
4169,7,7
4170,7,7
4171,7,7
4172,7,7
4173,7,7
4174,7,7
4175,7,7
4176,7,7
4177,7,7
4178,7,7
4179,7,7
4180,7,7
4181,7,7
4182,7,7
4183,7,7
4184,7,7
4185,7,7
4186,7,7
4187,7,7
4188,7,7
4189,7,7
4190,7,7
4191,7,7
4192,7,7
4193,7,7
4194,7,7
4195,7,7
4196,7,7
4197,7,7
4198,7,7
4199,7,7
4200,7,7
4201,7,7
4202,7,7
4203,7,7
4204,7,7
4205,7,7
4206,7,7
4207,7,7
4208,7,7
4209,7,7
4210,7,7
4211,7,7
4212,7,7
4213,7,7
4214,7,7
4215,7,7
4216,7,7
4217,7,7
4218,7,7
4219,7,7
4220,7,7
4221,7,7
4222,7,7
4223,7,7
4224,7,7
4225,7,7
4226,7,7
4227,7,7
4228,7,7
4229,7,7
4230,7,7
4231,6,8
4232,6,8
4233,6,8
4234,6,8
4235,6,8
4236,6,8
4237,6,8
4238,6,8
4239,6,8
4240,6,8
4241,6,8
4242,6,8
4243,6,8
4244,6,8
4245,6,8
4246,6,8
4247,6,8
4248,6,8
4249,6,8
4250,6,8
4251,6,8
4252,6,8
4253,6,8
4254,6,8
4255,6,8
4256,6,8
4257,6,8
4258,7,7
4259,7,7
4260,7,7
4261,7,7
4262,7,7
4263,7,7
4264,7,7
4265,7,7
4266,7,7
4267,7,7
4268,7,7
4269,7,7
4270,7,7
4271,7,7
4272,7,7
4273,7,7
4274,7,7
4275,7,7
4276,6,8
4277,6,8
4278,6,8
4279,7,7
4280,6,8
4281,6,8
4282,6,8
4283,6,8
4284,6,8
4285,7,7
4286,7,7
4287,7,7
4288,7,7
4289,7,7
4290,7,7
4291,7,7
4292,6,8
4293,6,8
4294,6,8
4295,6,8
4296,6,8
4297,6,8
4298,6,8
4299,6,8
4300,5,9
4301,5,9
4302,5,9
4303,5,9
4304,6,8
4305,6,8
4306,7,7
4307,7,7
4308,7,7
4309,7,7
4310,7,7
4311,7,7
4312,6,8
4313,6,8
4314,6,8
4315,6,8
4316,6,8
4317,6,8
4318,6,8
4319,6,8
4320,6,8
4321,6,8
4322,6,8
4323,6,8
4324,6,8
4325,6,8
4326,6,8
4327,6,8
4328,6,8
4329,6,8
4330,6,8
4331,6,8
4332,6,8
4333,6,8
4334,6,8
4335,6,8
4336,5,9
4337,5,9
4338,5,9
4339,5,9
4340,5,9
4341,5,9
4342,5,9
4343,5,9
4344,5,9
4345,5,9
4346,6,8
4347,6,8
4348,6,8
4349,6,8
4350,6,8
4351,6,8
4352,6,8
4353,6,8
4354,6,8
4355,6,8
4356,6,8
4357,6,8
4358,6,8
4359,6,8
4360,6,8
4361,6,8
4362,6,8
4363,6,8
4364,6,8
4365,6,8
4366,6,8
4367,6,8
4368,6,8
4369,5,9
4370,5,9
4371,5,9
4372,5,9
4373,5,9
4374,5,9
4375,5,9
4376,5,9
4377,5,9
4378,5,9
4379,5,9
4380,5,9
4381,5,9
4382,5,9
4383,6,8
4384,6,8
4385,6,8
4386,6,8
4387,6,8
4388,6,8
4389,6,8
4390,6,8
4391,6,8
4392,6,8
4393,6,8
4394,6,8
4395,6,8
4396,6,8
4397,6,8
4398,6,8
4399,6,8
4400,6,8
4401,6,8
4402,6,8
4403,6,8
4404,6,8
4405,6,8
4406,6,8
4407,6,8
4408,6,8
4409,6,8
4410,6,8
4411,6,8
4412,6,8
4413,6,8
4414,6,8
4415,5,9
4416,5,9
4417,5,9
4418,5,9
4419,5,9
4420,6,8
4421,6,8
4422,6,8
4423,6,8
4424,6,8
4425,5,9
4426,5,9
4427,5,9
4428,5,9
4429,5,9
4430,5,9
4431,5,9
4432,5,9
4433,6,8
4434,6,8
4435,7,7
4436,7,7
4437,7,7
4438,7,7
4439,7,7
4440,7,7
4441,7,7
4442,7,7
4443,7,7
4444,7,7
4445,7,7
4446,7,7
4447,7,7
4448,7,7
4449,7,7
4450,7,7
4451,7,7
4452,7,7
4453,7,7
4454,6,8
4455,6,8
4456,6,8
4457,6,8
4458,6,8
4459,6,8
4460,6,8
4461,6,8
4462,6,8
4463,6,8
4464,6,8
4465,6,8
4466,6,8
4467,6,8
4468,6,8
4469,6,8
4470,6,8
4471,6,8
4472,6,8
4473,6,8
4474,6,8
4475,6,8
4476,6,8
4477,6,8
4478,6,8
4479,6,8
4480,6,8
4481,6,8
4482,6,8
4483,6,8
4484,6,8
4485,6,8
4486,6,8
4487,6,8
4488,6,8
4489,6,8
4490,6,8
4491,6,8
4492,6,8
4493,6,8
4494,6,8
4495,6,8
4496,6,8
4497,6,8
4498,6,8
4499,6,8
4500,6,8
4501,5,9
4502,5,9
4503,5,9
4504,5,9
4505,5,9
4506,5,9
4507,5,9
4508,5,9
4509,5,9
4510,6,8
4511,6,8
4512,6,8
4513,6,8
4514,5,9
4515,5,9
4516,5,9
4517,6,8
4518,7,7
4519,6,8
4520,6,8
4521,6,8
4522,6,8
4523,6,8
4524,6,8
4525,6,8
4526,6,8
4527,6,8
4528,6,8
4529,6,8
4530,6,8
4531,6,8
4532,6,8
4533,6,8
4534,6,8
4535,6,8
4536,6,8
4537,6,8
4538,6,8
4539,6,8
4540,6,8
4541,6,8
4542,6,8
4543,6,8
4544,6,8
4545,6,8
4546,5,9
4547,5,9
4548,5,9
4549,6,8
4550,6,8
4551,6,8
4552,6,8
4553,6,8
4554,6,8
4555,6,8
4556,6,8
4557,6,8
4558,6,8
4559,6,8
4560,6,8
4561,6,8
4562,6,8
4563,6,8
4564,6,8
4565,6,8
4566,6,8
4567,6,8
4568,6,8
4569,6,8
4570,6,8
4571,6,8
4572,6,8
4573,6,8
4574,7,7
4575,7,7
4576,7,7
4577,7,7
4578,7,7
4579,6,8
4580,6,8
4581,6,8
4582,6,8
4583,6,8
4584,6,8
4585,6,8
4586,6,8
4587,6,8
4588,6,8
4589,6,8
4590,6,8
4591,6,8
4592,6,8
4593,6,8
4594,6,8
4595,5,9
4596,4,10
4597,5,9
4598,5,9
4599,5,9
4600,5,9
4601,5,9
4602,5,9
4603,4,10
4604,4,10
4605,4,10
4606,4,10
4607,3,11
4608,3,11
4609,3,11
4610,3,11
4611,3,11
4612,3,11
4613,3,11
4614,3,11
4615,3,11
4616,3,11
4617,3,11
4618,3,11
4619,3,11
4620,3,11
4621,3,11
4622,3,11
4623,3,11
4624,3,11
4625,3,11
4626,3,11
4627,3,11
4628,3,11
4629,3,11
4630,3,11
4631,3,11
4632,3,11
4633,4,10
4634,4,10
4635,4,10
4636,4,10
4637,3,11
4638,3,11
4639,3,11
4640,3,11
4641,3,11
4642,4,10
4643,4,10
4644,4,10
4645,4,10
4646,4,10
4647,4,10
4648,4,10
4649,4,10
4650,4,10
4651,4,10
4652,4,10
4653,4,10
4654,4,10
4655,4,10
4656,4,10
4657,4,10
4658,4,10
4659,4,10
4660,4,10
4661,4,10
4662,4,10
4663,4,10
4664,4,10
4665,4,10
4666,4,10
4667,4,10
4668,4,10
4669,4,10
4670,4,10
4671,4,10
4672,4,10
4673,4,10
4674,4,10
4675,4,10
4676,4,10
4677,4,10
4678,4,10
4679,4,10
4680,4,10
4681,5,9
4682,5,9
4683,5,9
4684,5,9
4685,5,9
4686,4,10
4687,4,10
4688,5,9
4689,5,9
4690,5,9
4691,5,9
4692,6,8
4693,6,8
4694,6,8
4695,6,8
4696,7,7
4697,7,7
4698,6,8
4699,6,8
4700,6,8
4701,6,8
4702,6,8
4703,6,8
4704,6,8
4705,6,8
4706,6,8
4707,6,8
4708,6,8
4709,6,8
4710,6,8
4711,6,8
4712,6,8
4713,6,8
4714,6,8
4715,6,8
4716,6,8
4717,6,8
4718,6,8
4719,6,8
4720,6,8
4721,6,8
4722,6,8
4723,6,8
4724,6,8
4725,6,8
4726,6,8
4727,6,8
4728,6,8
4729,6,8
4730,6,8
4731,6,8
4732,6,8
4733,6,8
4734,6,8
4735,6,8
4736,6,8
4737,7,7
4738,6,8
4739,6,8
4740,6,8
4741,5,9
4742,5,9
4743,5,9
4744,5,9
4745,5,9
4746,6,8
4747,6,8
4748,6,8
4749,6,8
4750,5,9
4751,6,8
4752,6,8
4753,6,8
4754,5,9
4755,6,8
4756,6,8
4757,6,8
4758,6,8
4759,6,8
4760,6,8
4761,6,8
4762,6,8
4763,6,8
4764,6,8
4765,6,8
4766,7,7
4767,7,7
4768,6,8
4769,6,8
4770,6,8
4771,6,8
4772,6,8
4773,6,8
4774,6,8
4775,6,8
4776,6,8
4777,6,8
4778,5,9
4779,5,9
4780,5,9
4781,5,9
4782,5,9
4783,5,9
4784,6,8
4785,6,8
4786,7,7
4787,7,7
4788,7,7
4789,8,6
4790,8,6
4791,8,6
4792,8,6
4793,8,6
4794,8,6
4795,8,6
4796,8,6
4797,8,6
4798,8,6
4799,8,6
4800,8,6
4801,8,6
4802,8,6
4803,7,7
4804,7,7
4805,7,7
4806,7,7
4807,7,7
4808,7,7
4809,7,7
4810,7,7
4811,6,8
4812,6,8
4813,6,8
4814,6,8
4815,6,8
4816,6,8
4817,6,8
4818,6,8
4819,6,8
4820,6,8
4821,6,8
4822,6,8
4823,6,8
4824,6,8
4825,6,8
4826,6,8
4827,6,8
4828,6,8
4829,7,7
4830,6,8
4831,6,8
4832,6,8
4833,6,8
4834,6,8
4835,6,8
4836,6,8
4837,6,8
4838,6,8
4839,6,8
4840,6,8
4841,6,8
4842,6,8
4843,6,8
4844,6,8
4845,6,8
4846,6,8
4847,6,8
4848,6,8
4849,5,9
4850,5,9
4851,5,9
4852,5,9
4853,5,9
4854,5,9
4855,5,9
4856,5,9
4857,5,9
4858,5,9
4859,5,9
4860,5,9
4861,5,9
4862,5,9
4863,5,9
4864,5,9
4865,5,9
4866,5,9
4867,5,9
4868,5,9
4869,5,9
4870,5,9
4871,5,9
4872,5,9
4873,5,9
4874,4,10
4875,4,10
4876,4,10
4877,4,10
4878,4,10
4879,4,10
4880,4,10
4881,4,10
4882,5,9
4883,5,9
4884,5,9
4885,5,9
4886,5,9
4887,5,9
4888,5,9
4889,5,9
4890,5,9
4891,5,9
4892,5,9
4893,5,9
4894,5,9
4895,5,9
4896,4,10
4897,4,10
4898,4,10
4899,4,10
4900,4,10
4901,4,10
4902,4,10
4903,4,10
4904,4,10
4905,4,10
4906,4,10
4907,5,9
4908,5,9
4909,5,9
4910,5,9
4911,5,9
4912,5,9
4913,5,9
4914,5,9
4915,5,9
4916,5,9
4917,5,9
4918,5,9
4919,5,9
4920,5,9
4921,5,9
4922,5,9
4923,5,9
4924,5,9
4925,5,9
4926,5,9
4927,5,9
4928,5,9
4929,5,9
4930,6,8
4931,6,8
4932,6,8
4933,6,8
4934,6,8
4935,6,8
4936,6,8
4937,6,8
4938,6,8
4939,6,8
4940,6,8
4941,6,8
4942,6,8
4943,6,8
4944,6,8
4945,6,8
4946,6,8
4947,6,8
4948,6,8
4949,6,8
4950,6,8
4951,6,8
4952,5,9
4953,5,9
4954,5,9
4955,5,9
4956,5,9
4957,5,9
4958,5,9
4959,6,8
4960,6,8
4961,6,8
4962,6,8
4963,6,8
4964,6,8
4965,6,8
4966,6,8
4967,6,8
4968,6,8
4969,6,8
4970,6,8
4971,6,8
4972,6,8
4973,6,8
4974,6,8
4975,6,8
4976,6,8
4977,6,8
4978,6,8
4979,6,8
4980,6,8
4981,6,8
4982,6,8
4983,6,8
4984,5,9
4985,5,9
4986,5,9
4987,5,9
4988,5,9
4989,5,9
4990,5,9
4991,5,9
4992,5,9
4993,5,9
4994,5,9
4995,5,9
4996,5,9
4997,5,9
4998,5,9
4999,5,9
