UNIQUE_ID,num_neighbors
APPLING-:-1B,6.0
APPLING-:-1C,6.0
APPLING-:-2,5.0
APPLING-:-3A1,7.0
APPLING-:-3C,7.0
APPLING-:-4B,6.0
APPLING-:-4D,5.0
APPLING-:-5A,5.0
APPLING-:-5B,6.0
ATKINSON-:-AXSON,6.0
ATKINSON-:-PEARSON CITY,1.0
ATKINSON-:-PEARSON COUNTY,7.0
ATKINSON-:-WILLACOOCHEE,6.0
BACON-:-DOUGLAS,11.0
BAKER-:-ANNA,5.0
BAKER-:-ELMODEL,4.0
BAKER-:-HOGGARDS MILL,8.0
BAKER-:-MILFORD,10.0
BAKER-:-NEWTON,4.0
BALDWIN-:-CITY HALL ANNEX,7.0
BALDWIN-:-COOPERS,6.0
BALDWIN-:-COURTHOUSE,4.0
BALDWIN-:-EAST BALDWIN,12.0
BALDWIN-:-EAST HARDWICK,4.0
BALDWIN-:-EAST MILLEDGEVILLE,5.0
BALDWIN-:-MERIWETHER,6.0
BALDWIN-:-NORTH BALDWIN,6.0
BALDWIN-:-NORTH MILLEDGEVILLE,6.0
BALDWIN-:-SCOTTSBORO,6.0
BALDWIN-:-SOUTH MILLEDGEVILLE,6.0
BALDWIN-:-WEST BALDWIN,6.0
BALDWIN-:-WEST HARDWICK,7.0
BALDWIN-:-WEST THOMAS,6.0
BANKS-:-ANDERSON,5.0
BANKS-:-BALDWIN,5.0
BANKS-:-BERLIN,4.0
BANKS-:-BUSHVILLE,7.0
BANKS-:-COLUMBIA,6.0
BANKS-:-DAVIDS,4.0
BANKS-:-GOLDEN HILL,6.0
BANKS-:-GROVE RIVER,5.0
BANKS-:-HOLLINGSWORTH,6.0
BANKS-:-HOMER,7.0
BANKS-:-POPLAR SPRINGS,5.0
BANKS-:-WASHINGTON,5.0
BANKS-:-WILMONTS,5.0
BARROW-:-1,6.0
BARROW-:-13,6.0
BARROW-:-16,7.0
BARROW-:-2,7.0
BARROW-:-3,5.0
BARROW-:-4,5.0
BARROW-:-5,7.0
BARROW-:-8,5.0
BARTOW-:-ADAIRSVILLE,6.0
BARTOW-:-ALLATOONA,7.0
BARTOW-:-CARTERSVILLE EAST,7.0
BARTOW-:-CARTERSVILLE WEST,5.0
BARTOW-:-CASSVILLE,4.0
BARTOW-:-CENTER,6.0
BARTOW-:-EMERSON,10.0
BARTOW-:-EUHARLEE,3.0
BARTOW-:-FOLSOM,5.0
BARTOW-:-HAMILTON CROSSING,7.0
BARTOW-:-KINGSTON,7.0
BARTOW-:-MISSION ROAD,8.0
BARTOW-:-PINE LOG,6.0
BARTOW-:-TAYLORSVILLE,9.0
BARTOW-:-WHITE,9.0
BARTOW-:-WOODLAND,5.0
BARTOW-:-ZENA DRIVE,8.0
BEN HILL-:-EAST,9.0
BERRIEN-:-ALAPAHA,6.0
BERRIEN-:-ENIGMA,4.0
BERRIEN-:-NASHVILLE,7.0
BERRIEN-:-RAY CITY,6.0
BERRIEN-:-WEST BERRIEN,7.0
BIBB-:-EAST MACON 1,5.0
BIBB-:-EAST MACON 2,5.0
BIBB-:-EAST MACON 3,6.0
BIBB-:-EAST MACON 4,4.0
BIBB-:-EAST MACON 5,8.0
BIBB-:-GODFREY 1,11.0
BIBB-:-GODFREY 2,4.0
BIBB-:-GODFREY 3,6.0
BIBB-:-GODFREY 4,4.0
BIBB-:-GODFREY 5,5.0
BIBB-:-HAZZARD 1,3.0
BIBB-:-HAZZARD 2,3.0
BIBB-:-HAZZARD 3,9.0
BIBB-:-HAZZARD 4,6.0
BIBB-:-HOWARD 1,6.0
BIBB-:-HOWARD 2,6.0
BIBB-:-HOWARD 3,7.0
BIBB-:-HOWARD 4,7.0
BIBB-:-HOWARD 5,4.0
BIBB-:-HOWARD 6,7.0
BIBB-:-HOWARD 7,4.0
BIBB-:-RUTLAND 1,6.0
BIBB-:-RUTLAND 2,8.0
BIBB-:-VINEVILLE 1,7.0
BIBB-:-VINEVILLE 2,3.0
BIBB-:-VINEVILLE 3,3.0
BIBB-:-VINEVILLE 4,5.0
BIBB-:-VINEVILLE 5,4.0
BIBB-:-VINEVILLE 6,8.0
BIBB-:-WARRIOR 1,6.0
BIBB-:-WARRIOR 2,5.0
BLECKLEY-:-1,10.0
BRANTLEY-:-HOBOKEN,8.0
BRANTLEY-:-NAHUNTA,7.0
BRANTLEY-:-WAYNESVILLE,6.0
BROOKS-:-BARWICK,6.0
BROOKS-:-BRIGGS,3.0
BROOKS-:-DIXIE,4.0
BROOKS-:-MORVEN,8.0
BROOKS-:-NANKIN,4.0
BROOKS-:-PAVO,5.0
BROOKS-:-QUITMAN,6.0
BRYAN-:-DANIEL SIDING,6.0
BRYAN-:-DEVAUL HENDERSON PARK GYM,6.0
BRYAN-:-FIRST BAPTIST CHURCH,7.0
BRYAN-:-FTSTEW,10.0
BRYAN-:-HARN COMMUNITY CENTER,5.0
BRYAN-:-LANIER,4.0
BRYAN-:-NEW BEGINNINGS,6.0
BRYAN-:-OLIVE BRANCH BAPTIST,7.0
BRYAN-:-SPIRIT OF PEACE LUTHERAN CHURCH,3.0
BRYAN-:-TIMBER TRAIL,3.0
BRYAN-:-WETLANDS CENTER,5.0
BULLOCH-:-BAY,5.0
BULLOCH-:-BLITCH,5.0
BULLOCH-:-BROOKLET,7.0
BULLOCH-:-CHURCH,6.0
BULLOCH-:-EMIT,4.0
BULLOCH-:-FAIR,7.0
BULLOCH-:-HAGIN,7.0
BULLOCH-:-LEEFIELD,5.0
BULLOCH-:-LOCKHART,5.0
BULLOCH-:-NEVILS,6.0
BULLOCH-:-PITTMAN PARK,3.0
BULLOCH-:-PORTAL,8.0
BULLOCH-:-REGISTER,4.0
BULLOCH-:-SINKHOLE,5.0
BULLOCH-:-STATESBORO,6.0
BULLOCH-:-STILSON,7.0
BURKE-:-ALEXANDER,5.0
BURKE-:-BLAKENEY,7.0
BURKE-:-FOUR POINTS,9.0
BURKE-:-GIRARD,5.0
BURKE-:-GOUGH,5.0
BURKE-:-GREENSCUT,4.0
BURKE-:-KEYSVILLE,6.0
BURKE-:-MIDVILLE,6.0
BURKE-:-MUNNERLYN,5.0
BURKE-:-NORTH WAYNESBORO,7.0
BURKE-:-SARDIS,5.0
BURKE-:-SCOTTS CROSSROADS,6.0
BURKE-:-SOUTH WAYNESBORO,4.0
BURKE-:-ST. CLAIR,6.0
BURKE-:-TELFAIR,3.0
BURKE-:-VIDETTE,5.0
BUTTS-:-BUTTS COUNTY ADMIN BUILDING,14.0
CALHOUN-:-ARLINGTON,3.0
CALHOUN-:-EDISON,2.0
CALHOUN-:-EDISON-ARLINGTON,7.0
CALHOUN-:-LEARY,6.0
CALHOUN-:-MORGAN,8.0
CAMDEN-:-EAST KINGSLAND,4.0
CAMDEN-:-HARRIETTS BLUFF,5.0
CAMDEN-:-HISTORIC KINGSLAND,5.0
CAMDEN-:-NORTH ST. MARYS,7.0
CAMDEN-:-SOUTH ST. MARYS,2.0
CAMDEN-:-ST. MARYS,4.0
CAMDEN-:-TARBORO,8.0
CAMDEN-:-WAVERLY,5.0
CAMDEN-:-WEST KINGSLAND,4.0
CAMDEN-:-WEST SAINT MARYS,5.0
CAMDEN-:-WOODBINE,6.0
CANDLER-:-JACK STRICKLAND COMMUNITY CENTER,10.0
CARROLL-:-BETHANY,6.0
CARROLL-:-BONNER REC CTR,6.0
CARROLL-:-BOWDEN SR CTR,3.0
CARROLL-:-CARROLL EMC,6.0
CARROLL-:-CATHERINE HARDY,9.0
CARROLL-:-CENTER POINT,6.0
CARROLL-:-CLEM COMM CTR,7.0
CARROLL-:-FAIRFIELD REC CTR,4.0
CARROLL-:-KANSAS,4.0
CARROLL-:-LAKESHORE REC CTR,5.0
CARROLL-:-MARS HILL,7.0
CARROLL-:-MIDWAY,7.0
CARROLL-:-MOUNT HOLLY,5.0
CARROLL-:-MT ZION,6.0
CARROLL-:-NEVA LOMASON,3.0
CARROLL-:-OAK GROVE,5.0
CARROLL-:-OLD CAMP CHURCH,5.0
CARROLL-:-POWELL PARK REC CTR,4.0
CARROLL-:-ROOPVILLE,7.0
CARROLL-:-SHILOH,7.0
CARROLL-:-TABERNACLE,5.0
CARROLL-:-TEMPLE CITY,4.0
CARROLL-:-TEMPLE COUNTY,9.0
CARROLL-:-TOWNSEND CTR UWG,5.0
CARROLL-:-TYUS,5.0
CARROLL-:-VR GOLD DUST PARK,5.0
CARROLL-:-VR SPORTS COMPLEX,6.0
CARROLL-:-WHITESBURG REC DEPT,9.0
CATOOSA-:-BLACKSTOCK,6.0
CATOOSA-:-BOYNTON,6.0
CATOOSA-:-CATOOSA KEITH,5.0
CATOOSA-:-CHAMBERS,6.0
CATOOSA-:-FT OGLETHORPE,6.0
CATOOSA-:-GRAYSVILLE,3.0
CATOOSA-:-LAKEVIEW,4.0
CATOOSA-:-POPLAR SPRINGS,5.0
CATOOSA-:-RINGGOLD,5.0
CATOOSA-:-WESTSIDE,4.0
CATOOSA-:-WOODSTATION,5.0
CHARLTON-:-FOLKSTON,7.0
CHARLTON-:-GA BEND,1.0
CHARLTON-:-HOMELAND,3.0
CHARLTON-:-RACEPOND,6.0
CHARLTON-:-ST. GEORGE,3.0
CHARLTON-:-WINOKUR,6.0
CHATHAM-:-1-01C,6.0
CHATHAM-:-1-05C,5.0
CHATHAM-:-1-06C,5.0
CHATHAM-:-1-08C,9.0
CHATHAM-:-1-09C,6.0
CHATHAM-:-1-10C,5.0
CHATHAM-:-1-12C,6.0
CHATHAM-:-1-13C,5.0
CHATHAM-:-1-14C,6.0
CHATHAM-:-1-16C,6.0
CHATHAM-:-1-17C,8.0
CHATHAM-:-2-02C,5.0
CHATHAM-:-2-03C,5.0
CHATHAM-:-2-04C,6.0
CHATHAM-:-2-05C,4.0
CHATHAM-:-2-06C,7.0
CHATHAM-:-2-07C,8.0
CHATHAM-:-2-09C,7.0
CHATHAM-:-2-11C,6.0
CHATHAM-:-2-12C,7.0
CHATHAM-:-3-02C,5.0
CHATHAM-:-3-03C,6.0
CHATHAM-:-3-04C,3.0
CHATHAM-:-3-05C,6.0
CHATHAM-:-3-09C,4.0
CHATHAM-:-3-10C,8.0
CHATHAM-:-3-11C,4.0
CHATHAM-:-3-12C,6.0
CHATHAM-:-3-13C,5.0
CHATHAM-:-3-14C,5.0
CHATHAM-:-4-02C,4.0
CHATHAM-:-4-04C,5.0
CHATHAM-:-4-05C,3.0
CHATHAM-:-4-06C,5.0
CHATHAM-:-4-07C,5.0
CHATHAM-:-4-08C,4.0
CHATHAM-:-4-10C,6.0
CHATHAM-:-4-11C,1.0
CHATHAM-:-4-12C,7.0
CHATHAM-:-4-13C,6.0
CHATHAM-:-4-14C,4.0
CHATHAM-:-5-03C,7.0
CHATHAM-:-5-05C,4.0
CHATHAM-:-5-06C,10.0
CHATHAM-:-5-07C,5.0
CHATHAM-:-5-08C,4.0
CHATHAM-:-5-10C,5.0
CHATHAM-:-5-11C,5.0
CHATHAM-:-6-01C,9.0
CHATHAM-:-6-02C,6.0
CHATHAM-:-6-03C,4.0
CHATHAM-:-6-05C,5.0
CHATHAM-:-6-06C,4.0
CHATHAM-:-6-08C,5.0
CHATHAM-:-6-09C,6.0
CHATHAM-:-6-10C,10.0
CHATHAM-:-6-11C,6.0
CHATHAM-:-7-01C,4.0
CHATHAM-:-7-03C,5.0
CHATHAM-:-7-04C,6.0
CHATHAM-:-7-05C,7.0
CHATHAM-:-7-06C,6.0
CHATHAM-:-7-07C,6.0
CHATHAM-:-7-08C,13.0
CHATHAM-:-7-09C,5.0
CHATHAM-:-7-10C,6.0
CHATHAM-:-7-11C,8.0
CHATHAM-:-7-12C,5.0
CHATHAM-:-7-13C,5.0
CHATHAM-:-7-14C,5.0
CHATHAM-:-7-15C,4.0
CHATHAM-:-7-16C,5.0
CHATHAM-:-7-17C,4.0
CHATHAM-:-8-01C,7.0
CHATHAM-:-8-02C,5.0
CHATHAM-:-8-03C,9.0
CHATHAM-:-8-05C,5.0
CHATHAM-:-8-06C,5.0
CHATHAM-:-8-08C,8.0
CHATHAM-:-8-09C,3.0
CHATHAM-:-8-10C,6.0
CHATHAM-:-8-11C,2.0
CHATHAM-:-8-12C,6.0
CHATHAM-:-8-15C,4.0
CHATHAM-:-8-16C,5.0
CHATHAM-:-8-17C,3.0
CHATHAM-:-8-18C,7.0
CHATHAM-:-FTPUL,6.0
CHATTAHOOCHEE-:-FTBEN1,7.0
CHATTAHOOCHEE-:-FTBEN2,4.0
CHATTAHOOCHEE-:-FTBEN3,2.0
CHATTAHOOCHEE-:-ROBINSON RECREATION CENTER,5.0
CHATTOOGA-:-DIRTTOWN,6.0
CHATTOOGA-:-HAYWOOD,4.0
CHATTOOGA-:-LYERLY,5.0
CHATTOOGA-:-MENLO,5.0
CHATTOOGA-:-SUBLIGNA,5.0
CHATTOOGA-:-SUMMERVILLE,4.0
CHATTOOGA-:-TRION,6.0
CHEROKEE-:-AIR ACRES,4.0
CHEROKEE-:-AIRPORT,8.0
CHEROKEE-:-ARNOLD MILL,7.0
CHEROKEE-:-AVERY,6.0
CHEROKEE-:-BALL GROUND,5.0
CHEROKEE-:-BASCOMB,6.0
CHEROKEE-:-BELLS,5.0
CHEROKEE-:-BOOTH,7.0
CHEROKEE-:-BRADSHAW,5.0
CHEROKEE-:-BRIDGEMILL,5.0
CHEROKEE-:-CANTON,4.0
CHEROKEE-:-CARMEL,7.0
CHEROKEE-:-CLARK CREEK,11.0
CHEROKEE-:-CONNS CREEK,5.0
CHEROKEE-:-DEER RUN,3.0
CHEROKEE-:-DIXIE,4.0
CHEROKEE-:-FREE HOME,10.0
CHEROKEE-:-HICKORY FLAT,6.0
CHEROKEE-:-HICKORY LOG,6.0
CHEROKEE-:-HIGHTOWER,7.0
CHEROKEE-:-HILLSIDE,4.0
CHEROKEE-:-HOLLY SPRINGS,6.0
CHEROKEE-:-LIBERTY,5.0
CHEROKEE-:-LICKSKILLET,7.0
CHEROKEE-:-LITTLE RIVER,9.0
CHEROKEE-:-MACEDONIA,5.0
CHEROKEE-:-MOUNTAIN ROAD,6.0
CHEROKEE-:-OAK GROVE,5.0
CHEROKEE-:-R M MOORE,5.0
CHEROKEE-:-RIVER GREEN,7.0
CHEROKEE-:-ROSECREEK,6.0
CHEROKEE-:-SALACOA,5.0
CHEROKEE-:-SIXES,6.0
CHEROKEE-:-SUTALLEE,9.0
CHEROKEE-:-TOONIGH,7.0
CHEROKEE-:-UNION HILL,4.0
CHEROKEE-:-UNIVETER,8.0
CHEROKEE-:-VICTORIA,5.0
CHEROKEE-:-WALESKA,6.0
CHEROKEE-:-WILDCAT,4.0
CHEROKEE-:-WOODLANDS,3.0
CHEROKEE-:-WOODSTOCK,7.0
CLARKE-:-1A,6.0
CLARKE-:-1B,5.0
CLARKE-:-1C,5.0
CLARKE-:-1D,6.0
CLARKE-:-2A,7.0
CLARKE-:-2B,5.0
CLARKE-:-2C,5.0
CLARKE-:-3A,4.0
CLARKE-:-3B,6.0
CLARKE-:-4A,6.0
CLARKE-:-4B,7.0
CLARKE-:-5A,7.0
CLARKE-:-5B,3.0
CLARKE-:-5C,5.0
CLARKE-:-5D,7.0
CLARKE-:-6A,7.0
CLARKE-:-6B,4.0
CLARKE-:-6C,5.0
CLARKE-:-7A,4.0
CLARKE-:-7B,7.0
CLARKE-:-7C,8.0
CLARKE-:-8A,5.0
CLARKE-:-8B,5.0
CLARKE-:-8C,6.0
CLAY-:-BLUFFTON,6.0
CLAY-:-COURT HOUSE,3.0
CLAY-:-DAYS CROSS ROAD,3.0
CLAY-:-OLD HEAD START,8.0
CLAY-:-ZETTO,4.0
CLAYTON-:-ELLENWOOD 1,6.0
CLAYTON-:-ELLENWOOD 2,4.0
CLAYTON-:-FOREST PARK 1,6.0
CLAYTON-:-FOREST PARK 2,4.0
CLAYTON-:-FOREST PARK 3,8.0
CLAYTON-:-FOREST PARK 4,6.0
CLAYTON-:-FOREST PARK 5,5.0
CLAYTON-:-FOREST PARK 6,4.0
CLAYTON-:-JONESBORO 1,5.0
CLAYTON-:-JONESBORO 10,5.0
CLAYTON-:-JONESBORO 11,7.0
CLAYTON-:-JONESBORO 12,5.0
CLAYTON-:-JONESBORO 13,7.0
CLAYTON-:-JONESBORO 14,5.0
CLAYTON-:-JONESBORO 15,6.0
CLAYTON-:-JONESBORO 16,6.0
CLAYTON-:-JONESBORO 17,7.0
CLAYTON-:-JONESBORO 18,7.0
CLAYTON-:-JONESBORO 19,5.0
CLAYTON-:-JONESBORO 2,3.0
CLAYTON-:-JONESBORO 20,6.0
CLAYTON-:-JONESBORO 21,6.0
CLAYTON-:-JONESBORO 22,5.0
CLAYTON-:-JONESBORO 3,7.0
CLAYTON-:-JONESBORO 4,4.0
CLAYTON-:-JONESBORO 5,4.0
CLAYTON-:-JONESBORO 6,5.0
CLAYTON-:-JONESBORO 7,4.0
CLAYTON-:-JONESBORO 8,6.0
CLAYTON-:-JONESBORO 9,6.0
CLAYTON-:-LAKE CITY,6.0
CLAYTON-:-LOVEJOY 1,8.0
CLAYTON-:-LOVEJOY 2,7.0
CLAYTON-:-LOVEJOY 3,8.0
CLAYTON-:-LOVEJOY 4,4.0
CLAYTON-:-LOVEJOY 5,5.0
CLAYTON-:-LOVEJOY 6,5.0
CLAYTON-:-LOVEJOY 7,4.0
CLAYTON-:-LOVEJOY 8,4.0
CLAYTON-:-MORROW 1,7.0
CLAYTON-:-MORROW 10,3.0
CLAYTON-:-MORROW 11,4.0
CLAYTON-:-MORROW 2,8.0
CLAYTON-:-MORROW 3,6.0
CLAYTON-:-MORROW 4,8.0
CLAYTON-:-MORROW 5,6.0
CLAYTON-:-MORROW 6,7.0
CLAYTON-:-MORROW 7,3.0
CLAYTON-:-MORROW 8,4.0
CLAYTON-:-MORROW 9,2.0
CLAYTON-:-OAK 1,16.0
CLAYTON-:-OAK 2,4.0
CLAYTON-:-OAK 3,6.0
CLAYTON-:-OAK 4,4.0
CLAYTON-:-OAK 5,4.0
CLAYTON-:-OAK 6,5.0
CLAYTON-:-PANHANDLE 1,5.0
CLAYTON-:-PANHANDLE 2,8.0
CLAYTON-:-RIVERDALE 1,5.0
CLAYTON-:-RIVERDALE 10,6.0
CLAYTON-:-RIVERDALE 11,6.0
CLAYTON-:-RIVERDALE 12,6.0
CLAYTON-:-RIVERDALE 2,4.0
CLAYTON-:-RIVERDALE 3,6.0
CLAYTON-:-RIVERDALE 4,7.0
CLAYTON-:-RIVERDALE 5,4.0
CLAYTON-:-RIVERDALE 6,5.0
CLAYTON-:-RIVERDALE 7,6.0
CLAYTON-:-RIVERDALE 8,6.0
CLAYTON-:-RIVERDALE 9,6.0
CLINCH-:-ARABIA,4.0
CLINCH-:-ARGYLE,2.0
CLINCH-:-DUPONT,5.0
CLINCH-:-FARGO,4.0
CLINCH-:-HOMERVILLE,8.0
COBB-:-ACWORTH 1A,8.0
COBB-:-ACWORTH 1B,7.0
COBB-:-ACWORTH 1C,8.0
COBB-:-ADDISON 01,4.0
COBB-:-AUSTELL 1A,5.0
COBB-:-AUSTELL 1B,6.0
COBB-:-BAKER 01,7.0
COBB-:-BELLS FERRY 02,6.0
COBB-:-BELLS FERRY 03,6.0
COBB-:-BELLS FERRY 04,5.0
COBB-:-BIG SHANTY 01,6.0
COBB-:-BIG SHANTY 02,7.0
COBB-:-BIRNEY 01,6.0
COBB-:-BLACKWELL 01,5.0
COBB-:-CHALKER 01,6.0
COBB-:-CHATTAHOOCHEE 01,6.0
COBB-:-CHEATHAM HILL 02,8.0
COBB-:-CHEATHAM HILL 03,8.0
COBB-:-CHESTNUT RIDGE 01,5.0
COBB-:-CLARKDALE 01,8.0
COBB-:-CLARKDALE 02,7.0
COBB-:-DAVIS 01,5.0
COBB-:-DICKERSON 01,8.0
COBB-:-DOBBINS 01,6.0
COBB-:-DOBBINS 02,6.0
COBB-:-DODGEN 01,5.0
COBB-:-DOWELL 01,4.0
COBB-:-DURHAM 01,5.0
COBB-:-EAST PIEDMONT 01,5.0
COBB-:-EASTSIDE 01,4.0
COBB-:-EASTSIDE 02,7.0
COBB-:-ELIZABETH 01,8.0
COBB-:-ELIZABETH 02,5.0
COBB-:-ELIZABETH 03,6.0
COBB-:-ELIZABETH 04,6.0
COBB-:-ELIZABETH 05,5.0
COBB-:-FAIR OAKS 02,6.0
COBB-:-FAIR OAKS 04,7.0
COBB-:-FORD 01,4.0
COBB-:-FREY 01,6.0
COBB-:-FULLERS PARK 01,6.0
COBB-:-GARRISON MILL 01,6.0
COBB-:-GRITTERS 01,6.0
COBB-:-HARRISON 01,6.0
COBB-:-HAYES 01,6.0
COBB-:-HIGHTOWER 01,5.0
COBB-:-KELL 01,4.0
COBB-:-KEMP 01,5.0
COBB-:-KEMP 02,6.0
COBB-:-KEMP 03,7.0
COBB-:-KENNESAW 1A,4.0
COBB-:-KENNESAW 2A,6.0
COBB-:-KENNESAW 3A,11.0
COBB-:-KENNESAW 4A,6.0
COBB-:-KENNESAW 5A,5.0
COBB-:-LASSITER 01,8.0
COBB-:-LOST MOUNTAIN 01,6.0
COBB-:-LOST MOUNTAIN 02,5.0
COBB-:-LOST MOUNTAIN 03,6.0
COBB-:-LOST MOUNTAIN 04,7.0
COBB-:-MABLETON 1A,4.0
COBB-:-MABLETON 1B,8.0
COBB-:-MABLETON 2A,9.0
COBB-:-MABLETON 2B,2.0
COBB-:-MABLETON 3A,6.0
COBB-:-MABLETON 3B,5.0
COBB-:-MABLETON 3C,3.0
COBB-:-MABLETON 4A,6.0
COBB-:-MABLETON 4B,6.0
COBB-:-MABLETON 4C,5.0
COBB-:-MABLETON 5A,6.0
COBB-:-MABLETON 5B,6.0
COBB-:-MABLETON 6A,6.0
COBB-:-MABLETON 6B,7.0
COBB-:-MABRY 01,5.0
COBB-:-MACLAND 01,7.0
COBB-:-MARIETTA 1A,7.0
COBB-:-MARIETTA 2A,6.0
COBB-:-MARIETTA 2B,5.0
COBB-:-MARIETTA 3A,8.0
COBB-:-MARIETTA 3B,5.0
COBB-:-MARIETTA 4A,6.0
COBB-:-MARIETTA 4B,5.0
COBB-:-MARIETTA 4C,8.0
COBB-:-MARIETTA 5A,7.0
COBB-:-MARIETTA 5B,10.0
COBB-:-MARIETTA 6A,9.0
COBB-:-MARIETTA 6B,6.0
COBB-:-MARIETTA 7A,10.0
COBB-:-MARS HILL 01,8.0
COBB-:-MARS HILL 02,4.0
COBB-:-MCCLESKEY 01,5.0
COBB-:-MCCLURE 01,5.0
COBB-:-MCEACHERN 01,8.0
COBB-:-MT. BETHEL 01,8.0
COBB-:-MT. BETHEL 03,6.0
COBB-:-MT. BETHEL 04,7.0
COBB-:-MURDOCK 01,6.0
COBB-:-NICHOLSON 01,5.0
COBB-:-NICKAJACK 01,9.0
COBB-:-NORTH COBB 01,10.0
COBB-:-NORTON PARK 01,5.0
COBB-:-OAKDALE 01,6.0
COBB-:-OREGON 01,3.0
COBB-:-OREGON 02,5.0
COBB-:-OREGON 03,8.0
COBB-:-OREGON 04,8.0
COBB-:-OREGON 05,5.0
COBB-:-PALMER 01,6.0
COBB-:-PINE MOUNTAIN 01,7.0
COBB-:-PINE MOUNTAIN 02,9.0
COBB-:-PITNER 01,4.0
COBB-:-POPE 01,5.0
COBB-:-POST OAK 01,6.0
COBB-:-POWDER SPRINGS 1A,5.0
COBB-:-POWDER SPRINGS 2A,5.0
COBB-:-POWDER SPRINGS 3A,7.0
COBB-:-POWERS FERRY 01,4.0
COBB-:-ROCKY MOUNT 01,6.0
COBB-:-ROSWELL 01,7.0
COBB-:-ROSWELL 02,6.0
COBB-:-SANDY PLAINS 01,8.0
COBB-:-SEWELL MILL 01,7.0
COBB-:-SEWELL MILL 03,9.0
COBB-:-SHALLOWFORD FALLS 01,6.0
COBB-:-SIMPSON 01,3.0
COBB-:-SMYRNA 1A,6.0
COBB-:-SMYRNA 2A,4.0
COBB-:-SMYRNA 3A,6.0
COBB-:-SMYRNA 3B,7.0
COBB-:-SMYRNA 4A,8.0
COBB-:-SMYRNA 5A,5.0
COBB-:-SMYRNA 6A,6.0
COBB-:-SMYRNA 7A,9.0
COBB-:-SOPE CREEK 01,5.0
COBB-:-SOPE CREEK 02,6.0
COBB-:-SOPE CREEK 03,4.0
COBB-:-SWEETWATER 01,7.0
COBB-:-TERRELL MILL 01,6.0
COBB-:-TIMBER RIDGE 01,5.0
COBB-:-VAUGHAN 01,5.0
COBB-:-VININGS 01,5.0
COBB-:-VININGS 02,6.0
COBB-:-VININGS 03,4.0
COBB-:-VININGS 04,8.0
COBB-:-WADE GREEN 01,3.0
COBB-:-WADE GREEN 02,4.0
COBB-:-WILLEO 01,4.0
COFFEE-:-AMBROSE,4.0
COFFEE-:-BRIDGETOWN,5.0
COFFEE-:-BROXTON,7.0
COFFEE-:-DOUGLAS,8.0
COFFEE-:-NICHOLLS,5.0
COFFEE-:-WEST GREEN,7.0
COLQUITT-:-AUTREYVILLE,6.0
COLQUITT-:-BRIDGECREEK,5.0
COLQUITT-:-CROSLAND,5.0
COLQUITT-:-DOERUN,5.0
COLQUITT-:-FUNSTON,5.0
COLQUITT-:-HAMILTON,6.0
COLQUITT-:-HARTSFIELD,5.0
COLQUITT-:-HOPEWELL,4.0
COLQUITT-:-LEE,8.0
COLQUITT-:-MILLCREEK,4.0
COLQUITT-:-MONK,7.0
COLQUITT-:-MOULTRIE,8.0
COLQUITT-:-MURPHY,4.0
COLQUITT-:-NORMAN PARK,5.0
COLQUITT-:-ROBINSON,6.0
COLQUITT-:-SHAW,3.0
COLQUITT-:-THIGPEN,6.0
COLQUITT-:-TYTY,4.0
COLQUITT-:-WARRIOR,6.0
COLUMBIA-:-ABILENE BAPTIST,6.0
COLUMBIA-:-ACS-FURYS FERRY RD CAMPUS,4.0
COLUMBIA-:-AUGUSTA CHRISTIAN,4.0
COLUMBIA-:-BELAIR BAPTIST CHURCH,4.0
COLUMBIA-:-BLANCHARD PARK,4.0
COLUMBIA-:-CCBOE-SUPPORT COMPLEX,6.0
COLUMBIA-:-CHRIST CHURCH PRESBYTERIAN,3.0
COLUMBIA-:-CHRIST SANCTIFIED,5.0
COLUMBIA-:-CHRIST THE KING CHURCH,4.0
COLUMBIA-:-CHURCH OF OUR SAVIOR,4.0
COLUMBIA-:-COL CTY BOARD OF EDU,6.0
COLUMBIA-:-COL CTY MAIN LIBRARY,6.0
COLUMBIA-:-COLUMBIA CO. FIRE HDQTR,5.0
COLUMBIA-:-COLUMBIA CO. HEALTH DEPT.,6.0
COLUMBIA-:-DAMASCUS BAPT CHURCH,3.0
COLUMBIA-:-EUBANK/BLANCHARD CTR,5.0
COLUMBIA-:-FORMER EUCHEE CREEK LIBRARY,8.0
COLUMBIA-:-G A APOSTOLIC CHURCH,7.0
COLUMBIA-:-GOSPEL WATER BRANCH,5.0
COLUMBIA-:-GRACE BAPTIST CHURCH,5.0
COLUMBIA-:-GROVETOWN BRANCH LIBRARY,6.0
COLUMBIA-:-GROVETOWN DEPT OF PUBLIC SAFETY STATION #2,3.0
COLUMBIA-:-GROVETOWN METHODIST,4.0
COLUMBIA-:-HARLEM BRANCH LIBRARY,5.0
COLUMBIA-:-HARLEM SENIOR CENTER,5.0
COLUMBIA-:-HARVEST POINTE FELLOWSHIP,6.0
COLUMBIA-:-JOURNEY COMM CHURCH,6.0
COLUMBIA-:-KIOKEE BAPT CHURCH,8.0
COLUMBIA-:-LEWIS METHODIST,7.0
COLUMBIA-:-LIBERTY PARK-GROVETOWN,8.0
COLUMBIA-:-MACEDONIA CHURCH OF GROVETOWN,4.0
COLUMBIA-:-MARTINEZ BAPTIST,5.0
COLUMBIA-:-NEW LIFE CHURCH,6.0
COLUMBIA-:-PARKWAY BAPTIST CHURCH,4.0
COLUMBIA-:-PARKWAY ELEMENTARY,7.0
COLUMBIA-:-PATRIOTS PARK,5.0
COLUMBIA-:-SAVANNAH RAPIDS PAVILION,4.0
COLUMBIA-:-SECOND MOUNT MORIAH BAPTIST CHURCH,5.0
COLUMBIA-:-SECOND MT. CARMEL BAPTIST CHURCH,5.0
COLUMBIA-:-STEVENS CREEK CHURCH,4.0
COLUMBIA-:-STEVENS CREEK CHURCH-GROVETOWN,5.0
COLUMBIA-:-TRINITY BAPT CHURCH,9.0
COLUMBIA-:-WESLEY METHODIST,5.0
COLUMBIA-:-WEST ACRES BAPTIST,5.0
COLUMBIA-:-WESTMINSTER PRESB CHURCH,7.0
COLUMBIA-:-WOODLAWN BAPT CHURCH,5.0
COOK-:-CECIL,7.0
COOK-:-DELLE BEAMGUARD,6.0
COOK-:-ELM PINE,4.0
COOK-:-LENOX,6.0
COOK-:-MASSEE,5.0
COOK-:-NEW LIFE BAPTIST CHURCH,6.0
COOK-:-RIVERBEND,9.0
COOK-:-SPARKS,2.0
COWETA-:-CANONGATE,7.0
COWETA-:-CENTRAL,7.0
COWETA-:-COWETA CENTRAL LIBRARY,3.0
COWETA-:-DRESDEN,4.0
COWETA-:-EXPO CENTER,6.0
COWETA-:-GRANTVILLE,7.0
COWETA-:-GREENTOP,6.0
COWETA-:-HARALSON,4.0
COWETA-:-MADRAS,11.0
COWETA-:-MORELAND,6.0
COWETA-:-NEWNAN,5.0
COWETA-:-NEWNAN CENTRE,6.0
COWETA-:-NORTHSIDE,4.0
COWETA-:-PANTHER CREEK,5.0
COWETA-:-PINE ROAD,7.0
COWETA-:-RAYMOND,5.0
COWETA-:-SENOIA,7.0
COWETA-:-SHARPSBURG,8.0
COWETA-:-SMOKEY ROAD,5.0
COWETA-:-THOMAS CROSSROADS,5.0
COWETA-:-TURIN,6.0
COWETA-:-WELCOME,9.0
COWETA-:-WESTSIDE,4.0
COWETA-:-WHITE OAK,5.0
CRAWFORD-:-DISTRICT 1,7.0
CRAWFORD-:-DISTRICT 2,8.0
CRAWFORD-:-DISTRICT 3,4.0
CRAWFORD-:-DISTRICT 4,4.0
CRAWFORD-:-DISTRICT 5,10.0
CRISP-:-ARABI,5.0
CRISP-:-CONEY,5.0
CRISP-:-CORDELE,5.0
CRISP-:-JAMESTOWN,5.0
CRISP-:-LISTONIA,4.0
DADE-:-DAVIS,4.0
DADE-:-NEW HOME,2.0
DADE-:-NEW SALEM,4.0
DADE-:-NORTH DADE,4.0
DADE-:-SOUTH DADE,3.0
DADE-:-TRENTON,5.0
DADE-:-WEST BROW,5.0
DAWSON-:-CENTRAL,4.0
DAWSON-:-EAST,6.0
DAWSON-:-SOUTH,6.0
DAWSON-:-WEST,10.0
DECATUR-:-ATTAPULGUS,4.0
DECATUR-:-BAINBRIDGE-FAIRGROUNDS,5.0
DECATUR-:-BRINSON,4.0
DECATUR-:-CLIMAX,8.0
DECATUR-:-JOE L. SWEET JR. COMMUNITY CENTER,2.0
DECATUR-:-KENDRICK,7.0
DECATUR-:-KIRBO CENTER,7.0
DECATUR-:-MT. PLEASANT,7.0
DECATUR-:-RECOVERY,4.0
DECATUR-:-WEST BAINBRIDGE,7.0
DEKALB-:-ALLGOOD ELEM,7.0
DEKALB-:-ASHFORD DUNWOODY RD,7.0
DEKALB-:-ASHFORD PARK ELEM,5.0
DEKALB-:-ASHFORD PARKSIDE,5.0
DEKALB-:-AUSTIN,5.0
DEKALB-:-AUSTIN DRIVE,4.0
DEKALB-:-AVONDALE,6.0
DEKALB-:-AVONDALE HIGH,6.0
DEKALB-:-BETHUNE MIDDLE,7.0
DEKALB-:-BOULDERCREST ROAD,7.0
DEKALB-:-BOULEVARD,7.0
DEKALB-:-BRIAR VISTA ELEM,4.0
DEKALB-:-BRIARCLIFF,7.0
DEKALB-:-BRIARLAKE ELEM,6.0
DEKALB-:-BRIARWOOD,4.0
DEKALB-:-BROCKETT,4.0
DEKALB-:-BROCKETT ELEM,5.0
DEKALB-:-BROOKHAVEN,6.0
DEKALB-:-BROWNS MILL ELEM,4.0
DEKALB-:-BURGESS ELEM,5.0
DEKALB-:-CANBY LANE ELEM,5.0
DEKALB-:-CANDLER,7.0
DEKALB-:-CANDLER PARK,5.0
DEKALB-:-CANDLER-MURPHEY CANDLER ELEM,7.0
DEKALB-:-CEDAR GROVE ELEM,4.0
DEKALB-:-CEDAR GROVE MIDDLE,7.0
DEKALB-:-CEDAR GROVE SOUTH,7.0
DEKALB-:-CHAMBLEE,5.0
DEKALB-:-CHAMBLEE 2,5.0
DEKALB-:-CHAPEL HILL ELEM,4.0
DEKALB-:-CHESNUT ELEM,5.0
DEKALB-:-CLAIREMONT EAST,5.0
DEKALB-:-CLAIREMONT WEST,4.0
DEKALB-:-CLAIRMONT ROAD,7.0
DEKALB-:-CLARKSTON,6.0
DEKALB-:-CLARKSTON COMMUNITY CENTER,6.0
DEKALB-:-CLIFTON,4.0
DEKALB-:-COAN RECREATION CENTER,4.0
DEKALB-:-COLUMBIA DRIVE,6.0
DEKALB-:-COLUMBIA ELEM,5.0
DEKALB-:-COLUMBIA MIDDLE,5.0
DEKALB-:-CORALWOOD,5.0
DEKALB-:-COVINGTON,6.0
DEKALB-:-COVINGTON HWY,4.0
DEKALB-:-CROSS KEYS HIGH,6.0
DEKALB-:-CROSSROADS,6.0
DEKALB-:-DECATUR,5.0
DEKALB-:-DORAVILLE NORTH,8.0
DEKALB-:-DORAVILLE SOUTH,3.0
DEKALB-:-DRESDEN ELEM,10.0
DEKALB-:-DRUID HILLS HIGH,6.0
DEKALB-:-DUNAIRE ELEM,5.0
DEKALB-:-DUNWOODY,6.0
DEKALB-:-DUNWOODY 2,6.0
DEKALB-:-DUNWOODY LIBRARY,5.0
DEKALB-:-EAST LAKE,8.0
DEKALB-:-EMBRY HILLS,4.0
DEKALB-:-EMORY ROAD,4.0
DEKALB-:-EMORY SOUTH,5.0
DEKALB-:-EVANSDALE ELEM,8.0
DEKALB-:-FAIRINGTON ELEM,4.0
DEKALB-:-FERNBANK ELEM,8.0
DEKALB-:-FLAKES MILL,3.0
DEKALB-:-FLAT ROCK ELEM,3.0
DEKALB-:-FLAT SHOALS,4.0
DEKALB-:-FLAT SHOALS ELEM,7.0
DEKALB-:-FLAT SHOALS LIBRARY,5.0
DEKALB-:-FLAT SHOALS PARKWAY,5.0
DEKALB-:-FREEDOM MIDDLE,6.0
DEKALB-:-GEORGETOWN SQ,7.0
DEKALB-:-GLENHAVEN,4.0
DEKALB-:-GLENNWOOD,9.0
DEKALB-:-GLENWOOD ROAD,7.0
DEKALB-:-GRESHAM ROAD,5.0
DEKALB-:-HAMBRICK ELEM,6.0
DEKALB-:-HARRIS-MARGARET HARRIS ED,3.0
DEKALB-:-HARRIS-NARVIE J HARRIS ELEM,6.0
DEKALB-:-HAWTHORNE ELEM,5.0
DEKALB-:-HENDERSON MILL,6.0
DEKALB-:-HUGH HOWELL,7.0
DEKALB-:-HUNTLEY HILLS ELEM,6.0
DEKALB-:-IDLEWOOD ELEM,6.0
DEKALB-:-INDIAN CREEK,6.0
DEKALB-:-JOHNSON ESTATES,5.0
DEKALB-:-JOLLY ELEM,6.0
DEKALB-:-KELLEY CHAPEL ROAD,3.0
DEKALB-:-KELLEY LAKE ELEM,4.0
DEKALB-:-KINGSLEY ELEM,5.0
DEKALB-:-KITTREDGE ELEM,4.0
DEKALB-:-KNOLLWOOD,5.0
DEKALB-:-LAKESIDE HIGH,5.0
DEKALB-:-LAVISTA,6.0
DEKALB-:-LAVISTA ROAD,8.0
DEKALB-:-LIN-MARY LIN ELEM,6.0
DEKALB-:-LITHONIA,3.0
DEKALB-:-LITHONIA HIGH,4.0
DEKALB-:-LIVSEY ELEM,4.0
DEKALB-:-MARBUT ELEM,6.0
DEKALB-:-MATHIS-BOB MATHIS ELEM,4.0
DEKALB-:-MCLENDON,8.0
DEKALB-:-MCNAIR,8.0
DEKALB-:-MCNAIR ACADEMY,3.0
DEKALB-:-MCNAIR HIGH,7.0
DEKALB-:-MCWILLIAMS,3.0
DEKALB-:-MEADOWVIEW,8.0
DEKALB-:-MEDLOCK,5.0
DEKALB-:-MEMORIAL SOUTH,6.0
DEKALB-:-METROPOLITAN,6.0
DEKALB-:-MIDVALE ELEM,5.0
DEKALB-:-MIDVALE ROAD,5.0
DEKALB-:-MIDWAY,5.0
DEKALB-:-MILLER GROVE,5.0
DEKALB-:-MILLER GROVE HIGH,5.0
DEKALB-:-MILLER GROVE ROAD,3.0
DEKALB-:-MILLER-ELDRIDGE L MILLER ELEM,5.0
DEKALB-:-MONTCLAIR ELEM,6.0
DEKALB-:-MONTGOMERY ELEM,5.0
DEKALB-:-MONTREAL,9.0
DEKALB-:-MOUNT VERNON EAST,7.0
DEKALB-:-MOUNT VERNON WEST,5.0
DEKALB-:-NORTH DECATUR,8.0
DEKALB-:-NORTH HAIRSTON,4.0
DEKALB-:-NORTH PEACHTREE,5.0
DEKALB-:-NORTHLAKE,6.0
DEKALB-:-OAK GROVE ELEM,4.0
DEKALB-:-OAK VIEW ELEM,6.0
DEKALB-:-OAKCLIFF ELEM,7.0
DEKALB-:-OAKHURST,5.0
DEKALB-:-PANOLA,7.0
DEKALB-:-PANOLA ROAD,5.0
DEKALB-:-PANOLA WAY ELEM,6.0
DEKALB-:-PEACHCREST,6.0
DEKALB-:-PEACHTREE MIDDLE,5.0
DEKALB-:-PINE LAKE,2.0
DEKALB-:-PINEY GROVE,7.0
DEKALB-:-PLEASANTDALE ROAD,6.0
DEKALB-:-PONCE DE LEON,4.0
DEKALB-:-PRINCETON ELEM,7.0
DEKALB-:-RAINBOW ELEM,6.0
DEKALB-:-REDAN ELEM,6.0
DEKALB-:-REDAN MIDDLE,4.0
DEKALB-:-REDAN ROAD,5.0
DEKALB-:-REDAN-TROTTI LIBRARY,6.0
DEKALB-:-REHOBOTH,5.0
DEKALB-:-ROCK CHAPEL ELEM,5.0
DEKALB-:-ROCK CHAPEL ROAD,8.0
DEKALB-:-ROCKBRIDGE ELEM,7.0
DEKALB-:-ROCKBRIDGE ROAD,6.0
DEKALB-:-ROWLAND ELEM,9.0
DEKALB-:-ROWLAND ROAD,6.0
DEKALB-:-SAGAMORE HILLS ELEM,7.0
DEKALB-:-SALEM MIDDLE,9.0
DEKALB-:-SCOTT,6.0
DEKALB-:-SHADOW ROCK ELEM,6.0
DEKALB-:-SHAMROCK,5.0
DEKALB-:-SHAW-ROBERT SHAW ELEM,5.0
DEKALB-:-SILVER LAKE,4.0
DEKALB-:-SKYLAND,5.0
DEKALB-:-SMOKE RISE,5.0
DEKALB-:-SNAPFINGER ELEM,5.0
DEKALB-:-SNAPFINGER ROAD,6.0
DEKALB-:-SNAPFINGER ROAD N,4.0
DEKALB-:-SNAPFINGER ROAD S,6.0
DEKALB-:-SOUTH DESHON,3.0
DEKALB-:-SOUTH HAIRSTON,6.0
DEKALB-:-STEPHENSON HIGH,5.0
DEKALB-:-STEPHENSON MIDDLE,6.0
DEKALB-:-STONE MILL ELEM,7.0
DEKALB-:-STONE MOUNTAIN ELEM,12.0
DEKALB-:-STONE MTN,3.0
DEKALB-:-STONE MTN CHAMPION,5.0
DEKALB-:-STONE MTN MIDDLE,6.0
DEKALB-:-STONECREST LIBRARY,4.0
DEKALB-:-STONEVIEW ELEM,9.0
DEKALB-:-TERRY MILL,4.0
DEKALB-:-TILLY MILL ROAD,6.0
DEKALB-:-TONEY ELEM,5.0
DEKALB-:-TUCKER,8.0
DEKALB-:-TUCKER LIBRARY,7.0
DEKALB-:-VALLEY BROOK,4.0
DEKALB-:-WADSWORTH,6.0
DEKALB-:-WARREN TECH,5.0
DEKALB-:-WESLEY CHAPEL LIBRARY,5.0
DEKALB-:-WHITE OAK,4.0
DEKALB-:-WINNONA PARK,5.0
DEKALB-:-WINTERS CHAPEL,6.0
DEKALB-:-WOODRIDGE ELEM,6.0
DEKALB-:-WOODROW ROAD,7.0
DEKALB-:-WOODWARD,7.0
DEKALB-:-WYNBROOKE ELEM,5.0
DEKALB-:-YOUNG ROAD,4.0
DODGE-:-CHAUN,7.0
DODGE-:-CLARK,4.0
DODGE-:-EDDIN,5.0
DODGE-:-EMPIR,4.0
DODGE-:-JAYBI,5.0
DODGE-:-JONES,6.0
DODGE-:-LEE,8.0
DODGE-:-MCCRA,4.0
DODGE-:-MILAN,4.0
DODGE-:-MITCH,5.0
DODGE-:-MULLI,4.0
DODGE-:-PLAIN,6.0
DODGE-:-PONDT,7.0
DODGE-:-RAWLI,5.0
DODGE-:-VILUL,5.0
DODGE-:-YONKE,5.0
DOOLY-:-BYROMVILLE,7.0
DOOLY-:-LILLY,5.0
DOOLY-:-PINEHURST,4.0
DOOLY-:-UNADILLA,6.0
DOOLY-:-VIENNA,11.0
DOUGHERTY-:-2ND MT. ZION CHURCH,6.0
DOUGHERTY-:-ALBANY HIGH SCHOOL,12.0
DOUGHERTY-:-ALBANY MIDDLE SCHOOL,3.0
DOUGHERTY-:-ALICE COACHMAN ELEMENTARY,4.0
DOUGHERTY-:-ASU EAST CAMPUS,4.0
DOUGHERTY-:-ASU WEST CAMPUS,6.0
DOUGHERTY-:-BILL MILLER COMMUNITY CENTER,4.0
DOUGHERTY-:-CHRIST CHURCH,6.0
DOUGHERTY-:-COVENANT CHURCH,4.0
DOUGHERTY-:-FIRST MOUNT OLIVE,5.0
DOUGHERTY-:-GREENBRIAR CHURCH,5.0
DOUGHERTY-:-INTERNATIONAL STUDIES,7.0
DOUGHERTY-:-LAMAR REESE SCHOOL,7.0
DOUGHERTY-:-LITMAN CATHEDRAL,5.0
DOUGHERTY-:-MERRY ACRES MIDDLE,4.0
DOUGHERTY-:-MT. ZION CENTER,8.0
DOUGHERTY-:-PINE BLUFF BAPTIST CHURCH,7.0
DOUGHERTY-:-PUTNEY 1ST BAPTIST CHURCH,7.0
DOUGHERTY-:-RADIUM MIDDLE SCHOOL,6.0
DOUGHERTY-:-ROBERT H. HARVEY ELEMENTARY,6.0
DOUGHERTY-:-SHERWOOD ELEMENTARY SCHOOL,5.0
DOUGHERTY-:-SHILOH BAPTIST CHURCH,5.0
DOUGHERTY-:-TURNER ELEMENTARY SCHOOL,8.0
DOUGHERTY-:-WESTOVER HIGH SCHOOL,5.0
DOUGHERTY-:-WESTTOWN SCHOOL,5.0
DOUGLAS-:-ARBOR STATION,5.0
DOUGLAS-:-ATLANTA WEST,6.0
DOUGLAS-:-BEULAH BAPTIST CHURCH,7.0
DOUGLAS-:-BOUNDARY WATERS,6.0
DOUGLAS-:-CHAPEL HILL HIGH SCHOOL,4.0
DOUGLAS-:-CHAPEL HILL MIDDLE SCHOOL,5.0
DOUGLAS-:-CHESTNUT LOG,6.0
DOUGLAS-:-DEER LICK PARK,4.0
DOUGLAS-:-DOG RIVER LIBRARY,5.0
DOUGLAS-:-DORSETT SHOALS,4.0
DOUGLAS-:-ELIZABETH BAPTIST CHURCH,6.0
DOUGLAS-:-EPHESUS BAPTIST CHURCH,7.0
DOUGLAS-:-FACTORY SHOALS MIDDLE SCHOOL,6.0
DOUGLAS-:-FIRST BAPTIST LITHIA SPRINGS,5.0
DOUGLAS-:-GOLDEN METHODIST CHURCH,4.0
DOUGLAS-:-LITHIA SPRINGS HIGH SCHOOL,8.0
DOUGLAS-:-LUTHERAN CHURCH,5.0
DOUGLAS-:-MIRROR LAKE ELEMENTARY,6.0
DOUGLAS-:-OLD COURTHOUSE,8.0
DOUGLAS-:-PRAYS MILL,8.0
DOUGLAS-:-ST JULIANS EPISCOPAL,5.0
DOUGLAS-:-ST. THERESA'S,4.0
DOUGLAS-:-STEWART,4.0
DOUGLAS-:-TURNER MIDDLE SCHOOL,4.0
DOUGLAS-:-WINSTON ELEMENTARY SCHOOL,7.0
EARLY-:-ARLINGTON,9.0
EARLY-:-BLAKELY,4.0
EARLY-:-CEDAR SPRINGS,5.0
EARLY-:-CUBA,4.0
EARLY-:-URQUHART,6.0
ECHOLS-:-STATENVILLE,7.0
EFFINGHAM-:-1A,8.0
EFFINGHAM-:-1B,6.0
EFFINGHAM-:-1C,6.0
EFFINGHAM-:-1D,5.0
EFFINGHAM-:-2A,5.0
EFFINGHAM-:-2B,4.0
EFFINGHAM-:-2C,4.0
EFFINGHAM-:-2D,6.0
EFFINGHAM-:-3A,6.0
EFFINGHAM-:-3B,4.0
EFFINGHAM-:-3C,5.0
EFFINGHAM-:-3D,6.0
EFFINGHAM-:-3E,4.0
EFFINGHAM-:-4A,5.0
EFFINGHAM-:-4B,7.0
EFFINGHAM-:-4C,7.0
EFFINGHAM-:-5A,4.0
EFFINGHAM-:-5B,5.0
EFFINGHAM-:-5C,3.0
EFFINGHAM-:-5D,6.0
ELBERT-:-CENTERVILLE,6.0
ELBERT-:-ELBERTON,6.0
ELBERT-:-ELIAM,5.0
ELBERT-:-GAINES,3.0
ELBERT-:-GOSHEN,7.0
ELBERT-:-LONGSTREET,5.0
ELBERT-:-MOSS-RUCKERSVILLE,5.0
ELBERT-:-PETERSBURG,5.0
ELBERT-:-PIKE,5.0
ELBERT-:-WEBBSBORO,7.0
ELBERT-:-WYCHE,5.0
EMANUEL-:-ADRIAN,6.0
EMANUEL-:-BLUNDALE,6.0
EMANUEL-:-CANOOCHEE,8.0
EMANUEL-:-CROSS-GREEN,5.0
EMANUEL-:-GARFIELD,4.0
EMANUEL-:-NUNEZ,5.0
EMANUEL-:-OAK PARK,6.0
EMANUEL-:-STILLMORE,5.0
EMANUEL-:-SUMMERTOWN,5.0
EMANUEL-:-SWAINSBORO,7.0
EMANUEL-:-TWIN CITY,6.0
EVANS-:-VETERAN'S COMMUNITY CENTER,11.0
FANNIN-:-COLWELL,7.0
FANNIN-:-FAIRPLAY,4.0
FANNIN-:-FLINTHILL,5.0
FANNIN-:-HEMPTOWN,6.0
FANNIN-:-HOTHOUSE,3.0
FANNIN-:-MINERAL BLUFF,7.0
FANNIN-:-MOBILE,2.0
FANNIN-:-MORGANTON,6.0
FANNIN-:-NOONTOOTLA,5.0
FANNIN-:-SKENIAH,7.0
FANNIN-:-SUGAR CREEK,6.0
FANNIN-:-TOCCOA,5.0
FAYETTE-:-ABERDEEN,6.0
FAYETTE-:-ANTIOCH,5.0
FAYETTE-:-BANKS,8.0
FAYETTE-:-BLACKROCK,4.0
FAYETTE-:-BRAELINN,5.0
FAYETTE-:-BROOKS,6.0
FAYETTE-:-CAMP CREEK,6.0
FAYETTE-:-DOGWOOD,6.0
FAYETTE-:-EUROPE,8.0
FAYETTE-:-FAYETTEVILLE EAST,5.0
FAYETTE-:-FAYETTEVILLE WEST,4.0
FAYETTE-:-FIELDING RIDGE,4.0
FAYETTE-:-FLAT CREEK,6.0
FAYETTE-:-FLINT,7.0
FAYETTE-:-HARPS CROSSING,6.0
FAYETTE-:-HOPEFUL,6.0
FAYETTE-:-JEFF DAVIS,5.0
FAYETTE-:-KEDRON,6.0
FAYETTE-:-KENWOOD,3.0
FAYETTE-:-MCINTOSH,4.0
FAYETTE-:-MORNING CREEK,6.0
FAYETTE-:-MURPHY,5.0
FAYETTE-:-OAK GROVE,3.0
FAYETTE-:-OAK RIDGE,6.0
FAYETTE-:-RAREOVER,5.0
FAYETTE-:-RISING STAR,6.0
FAYETTE-:-SANDY CREEK,9.0
FAYETTE-:-SHAKERAG EAST,8.0
FAYETTE-:-SHAKERAG WEST,5.0
FAYETTE-:-SPRING HILL,5.0
FAYETTE-:-STARRSMILL,5.0
FAYETTE-:-WHITEWATER,7.0
FAYETTE-:-WILLOW POND,4.0
FAYETTE-:-WILLOWBEND,7.0
FAYETTE-:-WINDGATE,3.0
FAYETTE-:-WOOLSEY,6.0
FLOYD-:-ALTO PARK,6.0
FLOYD-:-CAVE SPRING,4.0
FLOYD-:-CHULIO,5.0
FLOYD-:-COOSA (N. CAROLINA),5.0
FLOYD-:-EAST ROME,6.0
FLOYD-:-ETOWAH,4.0
FLOYD-:-EVERETT SPRINGS,6.0
FLOYD-:-FLOYD SPRINGS,7.0
FLOYD-:-FOSTER'S MILL,5.0
FLOYD-:-GARDEN LAKES,5.0
FLOYD-:-GLENWOOD,6.0
FLOYD-:-HOWELL,5.0
FLOYD-:-LINDALE,6.0
FLOYD-:-NEW ARMUCHEE,6.0
FLOYD-:-NORTH ROME,5.0
FLOYD-:-SHANNON,6.0
FLOYD-:-SOUTH FLOYD,8.0
FLOYD-:-SOUTH ROME,5.0
FLOYD-:-TOWN ROME,6.0
FORSYTH-:-01 BIG CREEK,8.0
FORSYTH-:-02 BRANDYWINE,5.0
FORSYTH-:-04 CHESTATEE,3.0
FORSYTH-:-05 COAL MOUNTAIN,5.0
FORSYTH-:-06 CROSSROADS,8.0
FORSYTH-:-07 CUMMING,7.0
FORSYTH-:-08 MASHBURN,6.0
FORSYTH-:-10 MIDWAY,6.0
FORSYTH-:-15 HEARDSVILLE,4.0
FORSYTH-:-16 OTWELL,7.0
FORSYTH-:-19 OLD ATLANTA,6.0
FORSYTH-:-21 SOUTH FORSYTH,4.0
FORSYTH-:-25 WINDERMERE,5.0
FORSYTH-:-34 FOWLER,5.0
FORSYTH-:-35 JOHNS CREEK,7.0
FORSYTH-:-36 NICHOLS,5.0
FORSYTH-:-38 DAVES CREEK,7.0
FORSYTH-:-39 MATHIS,4.0
FORSYTH-:-40 WEST FORSYTH,5.0
FORSYTH-:-41 GRASSLAND,6.0
FORSYTH-:-42 KEITH BRIDGE,5.0
FORSYTH-:-43 LAKELAND,5.0
FORSYTH-:-44 LANIER,3.0
FORSYTH-:-45 MOUNTAINSIDE,5.0
FORSYTH-:-46 SAWMILL BRANCH,6.0
FORSYTH-:-47 RIVERCLUB,3.0
FORSYTH-:-49 CHEATAM CREEK,4.0
FORSYTH-:-50 BROWNS BRIDGE,12.0
FORSYTH-:-51 MATT,7.0
FRANKLIN-:-CANON,5.0
FRANKLIN-:-CARNESVILLE,7.0
FRANKLIN-:-LAVONIA,5.0
FRANKLIN-:-NORTHEAST FRANKLIN,4.0
FRANKLIN-:-ROYSTON,5.0
FRANKLIN-:-SOUTHWEST FRANKLIN,9.0
FRANKLIN-:-WEST FRANKLIN,7.0
FULTON-:-01A,4.0
FULTON-:-01B,7.0
FULTON-:-01C,8.0
FULTON-:-01D,6.0
FULTON-:-01E,7.0
FULTON-:-01F,4.0
FULTON-:-01G,4.0
FULTON-:-01H,5.0
FULTON-:-01I,5.0
FULTON-:-01J,5.0
FULTON-:-01P,6.0
FULTON-:-01R,4.0
FULTON-:-01S,5.0
FULTON-:-01T,4.0
FULTON-:-02A,4.0
FULTON-:-02A1,4.0
FULTON-:-02B,7.0
FULTON-:-02C,5.0
FULTON-:-02D,5.0
FULTON-:-02E,4.0
FULTON-:-02F1,7.0
FULTON-:-02F2,6.0
FULTON-:-02G,8.0
FULTON-:-02J,4.0
FULTON-:-02K,5.0
FULTON-:-02L1,5.0
FULTON-:-02L1A,6.0
FULTON-:-02L1B,4.0
FULTON-:-02L2,7.0
FULTON-:-02S,4.0
FULTON-:-02W,3.0
FULTON-:-03A,6.0
FULTON-:-03B,4.0
FULTON-:-03C,5.0
FULTON-:-03D,5.0
FULTON-:-03E,6.0
FULTON-:-03F,9.0
FULTON-:-03G,4.0
FULTON-:-03H,5.0
FULTON-:-03I,6.0
FULTON-:-03L,5.0
FULTON-:-03M,9.0
FULTON-:-03N,9.0
FULTON-:-03P1A,7.0
FULTON-:-03P1B,3.0
FULTON-:-03P2,4.0
FULTON-:-03S,7.0
FULTON-:-03T,6.0
FULTON-:-04A,6.0
FULTON-:-04B,7.0
FULTON-:-04C,5.0
FULTON-:-04D,5.0
FULTON-:-04F,4.0
FULTON-:-04G,6.0
FULTON-:-04I,8.0
FULTON-:-04J,6.0
FULTON-:-04K,6.0
FULTON-:-04L,3.0
FULTON-:-04M,5.0
FULTON-:-04S,8.0
FULTON-:-04T,4.0
FULTON-:-04V,6.0
FULTON-:-04W,4.0
FULTON-:-04X1,6.0
FULTON-:-04X2,6.0
FULTON-:-05A1,6.0
FULTON-:-05A2,7.0
FULTON-:-05B,7.0
FULTON-:-05C,4.0
FULTON-:-05D,3.0
FULTON-:-05F,3.0
FULTON-:-05J,4.0
FULTON-:-05K,7.0
FULTON-:-06B,4.0
FULTON-:-06D,4.0
FULTON-:-06D1,6.0
FULTON-:-06D2,8.0
FULTON-:-06E,6.0
FULTON-:-06F,4.0
FULTON-:-06G,4.0
FULTON-:-06I,8.0
FULTON-:-06J,10.0
FULTON-:-06L1,5.0
FULTON-:-06L2,5.0
FULTON-:-06N,4.0
FULTON-:-06Q,5.0
FULTON-:-06R,5.0
FULTON-:-06R1,4.0
FULTON-:-07A,6.0
FULTON-:-07A1,4.0
FULTON-:-07B,4.0
FULTON-:-07C,6.0
FULTON-:-07D,7.0
FULTON-:-07D1,4.0
FULTON-:-07E,5.0
FULTON-:-07F,5.0
FULTON-:-07F1,4.0
FULTON-:-07H,5.0
FULTON-:-07J,5.0
FULTON-:-07M,7.0
FULTON-:-07N,4.0
FULTON-:-08A,8.0
FULTON-:-08B,7.0
FULTON-:-08C,4.0
FULTON-:-08C1,7.0
FULTON-:-08D,6.0
FULTON-:-08E,6.0
FULTON-:-08F1,8.0
FULTON-:-08F2,3.0
FULTON-:-08G,4.0
FULTON-:-08H,7.0
FULTON-:-08J,5.0
FULTON-:-08K,4.0
FULTON-:-08L,6.0
FULTON-:-08M,5.0
FULTON-:-08N1,3.0
FULTON-:-08N2,4.0
FULTON-:-08P,4.0
FULTON-:-08P1,4.0
FULTON-:-09A,7.0
FULTON-:-09B,7.0
FULTON-:-09C,5.0
FULTON-:-09D,7.0
FULTON-:-09E,5.0
FULTON-:-09F,4.0
FULTON-:-09G,4.0
FULTON-:-09H,6.0
FULTON-:-09I,7.0
FULTON-:-09J,5.0
FULTON-:-09K,5.0
FULTON-:-09K1,6.0
FULTON-:-09L,5.0
FULTON-:-09M,6.0
FULTON-:-09N,7.0
FULTON-:-10A,6.0
FULTON-:-10B,9.0
FULTON-:-10B1,6.0
FULTON-:-10C,4.0
FULTON-:-10D,4.0
FULTON-:-10D1,8.0
FULTON-:-10D2,6.0
FULTON-:-10E,4.0
FULTON-:-10F,5.0
FULTON-:-10G,6.0
FULTON-:-10H1,4.0
FULTON-:-10H2,6.0
FULTON-:-10I,4.0
FULTON-:-10J,7.0
FULTON-:-10K,7.0
FULTON-:-10M,5.0
FULTON-:-10P,4.0
FULTON-:-10R,5.0
FULTON-:-11B,6.0
FULTON-:-11B1,5.0
FULTON-:-11B2,3.0
FULTON-:-11B3,4.0
FULTON-:-11C,4.0
FULTON-:-11C2,10.0
FULTON-:-11C3,2.0
FULTON-:-11C4,3.0
FULTON-:-11E1,8.0
FULTON-:-11E2,3.0
FULTON-:-11E3,7.0
FULTON-:-11G,6.0
FULTON-:-11H,5.0
FULTON-:-11J,7.0
FULTON-:-11K,6.0
FULTON-:-11M,4.0
FULTON-:-11M1,9.0
FULTON-:-11N,7.0
FULTON-:-11P,5.0
FULTON-:-11R,4.0
FULTON-:-12A,5.0
FULTON-:-12A1,7.0
FULTON-:-12D,7.0
FULTON-:-12E1,8.0
FULTON-:-12E2,4.0
FULTON-:-12F,8.0
FULTON-:-12G,3.0
FULTON-:-12H1,3.0
FULTON-:-12H2,5.0
FULTON-:-12I,4.0
FULTON-:-12J,4.0
FULTON-:-12K,6.0
FULTON-:-12L,6.0
FULTON-:-12M,10.0
FULTON-:-12N,5.0
FULTON-:-12S,4.0
FULTON-:-AP01A,10.0
FULTON-:-AP01B,4.0
FULTON-:-AP01C,5.0
FULTON-:-AP01D,6.0
FULTON-:-AP01E,2.0
FULTON-:-AP021,8.0
FULTON-:-AP022,6.0
FULTON-:-AP023,5.0
FULTON-:-AP02B,6.0
FULTON-:-AP03,4.0
FULTON-:-AP04A,6.0
FULTON-:-AP04B,3.0
FULTON-:-AP05,4.0
FULTON-:-AP06,5.0
FULTON-:-AP07A,9.0
FULTON-:-AP07B,5.0
FULTON-:-AP07C,4.0
FULTON-:-AP09A,8.0
FULTON-:-AP09B,3.0
FULTON-:-AP10,4.0
FULTON-:-AP12A,4.0
FULTON-:-AP12B,7.0
FULTON-:-AP12C,5.0
FULTON-:-AP12D,4.0
FULTON-:-AP14,4.0
FULTON-:-AP14A,7.0
FULTON-:-CH01,7.0
FULTON-:-CH01A,3.0
FULTON-:-CH01B,2.0
FULTON-:-CH02,9.0
FULTON-:-CH02A,4.0
FULTON-:-CH03,8.0
FULTON-:-CH04A,2.0
FULTON-:-CH05,5.0
FULTON-:-CH05A,2.0
FULTON-:-CP011,5.0
FULTON-:-CP012,11.0
FULTON-:-CP01B,3.0
FULTON-:-CP02,8.0
FULTON-:-CP04A,3.0
FULTON-:-CP04B,5.0
FULTON-:-CP051,4.0
FULTON-:-CP052,7.0
FULTON-:-CP05B,5.0
FULTON-:-CP05C,8.0
FULTON-:-CP06A,7.0
FULTON-:-CP06B,3.0
FULTON-:-CP07A,8.0
FULTON-:-CP07B,5.0
FULTON-:-CP07C,3.0
FULTON-:-CP07D,2.0
FULTON-:-CP07E,3.0
FULTON-:-CP07F,4.0
FULTON-:-CP081,5.0
FULTON-:-CP083,5.0
FULTON-:-CP084,11.0
FULTON-:-CP08A,5.0
FULTON-:-EP01A,9.0
FULTON-:-EP01B,7.0
FULTON-:-EP01C,4.0
FULTON-:-EP01D,5.0
FULTON-:-EP02A,6.0
FULTON-:-EP02B,7.0
FULTON-:-EP02C,6.0
FULTON-:-EP02D,7.0
FULTON-:-EP02E,5.0
FULTON-:-EP03A,7.0
FULTON-:-EP03B,5.0
FULTON-:-EP03C,4.0
FULTON-:-EP03D,3.0
FULTON-:-EP04A,8.0
FULTON-:-EP04B,10.0
FULTON-:-EP04C,4.0
FULTON-:-EP04D,6.0
FULTON-:-FA01A,7.0
FULTON-:-FA01B,9.0
FULTON-:-FA01C,5.0
FULTON-:-FA01D,5.0
FULTON-:-FC02,6.0
FULTON-:-HP01,8.0
FULTON-:-JC01,4.0
FULTON-:-JC01A,7.0
FULTON-:-JC02,5.0
FULTON-:-JC03A,3.0
FULTON-:-JC03B,5.0
FULTON-:-JC04A,6.0
FULTON-:-JC04B,5.0
FULTON-:-JC04C,4.0
FULTON-:-JC05,5.0
FULTON-:-JC06,6.0
FULTON-:-JC07,5.0
FULTON-:-JC08,4.0
FULTON-:-JC09,4.0
FULTON-:-JC10,9.0
FULTON-:-JC11,6.0
FULTON-:-JC12,9.0
FULTON-:-JC13A,8.0
FULTON-:-JC13B,4.0
FULTON-:-JC14,7.0
FULTON-:-JC15,4.0
FULTON-:-JC16,6.0
FULTON-:-JC18,5.0
FULTON-:-JC19,6.0
FULTON-:-JC19A,5.0
FULTON-:-ML01A,9.0
FULTON-:-ML01B,7.0
FULTON-:-ML01C,3.0
FULTON-:-ML02A,10.0
FULTON-:-ML02B,5.0
FULTON-:-ML03,6.0
FULTON-:-ML03A,4.0
FULTON-:-ML04,9.0
FULTON-:-ML05,8.0
FULTON-:-ML06A,7.0
FULTON-:-ML06B,3.0
FULTON-:-ML07A,4.0
FULTON-:-ML07B,5.0
FULTON-:-MP01,3.0
FULTON-:-PA01,10.0
FULTON-:-RW01,9.0
FULTON-:-RW02,7.0
FULTON-:-RW03,5.0
FULTON-:-RW03A,7.0
FULTON-:-RW03B,6.0
FULTON-:-RW03C,4.0
FULTON-:-RW04,5.0
FULTON-:-RW05,8.0
FULTON-:-RW05A,8.0
FULTON-:-RW06,5.0
FULTON-:-RW07A,5.0
FULTON-:-RW07B,4.0
FULTON-:-RW08,7.0
FULTON-:-RW09,7.0
FULTON-:-RW09A,5.0
FULTON-:-RW10,3.0
FULTON-:-RW10A,5.0
FULTON-:-RW11A,4.0
FULTON-:-RW11B,4.0
FULTON-:-RW12,7.0
FULTON-:-RW12A,6.0
FULTON-:-RW13,8.0
FULTON-:-RW16,4.0
FULTON-:-RW17,5.0
FULTON-:-RW19,6.0
FULTON-:-RW20,6.0
FULTON-:-RW21,3.0
FULTON-:-RW21A,9.0
FULTON-:-RW22A,7.0
FULTON-:-RW22B,4.0
FULTON-:-RW22C,3.0
FULTON-:-SC01A,5.0
FULTON-:-SC01B,7.0
FULTON-:-SC01C,5.0
FULTON-:-SC01D,3.0
FULTON-:-SC02,5.0
FULTON-:-SC02A,4.0
FULTON-:-SC04,7.0
FULTON-:-SC05A,8.0
FULTON-:-SC05B,7.0
FULTON-:-SC05C,6.0
FULTON-:-SC05D,5.0
FULTON-:-SC05E,6.0
FULTON-:-SC05F,2.0
FULTON-:-SC05G,3.0
FULTON-:-SC05H,5.0
FULTON-:-SC05J,2.0
FULTON-:-SC07A,10.0
FULTON-:-SC07B,2.0
FULTON-:-SC07C,5.0
FULTON-:-SC07D,5.0
FULTON-:-SC07E,6.0
FULTON-:-SC07F,5.0
FULTON-:-SC08A,3.0
FULTON-:-SC08B,16.0
FULTON-:-SC08C,3.0
FULTON-:-SC08D,4.0
FULTON-:-SC08E,4.0
FULTON-:-SC08F,7.0
FULTON-:-SC08G,4.0
FULTON-:-SC08H,9.0
FULTON-:-SC08I,4.0
FULTON-:-SC08J,5.0
FULTON-:-SC08K,3.0
FULTON-:-SC08L,5.0
FULTON-:-SC09A,4.0
FULTON-:-SC09B,11.0
FULTON-:-SC09C,4.0
FULTON-:-SC10,9.0
FULTON-:-SC11A,3.0
FULTON-:-SC11B,5.0
FULTON-:-SC13,9.0
FULTON-:-SC13A,6.0
FULTON-:-SC13B,3.0
FULTON-:-SC14A,6.0
FULTON-:-SC14B,3.0
FULTON-:-SC15,9.0
FULTON-:-SC15A,5.0
FULTON-:-SC15B,4.0
FULTON-:-SC16A,6.0
FULTON-:-SC16B,7.0
FULTON-:-SC17A,3.0
FULTON-:-SC17B,3.0
FULTON-:-SC17C,10.0
FULTON-:-SC17D,3.0
FULTON-:-SC18A,5.0
FULTON-:-SC18B,5.0
FULTON-:-SC18C,6.0
FULTON-:-SC18D,5.0
FULTON-:-SC19A,4.0
FULTON-:-SC19B,6.0
FULTON-:-SC19C,6.0
FULTON-:-SC20,6.0
FULTON-:-SC20A,4.0
FULTON-:-SC211,9.0
FULTON-:-SC212,9.0
FULTON-:-SC21A,4.0
FULTON-:-SC23A,6.0
FULTON-:-SC23B,4.0
FULTON-:-SC23C,7.0
FULTON-:-SC23D,3.0
FULTON-:-SC27,7.0
FULTON-:-SC29A,5.0
FULTON-:-SC29B,4.0
FULTON-:-SC29C,4.0
FULTON-:-SC30A,3.0
FULTON-:-SC30B,11.0
FULTON-:-SC31,6.0
FULTON-:-SC32,6.0
FULTON-:-SC33,6.0
FULTON-:-SS01,9.0
FULTON-:-SS01A,5.0
FULTON-:-SS02A,4.0
FULTON-:-SS02B,4.0
FULTON-:-SS03,6.0
FULTON-:-SS03A,5.0
FULTON-:-SS04,9.0
FULTON-:-SS04A,3.0
FULTON-:-SS05,6.0
FULTON-:-SS06,7.0
FULTON-:-SS06A,3.0
FULTON-:-SS07A,6.0
FULTON-:-SS07B,6.0
FULTON-:-SS07C,6.0
FULTON-:-SS07D,2.0
FULTON-:-SS08A,7.0
FULTON-:-SS08B,4.0
FULTON-:-SS08C,4.0
FULTON-:-SS08D,6.0
FULTON-:-SS08E,4.0
FULTON-:-SS08F,3.0
FULTON-:-SS09A,5.0
FULTON-:-SS09B,8.0
FULTON-:-SS11A,7.0
FULTON-:-SS11B,5.0
FULTON-:-SS11C,5.0
FULTON-:-SS11D,5.0
FULTON-:-SS12,7.0
FULTON-:-SS13A,5.0
FULTON-:-SS13B,5.0
FULTON-:-SS14,6.0
FULTON-:-SS15A,5.0
FULTON-:-SS15B,5.0
FULTON-:-SS15C,3.0
FULTON-:-SS16,7.0
FULTON-:-SS17,9.0
FULTON-:-SS18A,6.0
FULTON-:-SS18B,5.0
FULTON-:-SS18C,5.0
FULTON-:-SS19A,5.0
FULTON-:-SS19B,6.0
FULTON-:-SS20,9.0
FULTON-:-SS22,7.0
FULTON-:-SS26,4.0
FULTON-:-SS29A,5.0
FULTON-:-SS29B,3.0
FULTON-:-SS29C,6.0
FULTON-:-SS31,6.0
FULTON-:-UC01A,11.0
FULTON-:-UC01B,5.0
FULTON-:-UC01C,5.0
FULTON-:-UC01D,8.0
FULTON-:-UC01E,7.0
FULTON-:-UC02A,3.0
FULTON-:-UC02B,10.0
FULTON-:-UC02C,3.0
FULTON-:-UC02D,8.0
FULTON-:-UC02E,6.0
FULTON-:-UC02F,5.0
FULTON-:-UC02G,22.0
FULTON-:-UC031,13.0
FULTON-:-UC032,4.0
FULTON-:-UC033,5.0
FULTON-:-UC035,5.0
GILMER-:-BOARDTOWN,6.0
GILMER-:-CARTECAY,6.0
GILMER-:-CHERRY LOG,6.0
GILMER-:-EAST ELLIJAY,5.0
GILMER-:-ELLIJAY NORTH,4.0
GILMER-:-ELLIJAY NORTHEAST,6.0
GILMER-:-ELLIJAY SOUTH,6.0
GILMER-:-LEACHES,7.0
GILMER-:-MOUNTAINTOWN,8.0
GILMER-:-ROY ROAD,6.0
GILMER-:-TAILS CREEK,4.0
GILMER-:-TOWN CREEK,5.0
GILMER-:-YUKON,5.0
GLASCOCK-:-EDGEHILL,5.0
GLASCOCK-:-GIBSON,5.0
GLASCOCK-:-MILL,4.0
GLASCOCK-:-MITCHELL,5.0
GLYNN-:-ARCO,6.0
GLYNN-:-BAL,7.0
GLYNN-:-BLY,6.0
GLYNN-:-BRK,4.0
GLYNN-:-COG,7.0
GLYNN-:-CPM,5.0
GLYNN-:-CSSI,2.0
GLYNN-:-CST,4.0
GLYNN-:-HCP,7.0
GLYNN-:-HLD,4.0
GLYNN-:-JI,5.0
GLYNN-:-MAR,8.0
GLYNN-:-NGLY,7.0
GLYNN-:-NSSI,7.0
GLYNN-:-SSSI,5.0
GLYNN-:-THE,6.0
GLYNN-:-UPP,3.0
GORDON-:-CALHOUN CITY,3.0
GORDON-:-FAIRMOUNT,6.0
GORDON-:-GORDON COUNTY,9.0
GORDON-:-LILY POND,6.0
GORDON-:-OAKMAN,6.0
GORDON-:-OOSTANAULA,5.0
GORDON-:-PINE CHAPEL,6.0
GORDON-:-PLAINVILLE,6.0
GORDON-:-RED BUD,5.0
GORDON-:-RESACA,8.0
GORDON-:-SONORAVILLE,6.0
GORDON-:-SUGAR VALLEY,5.0
GRADY-:-BLOWING CAVE,5.0
GRADY-:-CAIRO 4TH DISTRICT,5.0
GRADY-:-CAIRO 5TH DISTRICT,3.0
GRADY-:-DUNCANVILLE,5.0
GRADY-:-HIGDON,5.0
GRADY-:-LIMESINK,5.0
GRADY-:-MIDWAY,8.0
GRADY-:-PINE PARK,4.0
GRADY-:-RAGAN,4.0
GRADY-:-SPENCE,4.0
GRADY-:-SPRING HILL,6.0
GRADY-:-WHIGHAM,6.0
GRADY-:-WOODLAND,8.0
GREENE-:-GREENSBORO,7.0
GREENE-:-OLD SALEM,6.0
GREENE-:-SILOAM,5.0
GREENE-:-UNION POINT,5.0
GREENE-:-WHITE PLAINS,4.0
GWINNETT-:-001 HARBINS A,5.0
GWINNETT-:-002 ROCKBRIDGE A,3.0
GWINNETT-:-003 DACULA,6.0
GWINNETT-:-004 SUWANEE A,6.0
GWINNETT-:-005 BAYCREEK A,5.0
GWINNETT-:-006 GOODWINS A,4.0
GWINNETT-:-007 DULUTH A,6.0
GWINNETT-:-008 DUNCANS A,6.0
GWINNETT-:-009 PUCKETTS A,5.0
GWINNETT-:-010 CATES A,7.0
GWINNETT-:-011 BERKSHIRE A,7.0
GWINNETT-:-012 BERKSHIRE B,9.0
GWINNETT-:-013 DUNCANS C,3.0
GWINNETT-:-014 GARNERS A,6.0
GWINNETT-:-015 LAWRENCEVILLE A,7.0
GWINNETT-:-016 LAWRENCEVILLE B,6.0
GWINNETT-:-017 MARTINS A,6.0
GWINNETT-:-018 MARTINS B,5.0
GWINNETT-:-019 MARTINS C,6.0
GWINNETT-:-020 PINCKNEYVILLE A,4.0
GWINNETT-:-021 PINCKNEYVILLE B,7.0
GWINNETT-:-022 PINCKNEYVILLE C,7.0
GWINNETT-:-023 PINCKNEYVILLE D,5.0
GWINNETT-:-024 SUGAR HILL A,6.0
GWINNETT-:-025 SUGAR HILL B,6.0
GWINNETT-:-026 HOG MOUNTAIN A,6.0
GWINNETT-:-027 HOG MOUNTAIN B,7.0
GWINNETT-:-028 ROCKYCREEK A,7.0
GWINNETT-:-029 CATES B,6.0
GWINNETT-:-030 CATES C,5.0
GWINNETT-:-031 HOG MOUNTAIN D,6.0
GWINNETT-:-032 BERKSHIRE D,6.0
GWINNETT-:-033 BERKSHIRE E,4.0
GWINNETT-:-034 BERKSHIRE F,5.0
GWINNETT-:-035 CATES D,7.0
GWINNETT-:-036 CATES E,4.0
GWINNETT-:-037 PINCKNEYVILLE E,5.0
GWINNETT-:-038 PINCKNEYVILLE F,7.0
GWINNETT-:-039 DUNCANS D,7.0
GWINNETT-:-040 PINCKNEYVILLE H,9.0
GWINNETT-:-041 BAYCREEK B,7.0
GWINNETT-:-042 LAWRENCEVILLE C,6.0
GWINNETT-:-043 MARTINS D,4.0
GWINNETT-:-044 ROCKBRIDGE B,4.0
GWINNETT-:-045 GARNERS B,7.0
GWINNETT-:-046 CATES F,4.0
GWINNETT-:-047 CATES G,6.0
GWINNETT-:-048 DULUTH B,4.0
GWINNETT-:-049 GARNERS C,3.0
GWINNETT-:-050 PINCKNEYVILLE I,6.0
GWINNETT-:-051 PINCKNEYVILLE J,5.0
GWINNETT-:-052 BERKSHIRE G,5.0
GWINNETT-:-053 CATES H,7.0
GWINNETT-:-054 SUGAR HILL C,5.0
GWINNETT-:-055 SUGAR HILL D,8.0
GWINNETT-:-056 DULUTH C,6.0
GWINNETT-:-057 DULUTH D,7.0
GWINNETT-:-058 PINCKNEYVILLE K,7.0
GWINNETT-:-059 PINCKNEYVILLE N,7.0
GWINNETT-:-060 LAWRENCEVILLE D,7.0
GWINNETT-:-061 LAWRENCEVILLE E,5.0
GWINNETT-:-062 PINCKNEYVILLE L,5.0
GWINNETT-:-063 PINCKNEYVILLE M,7.0
GWINNETT-:-064 GARNERS D,6.0
GWINNETT-:-065 BERKSHIRE H,6.0
GWINNETT-:-066 PINCKNEYVILLE O,6.0
GWINNETT-:-067 PUCKETTS E,5.0
GWINNETT-:-068 CATES I,4.0
GWINNETT-:-069 CATES J,6.0
GWINNETT-:-070 GOODWINS B,5.0
GWINNETT-:-071 LAWRENCEVILLE F,6.0
GWINNETT-:-072 MARTINS E,4.0
GWINNETT-:-073 PINCKNEYVILLE P,6.0
GWINNETT-:-074 PINCKNEYVILLE Q,4.0
GWINNETT-:-075 ROCKBRIDGE C,7.0
GWINNETT-:-076 ROCKBRIDGE D,5.0
GWINNETT-:-077 GOODWINS C,7.0
GWINNETT-:-078 BAYCREEK K,5.0
GWINNETT-:-079 CATES K,4.0
GWINNETT-:-080 BAYCREEK C,7.0
GWINNETT-:-081 CATES L,5.0
GWINNETT-:-082 DULUTH E,4.0
GWINNETT-:-083 GOODWINS D,9.0
GWINNETT-:-084 LAWRENCEVILLE G,6.0
GWINNETT-:-085 LAWRENCEVILLE H,5.0
GWINNETT-:-086 MARTINS F,5.0
GWINNETT-:-087 PINCKNEYVILLE S,4.0
GWINNETT-:-088 ROCKBRIDGE E,5.0
GWINNETT-:-089 SUGAR HILL E,6.0
GWINNETT-:-090 LAWRENCEVILLE I,6.0
GWINNETT-:-091 BAYCREEK D,6.0
GWINNETT-:-092 BERKSHIRE J,5.0
GWINNETT-:-093 CATES M,5.0
GWINNETT-:-094 CATES N,7.0
GWINNETT-:-095 DULUTH F,9.0
GWINNETT-:-096 DULUTH G,7.0
GWINNETT-:-097 GOODWINS E,7.0
GWINNETT-:-098 GOODWINS F,4.0
GWINNETT-:-099 PINCKNEYVILLE T,5.0
GWINNETT-:-100 SUWANEE B,4.0
GWINNETT-:-101 PINCKNEYVILLE U,5.0
GWINNETT-:-102 PUCKETTS B,4.0
GWINNETT-:-103 BERKSHIRE L,6.0
GWINNETT-:-104 ROCKBRIDGE F,6.0
GWINNETT-:-105 SUGAR HILL F,6.0
GWINNETT-:-106 SUWANEE C,9.0
GWINNETT-:-107 CATES O,4.0
GWINNETT-:-108 BAYCREEK E,3.0
GWINNETT-:-109 BERKSHIRE M,7.0
GWINNETT-:-110 MARTINS G,6.0
GWINNETT-:-111 DULUTH H,5.0
GWINNETT-:-112 BERKSHIRE N,6.0
GWINNETT-:-113 PINCKNEYVILLE V,3.0
GWINNETT-:-114 PINCKNEYVILLE W,6.0
GWINNETT-:-115 MARTINS H,5.0
GWINNETT-:-116 MARTINS I,5.0
GWINNETT-:-117 MARTINS J,4.0
GWINNETT-:-118 GARNERS F,6.0
GWINNETT-:-119 BERKSHIRE O,7.0
GWINNETT-:-120 BERKSHIRE P,4.0
GWINNETT-:-121 PINCKNEYVILLE X,4.0
GWINNETT-:-122 ROCKBRIDGE G,7.0
GWINNETT-:-123 PINCKNEYVILLE Y,5.0
GWINNETT-:-124 GOODWINS G,5.0
GWINNETT-:-125 PINCKNEYVILLE Z,3.0
GWINNETT-:-126 PINCKNEYVILLE A1,7.0
GWINNETT-:-127 LAWRENCEVILLE J,5.0
GWINNETT-:-128 GOODWINS H,3.0
GWINNETT-:-129 DUNCANS B,6.0
GWINNETT-:-130 SUWANEE D,7.0
GWINNETT-:-131 SUWANEE E,3.0
GWINNETT-:-132 LAWRENCEVILLE K,4.0
GWINNETT-:-133 HARBINS B,7.0
GWINNETT-:-134 BAYCREEK F,7.0
GWINNETT-:-135 PUCKETTS C,5.0
GWINNETT-:-136 HOG MOUNTAIN C,6.0
GWINNETT-:-137 ROCKYCREEK B,4.0
GWINNETT-:-138 DULUTH I,4.0
GWINNETT-:-139 MARTINS K,5.0
GWINNETT-:-140 SUWANEE H,6.0
GWINNETT-:-141 SUGAR HILL G,3.0
GWINNETT-:-142 SUWANEE F,4.0
GWINNETT-:-143 LAWRENCEVILLE L,7.0
GWINNETT-:-144 LAWRENCEVILLE M,5.0
GWINNETT-:-145 BAYCREEK G,5.0
GWINNETT-:-146 BAYCREEK H,6.0
GWINNETT-:-147 BAYCREEK I,5.0
GWINNETT-:-148 BERKSHIRE Q,6.0
GWINNETT-:-149 GOODWINS I,4.0
GWINNETT-:-150 DULUTH K,5.0
GWINNETT-:-151 HARBINS C,5.0
GWINNETT-:-152 ROCKYCREEK C,4.0
GWINNETT-:-153 LAWRENCEVILLE N,4.0
GWINNETT-:-154 PUCKETTS D,5.0
GWINNETT-:-155 SUWANEE G,5.0
GWINNETT-:-156 BAYCREEK J,5.0
HABERSHAM-:-AMYS CREEK,5.0
HABERSHAM-:-DEMOREST,2.0
HABERSHAM-:-HABERSHAM NORTH,8.0
HABERSHAM-:-HABERSHAM SOUTH,7.0
HABERSHAM-:-MOUNT AIRY,1.0
HABERSHAM-:-MUD CREEK,7.0
HALL-:-BARK CAMP,5.0
HALL-:-BIG HICKORY,5.0
HALL-:-CANDLER,8.0
HALL-:-CHESTATEE,6.0
HALL-:-CHICOPEE,6.0
HALL-:-CLERMONT,5.0
HALL-:-FLOWERY BRANCH I,5.0
HALL-:-FLOWERY BRANCH II,5.0
HALL-:-FORK,5.0
HALL-:-FRIENDSHIP I,5.0
HALL-:-FRIENDSHIP II,7.0
HALL-:-FRIENDSHIP III,8.0
HALL-:-FRIENDSHIP IV,3.0
HALL-:-GAINESVILLE I,6.0
HALL-:-GAINESVILLE II,4.0
HALL-:-GAINESVILLE III,8.0
HALL-:-GAINESVILLE IV,6.0
HALL-:-GAINESVILLE V,4.0
HALL-:-GILLSVILLE,5.0
HALL-:-GLADE,6.0
HALL-:-LULA,9.0
HALL-:-MORGAN I,6.0
HALL-:-MORGAN II,4.0
HALL-:-OAKWOOD I,6.0
HALL-:-OAKWOOD II,5.0
HALL-:-QUILLIANS,5.0
HALL-:-ROBERTS,8.0
HALL-:-TADMORE,7.0
HALL-:-WEST WHELCHEL,6.0
HALL-:-WHELCHEL,7.0
HALL-:-WILSON,6.0
HANCOCK-:-DEVEREUX FIRE STATION,8.0
HANCOCK-:-HANCOCK BOE,8.0
HANCOCK-:-HANCOCK SENIOR CITIZEN CENTER,4.0
HANCOCK-:-MAYFIELD COMMUNITY CENTER,4.0
HANCOCK-:-POWER OF GOD,9.0
HANCOCK-:-SECOND BEULAH,5.0
HANCOCK-:-SECOND DARRIEN,5.0
HANCOCK-:-SPARTA 4C,5.0
HANCOCK-:-WARREN CHAPEL,4.0
HANCOCK-:-YOUTH CENTER,5.0
HARALSON-:-BEREA-STEADMAN,3.0
HARALSON-:-BREMEN,6.0
HARALSON-:-BUCHANAN,9.0
HARALSON-:-BUNCOMBE,4.0
HARALSON-:-CORINTH,6.0
HARALSON-:-FELTON,4.0
HARALSON-:-LITTLE CREEK,4.0
HARALSON-:-MT VIEW,6.0
HARALSON-:-SEVENTH,5.0
HARALSON-:-TALLAPOOSA,4.0
HARALSON-:-TWENTIETH,5.0
HARALSON-:-WACO,5.0
HARRIS-:-CATAULA,6.0
HARRIS-:-ELLERSLIE,3.0
HARRIS-:-GOODMAN,7.0
HARRIS-:-HAMILTON,8.0
HARRIS-:-LOWER 19TH,5.0
HARRIS-:-MULBERRY GROVE,5.0
HARRIS-:-PINE MOUNTAIN VALLEY,3.0
HARRIS-:-SKINNER,3.0
HARRIS-:-UPPER 19TH,4.0
HARRIS-:-VALLEY PLAINS,6.0
HARRIS-:-WAVERLY HALL,9.0
HARRIS-:-WHITESVILLE,6.0
HART-:-BIO,7.0
HART-:-BOWERSVILLE,6.0
HART-:-COKESBURY,4.0
HART-:-GOLDMINE,6.0
HART-:-HARTWELL,5.0
HART-:-REED CREEK,2.0
HART-:-SHOAL CREEK,5.0
HEARD-:-CENTRALHATCHEE,4.0
HEARD-:-COOKSVILLE-CORINTH,6.0
HEARD-:-ENON GROVE,5.0
HEARD-:-EPHESUS,4.0
HEARD-:-FRANKLIN,6.0
HEARD-:-SOUTHWEST,4.0
HENRY-:-AUSTIN ROAD,5.0
HENRY-:-COTTON INDIAN,7.0
HENRY-:-DUTCHTOWN,5.0
HENRY-:-EAST LAKE,8.0
HENRY-:-ELLENWOOD,6.0
HENRY-:-FLIPPEN,6.0
HENRY-:-GROVE PARK,4.0
HENRY-:-HICKORY FLAT,4.0
HENRY-:-KELLEYTOWN,6.0
HENRY-:-LAKE DOW,5.0
HENRY-:-LAKE HAVEN,6.0
HENRY-:-LIGHTHOUSE,8.0
HENRY-:-LOCUST GROVE,6.0
HENRY-:-LOWES,7.0
HENRY-:-MCDONOUGH,5.0
HENRY-:-MCDONOUGH CENTRAL,6.0
HENRY-:-MCMULLEN,6.0
HENRY-:-MOUNT CARMEL,6.0
HENRY-:-MT BETHEL,6.0
HENRY-:-NORTH HAMPTON,6.0
HENRY-:-OAKLAND,6.0
HENRY-:-PATES CREEK,9.0
HENRY-:-PLEASANT GROVE,6.0
HENRY-:-RED OAK,6.0
HENRY-:-SANDY RIDGE,4.0
HENRY-:-SHAKERAG,8.0
HENRY-:-SHILOH,6.0
HENRY-:-SOUTH HAMPTON,6.0
HENRY-:-STAGECOACH,5.0
HENRY-:-STOCKBRIDGE CENTRAL,7.0
HENRY-:-STOCKBRIDGE EAST-WEST,6.0
HENRY-:-SWAN LAKE,5.0
HENRY-:-TIMBERRIDGE,6.0
HENRY-:-TUSSAHAW,7.0
HENRY-:-UNITY GROVE,6.0
HENRY-:-WESLEY LAKES,6.0
HENRY-:-WESTSIDE,6.0
HOUSTON-:-ANNX,4.0
HOUSTON-:-BMS,6.0
HOUSTON-:-CENT,4.0
HOUSTON-:-CGTC,6.0
HOUSTON-:-FMMS,6.0
HOUSTON-:-HAFS,5.0
HOUSTON-:-HEFS,6.0
HOUSTON-:-HHPC,5.0
HOUSTON-:-MCMS,4.0
HOUSTON-:-NHSC,7.0
HOUSTON-:-PEC,8.0
HOUSTON-:-ROZR,4.0
HOUSTON-:-TMS,7.0
HOUSTON-:-TWPK,7.0
HOUSTON-:-VFW,5.0
HOUSTON-:-VHS,8.0
HOUSTON-:-WELLSTON CENTER,7.0
IRWIN-:-IRWINVILLE,6.0
IRWIN-:-OCILLA,9.0
JACKSON-:-CENTRAL JACKSON,7.0
JACKSON-:-NORTH JACKSON,9.0
JACKSON-:-SOUTH JACKSON,7.0
JACKSON-:-WEST JACKSON,5.0
JASPER-:-MARTIN & BURNEY,5.0
JASPER-:-MONTICELLO,7.0
JASPER-:-WYATT,6.0
JEFF DAVIS-:-ALTAMAHA 1,3.0
JEFF DAVIS-:-ALTAMAHA 2,7.0
JEFF DAVIS-:-BLACKBURN 1,7.0
JEFF DAVIS-:-BLACKBURN 2,6.0
JEFF DAVIS-:-HAZLEHURST,7.0
JEFF DAVIS-:-OCMULGEE 1,5.0
JEFF DAVIS-:-OCMULGEE 2,7.0
JEFF DAVIS-:-WHITEHEAD 1,6.0
JEFF DAVIS-:-WHITEHEAD 2,4.0
JEFFERSON-:-AVERA,6.0
JEFFERSON-:-BARTOW,6.0
JEFFERSON-:-LOUISVILLE,12.0
JEFFERSON-:-MATTHEWS,5.0
JEFFERSON-:-STAPLETON,5.0
JEFFERSON-:-STAPLETON CROSSROADS,4.0
JEFFERSON-:-WADLEY,4.0
JEFFERSON-:-WRENS,9.0
JENKINS-:-COURT HOUSE,3.0
JENKINS-:-FOUR POINTS,8.0
JENKINS-:-PERKINS,9.0
JENKINS-:-PRIMARY SCHOOL,4.0
JENKINS-:-SENIOR CITIZENS CENTER,7.0
JOHNSON-:-BRAY,5.0
JOHNSON-:-KITE,5.0
JOHNSON-:-SMITH,5.0
JOHNSON-:-WRIGHTSVILLE,8.0
JONES-:-BARRON,7.0
JONES-:-CLINTON,6.0
JONES-:-DAVIDSON,6.0
JONES-:-ETHRIDGE,3.0
JONES-:-FINNEY,8.0
JONES-:-GRAY,7.0
JONES-:-HAWKINS,5.0
JONES-:-POPE,6.0
JONES-:-ROBERTS,6.0
JONES-:-SANDERS,5.0
LAMAR-:-BARNESVILLE,3.0
LAMAR-:-CIVIC CENTER,12.0
LAMAR-:-LCSC,9.0
LAMAR-:-MILNER,5.0
LANIER-:-LAKELAND,9.0
LAURENS-:-BREWTON,5.0
LAURENS-:-BUCKEYE,6.0
LAURENS-:-BURCH,7.0
LAURENS-:-CADWELL,5.0
LAURENS-:-CALHOUN PARK,4.0
LAURENS-:-DUDLEY,6.0
LAURENS-:-FBC-FLC,3.0
LAURENS-:-FIRE DEPT STATION #5,7.0
LAURENS-:-HAMPTON MILL,7.0
LAURENS-:-LCFS #10 (VALAMBROSIA),8.0
LAURENS-:-MINTER,6.0
LAURENS-:-REEDY SPRINGS,4.0
LAURENS-:-RURAL FIRE STATION #17,8.0
LAURENS-:-SMITH,6.0
LAURENS-:-W T ADAMS FIRE STA #18,6.0
LEE-:-CENTURY FIRE STATION,5.0
LEE-:-CHOKEE,7.0
LEE-:-CJC,5.0
LEE-:-FLINT REFORMED BAPTIST,3.0
LEE-:-FRIENDSHIP BAPTIST,6.0
LEE-:-LEESBURG,6.0
LEE-:-REDBONE,6.0
LEE-:-SDA CHURCH,6.0
LEE-:-SMITHVILLE,6.0
LEE-:-THE BINDERY AT OAKLAND,5.0
LIBERTY-:-FLEMING EAST,5.0
LIBERTY-:-GUM BRANCH,10.0
LIBERTY-:-HINESVILLE,3.0
LIBERTY-:-LEWIS FRASIER SCHOOL,6.0
LIBERTY-:-LIBERTY CO COMPLEX,8.0
LIBERTY-:-LYMAN HALL SCHOOL,6.0
LIBERTY-:-MEMORIAL DRIVE EAST,6.0
LIBERTY-:-PERFORMING ARTS CENTER,8.0
LIBERTY-:-PROGRESSIVE CHURCH,4.0
LIBERTY-:-RICEBORO YOUTH CENTER,5.0
LIBERTY-:-TOWN OF ALLENHURST,5.0
LIBERTY-:-VICTORY BAPTIST,10.0
LINCOLN-:-BETHANY CHURCH,4.0
LINCOLN-:-FAITH TEMPLE OF LINCOLN,4.0
LINCOLN-:-LINCOLN CENTER,6.0
LINCOLN-:-LINCOLN CLUB HOUSE,4.0
LINCOLN-:-MARTINS CROSSROAD,4.0
LINCOLN-:-MIDWAY,5.0
LINCOLN-:-TABERNACLE,5.0
LONG-:-ALMA,7.0
LONG-:-ANNEX BLUE,5.0
LONG-:-ANNEX RED,4.0
LONG-:-CITY HALL,6.0
LONG-:-DARWELL,5.0
LONG-:-MARCUS,4.0
LONG-:-TIBET,7.0
LOWNDES-:-CLYATTVILLE COMMUNITY CENTER,4.0
LOWNDES-:-DASHER CITY HALL,3.0
LOWNDES-:-ELECTIONS OFFICE,5.0
LOWNDES-:-HAHIRA COMMUNITY CENTER,4.0
LOWNDES-:-HISTORICAL SOCIETY,6.0
LOWNDES-:-JAYCEE COMMUNITY CENTER,5.0
LOWNDES-:-LAKE PARK,6.0
LOWNDES-:-LOWNDES CIVIC,9.0
LOWNDES-:-MILDRED COMMUNITY CENTER,3.0
LOWNDES-:-MT. CALVARY CHURCH,6.0
LOWNDES-:-NAYLOR COMMUNITY CENTER,5.0
LOWNDES-:-NEW JERUSALEM,5.0
LOWNDES-:-PINE GROVE CHURCH,6.0
LOWNDES-:-RAINWATER,14.0
LOWNDES-:-SOUTH LOWNDES RECREATION CENTER,3.0
LOWNDES-:-TRAIN DEPOT,6.0
LOWNDES-:-TRINITY CHURCH,7.0
LOWNDES-:-VSU,2.0
LUMPKIN-:-DAHLONEGA,13.0
MACON-:-IDEAL,7.0
MACON-:-MARSHALLVILLE,7.0
MACON-:-MONTEZUMA #4,6.0
MACON-:-MONTEZUMA #5,4.0
MACON-:-OGLETHORPE,3.0
MADISON-:-COLBERT,4.0
MADISON-:-COLLINS,6.0
MADISON-:-COMER,5.0
MADISON-:-DANIELSVILLE,9.0
MADISON-:-FORK,6.0
MADISON-:-HARRISON,5.0
MADISON-:-HULL,5.0
MADISON-:-ILA,6.0
MADISON-:-MILL,6.0
MADISON-:-PAOLI,4.0
MADISON-:-PITTMAN,5.0
MADISON-:-POCA,4.0
MARION-:-BRANTLEY,5.0
MARION-:-BUENA VISTA,8.0
MARION-:-FORT PERRY,6.0
MARION-:-PINEKNOT,5.0
MARION-:-TAZEWELL,5.0
MCDUFFIE-:-CEDAR ROCK,5.0
MCDUFFIE-:-DEARING,7.0
MCDUFFIE-:-DEPOT,3.0
MCDUFFIE-:-FORT CREEK,6.0
MCDUFFIE-:-NMCDUFFIE,10.0
MCDUFFIE-:-SWEETWATER,6.0
MCDUFFIE-:-WHITE OAK,7.0
MCINTOSH-:-CRESCENT,4.0
MCINTOSH-:-DARIEN,7.0
MCINTOSH-:-NORTH DARIEN,5.0
MCINTOSH-:-SAPELO ISLAND,4.0
MCINTOSH-:-SOUTH NEWPORT,6.0
MERIWETHER-:-2ND-WARM SPRINGS,8.0
MERIWETHER-:-7TH-ODESSADALE,6.0
MERIWETHER-:-8TH-GREENVILLE,8.0
MERIWETHER-:-CHALYBEATE,6.0
MERIWETHER-:-COVE,4.0
MERIWETHER-:-GILL I,4.0
MERIWETHER-:-GILL II,4.0
MERIWETHER-:-LONE OAK,5.0
MERIWETHER-:-LOWER 9TH-WOODBURY,6.0
MERIWETHER-:-LUTHERSVILLE,7.0
MERIWETHER-:-MIDDLE 9TH-GAY,6.0
MERIWETHER-:-RALEIGH,5.0
MERIWETHER-:-THIRD-DURAND,5.0
MERIWETHER-:-UPPER 9TH-ALVATON,5.0
MILLER-:-COLQUITT-MILLER,9.0
MITCHELL-:-BACONTON,5.0
MITCHELL-:-BRANCHVILLE,6.0
MITCHELL-:-CAMILLA NORTH,8.0
MITCHELL-:-CAMILLA SOUTH,6.0
MITCHELL-:-COTTON,6.0
MITCHELL-:-HINSONTON,5.0
MITCHELL-:-HOPEFUL,4.0
MITCHELL-:-LESTER,8.0
MITCHELL-:-PEBBLE CITY,5.0
MITCHELL-:-PELHAM,6.0
MITCHELL-:-SALE CITY,5.0
MONROE-:-BENTONS,4.0
MONROE-:-BRANTLEYS,5.0
MONROE-:-BURGAYS,7.0
MONROE-:-CABANISS,6.0
MONROE-:-COX,5.0
MONROE-:-CULLODEN,4.0
MONROE-:-DILLARDS,6.0
MONROE-:-EVERS,5.0
MONROE-:-FORSYTH,5.0
MONROE-:-HIGH FALLS,4.0
MONROE-:-KELSEYS,7.0
MONROE-:-MIDDLEBROOKS,6.0
MONROE-:-PROCTORS,5.0
MONROE-:-RUSSELLVILLE,5.0
MONTGOMERY-:-HIGGSTON PRECINCT,5.0
MONTGOMERY-:-MOUNT VERNON PRECINCT,5.0
MONTGOMERY-:-UVALDA PRECINCT,8.0
MORGAN-:-BUCKHEAD,7.0
MORGAN-:-CENTENNIAL,6.0
MORGAN-:-DFACS,6.0
MORGAN-:-GIBBS,10.0
MORGAN-:-REC DEPT,3.0
MURRAY-:-CARTERS-DOOLITTLE,7.0
MURRAY-:-MCDONALD,5.0
MURRAY-:-NORTH,5.0
MURRAY-:-SHUCK PEN,5.0
MURRAY-:-SOUTHWEST,8.0
MURRAY-:-SPRING PLACE,4.0
MURRAY-:-TOWN,7.0
MUSCOGEE-:-BRITT DAVID,6.0
MUSCOGEE-:-CANAAN,7.0
MUSCOGEE-:-CENTRAL BAPTIST,4.0
MUSCOGEE-:-CHATTAHOOCHEE,9.0
MUSCOGEE-:-COLUMBUS PUBLIC LIBRARY,6.0
MUSCOGEE-:-COLUMBUS TECH,6.0
MUSCOGEE-:-CUSSETA RD,5.0
MUSCOGEE-:-EDGEWOOD BAPTIST,5.0
MUSCOGEE-:-EPWORTH UMC,5.0
MUSCOGEE-:-FAITH TABERNACLE,3.0
MUSCOGEE-:-FIRST AFRICAN,4.0
MUSCOGEE-:-GATEWAY,6.0
MUSCOGEE-:-GENTIAN/CUNNINGHAM,8.0
MUSCOGEE-:-INC COLUMBUS,5.0
MUSCOGEE-:-MARIANNA GALLOPS,5.0
MUSCOGEE-:-MOON,5.0
MUSCOGEE-:-MT PILGRIM,3.0
MUSCOGEE-:-OUR LADY OF LOURDES,12.0
MUSCOGEE-:-PSALMOND,7.0
MUSCOGEE-:-SALVATION ARMY,4.0
MUSCOGEE-:-ST ANDREWS,6.0
MUSCOGEE-:-ST JOHN/SHIRLEY WINSTON,4.0
MUSCOGEE-:-ST PAUL,6.0
MUSCOGEE-:-ST. PETER,3.0
MUSCOGEE-:-WYNNBROOK,3.0
NEWTON-:-02-TOWN,7.0
NEWTON-:-03-ALMON,6.0
NEWTON-:-04-ALCOVY,5.0
NEWTON-:-05-COVINGTON MILLS,4.0
NEWTON-:-06-BREWERS,6.0
NEWTON-:-07-BRICK STORE,4.0
NEWTON-:-09-LIVINGSTON,7.0
NEWTON-:-10-DOWNS,8.0
NEWTON-:-12-GUM CREEK,8.0
NEWTON-:-13-BEAVERDAM,6.0
NEWTON-:-14-LEGUINN,7.0
NEWTON-:-15-MANSFIELD,7.0
NEWTON-:-17-OXFORD,6.0
NEWTON-:-18-ROCKY PLAINS,5.0
NEWTON-:-19-BUCK CREEK,6.0
NEWTON-:-20-STANSELLS,5.0
NEWTON-:-23-FAIRVIEW,3.0
NEWTON-:-24-CROWELL,5.0
NEWTON-:-25-HUB,5.0
OCONEE-:-BISHOP,6.0
OCONEE-:-BOGART,4.0
OCONEE-:-CITY HALL,5.0
OCONEE-:-CIVIC CENTER,6.0
OCONEE-:-COLHAM FERRY,8.0
OCONEE-:-DARK CORNER,7.0
OCONEE-:-MARSWOOD HALL,7.0
OCONEE-:-NORTH OCONEE,6.0
OGLETHORPE-:-BEAVERDAM,8.0
OGLETHORPE-:-CRAWFORD,5.0
OGLETHORPE-:-LEXINGTON,11.0
PAULDING-:-ACTIVATION CHURCH,6.0
PAULDING-:-AIRPORT,5.0
PAULDING-:-BURNT HICKORY PARK,10.0
PAULDING-:-CARL SCOGGINS MIDDLE SCHOOL,9.0
PAULDING-:-CROSSROADS LIBRARY,4.0
PAULDING-:-DIANNE WRIGHT INNOVATION CENTER,5.0
PAULDING-:-DOBBINS MIDDLE SCHOOL,9.0
PAULDING-:-E PAULDING MIDDLE SCHOOL,7.0
PAULDING-:-HIGH SHOALS BAPTIST CHURCH,3.0
PAULDING-:-LEGACY BAPTIST CHURCH,5.0
PAULDING-:-NORTH INDUSTRIAL,5.0
PAULDING-:-POPLAR SPRINGS BAPTIST,6.0
PAULDING-:-RUSSOM ELEMENTARY,8.0
PAULDING-:-S PAULDING MIDDLE SCHOOL,6.0
PAULDING-:-SHELTON ELEMENTARY,5.0
PAULDING-:-TABERNACLE BAPTIST CHURCH,7.0
PAULDING-:-TAYLOR FARM PARK,4.0
PAULDING-:-THE EVENTS PLACE,5.0
PAULDING-:-WATSON GOVT COMPLEX,7.0
PAULDING-:-WHITE OAK PARK,7.0
PAULDING-:-YORKVILLE BAPTIST CHURCH,4.0
PEACH-:-BYRON 1,4.0
PEACH-:-BYRON 2,6.0
PEACH-:-CLAUDE,7.0
PEACH-:-FORT VALLEY 1,7.0
PEACH-:-FORT VALLEY 2,6.0
PEACH-:-FORT VALLEY 3,4.0
PEACH-:-POWERSVILLE,5.0
PICKENS-:-APPALACHIAN,5.0
PICKENS-:-HILL CITY,6.0
PICKENS-:-HINTON,4.0
PICKENS-:-JASPER,3.0
PICKENS-:-JERUSALEM,6.0
PICKENS-:-LUDVILLE,6.0
PICKENS-:-NELSON,4.0
PICKENS-:-REFUGE,6.0
PICKENS-:-SHARPTOP,7.0
PICKENS-:-TALKING ROCK,9.0
PICKENS-:-TATE,8.0
PICKENS-:-YELLOW CREEK,7.0
PIERCE-:-ALABAHA,7.0
PIERCE-:-BLACKSHEAR,7.0
PIERCE-:-HACKLEBARNEY/CASON,6.0
PIERCE-:-MERSHON,4.0
PIERCE-:-OTTER CREEK,7.0
PIERCE-:-PATTERSON,5.0
PIERCE-:-ST. JOHNS/BLACKSHEAR,3.0
PIERCE-:-SUNSET/SWEAT,4.0
PIKE-:-CONCORD,5.0
PIKE-:-HOLLONVILLE,5.0
PIKE-:-LIFSEY SPRINGS,4.0
PIKE-:-MEANSVILLE,4.0
PIKE-:-MOLENA,4.0
PIKE-:-SECOND DISTRICT,6.0
PIKE-:-WILLIAMSON,6.0
PIKE-:-ZEBULON,6.0
POLK-:-ARAGON,7.0
POLK-:-BLOOMING GROVE,4.0
POLK-:-CAMP ANTIOCH,7.0
POLK-:-FISH CREEK,4.0
POLK-:-GOODYEAR,3.0
POLK-:-LAKE CREEK,8.0
POLK-:-ROCKMART,8.0
PULASKI-:-COURTHOUSE ANNEX,10.0
PUTNAM-:-101,8.0
PUTNAM-:-104,4.0
PUTNAM-:-105,6.0
PUTNAM-:-106,6.0
PUTNAM-:-107,8.0
QUITMAN-:-GEORGETOWN,4.0
QUITMAN-:-MORRIS,4.0
RABUN-:-RABUN COUNTY,3.0
RANDOLPH-:-BENEVOLENCE,8.0
RANDOLPH-:-COLEMAN,4.0
RANDOLPH-:-CUTHBERT,1.0
RANDOLPH-:-CUTHBERT-COURTHOUSE,8.0
RANDOLPH-:-SHELLMAN,6.0
RANDOLPH-:-SPRINGVALE,6.0
RICHMOND-:-101,3.0
RICHMOND-:-102,3.0
RICHMOND-:-103,7.0
RICHMOND-:-104,8.0
RICHMOND-:-105,4.0
RICHMOND-:-106,5.0
RICHMOND-:-107,5.0
RICHMOND-:-108,4.0
RICHMOND-:-109,3.0
RICHMOND-:-110,4.0
RICHMOND-:-111,7.0
RICHMOND-:-112,4.0
RICHMOND-:-115,4.0
RICHMOND-:-201,7.0
RICHMOND-:-202,5.0
RICHMOND-:-203,3.0
RICHMOND-:-204,7.0
RICHMOND-:-207,8.0
RICHMOND-:-208,6.0
RICHMOND-:-210,5.0
RICHMOND-:-301,8.0
RICHMOND-:-302,5.0
RICHMOND-:-303,7.0
RICHMOND-:-304,3.0
RICHMOND-:-306,8.0
RICHMOND-:-307,5.0
RICHMOND-:-308,4.0
RICHMOND-:-310,8.0
RICHMOND-:-401,4.0
RICHMOND-:-402,6.0
RICHMOND-:-403,6.0
RICHMOND-:-405,5.0
RICHMOND-:-406,6.0
RICHMOND-:-501,4.0
RICHMOND-:-502,7.0
RICHMOND-:-503,5.0
RICHMOND-:-504,5.0
RICHMOND-:-505,4.0
RICHMOND-:-506,6.0
RICHMOND-:-507,5.0
RICHMOND-:-601,5.0
RICHMOND-:-602,5.0
RICHMOND-:-604,8.0
RICHMOND-:-605,7.0
RICHMOND-:-606,4.0
RICHMOND-:-607,4.0
RICHMOND-:-608,3.0
RICHMOND-:-701,5.0
RICHMOND-:-702,3.0
RICHMOND-:-703,4.0
RICHMOND-:-704,3.0
RICHMOND-:-705,5.0
RICHMOND-:-706,5.0
RICHMOND-:-707,5.0
RICHMOND-:-708,4.0
RICHMOND-:-709,5.0
RICHMOND-:-801,4.0
RICHMOND-:-801B,4.0
RICHMOND-:-802,6.0
RICHMOND-:-803,11.0
RICHMOND-:-804,8.0
RICHMOND-:-804H,4.0
RICHMOND-:-805,3.0
RICHMOND-:-806,7.0
RICHMOND-:-807,4.0
RICHMOND-:-808,3.0
RICHMOND-:-810,4.0
RICHMOND-:-811,4.0
ROCKDALE-:-BA,7.0
ROCKDALE-:-BT,10.0
ROCKDALE-:-CO,3.0
ROCKDALE-:-FI,8.0
ROCKDALE-:-FS,3.0
ROCKDALE-:-HC,4.0
ROCKDALE-:-HI,4.0
ROCKDALE-:-LA,6.0
ROCKDALE-:-LO,10.0
ROCKDALE-:-MA,6.0
ROCKDALE-:-MI,7.0
ROCKDALE-:-OT,10.0
ROCKDALE-:-RO,5.0
ROCKDALE-:-SM,6.0
ROCKDALE-:-SP,7.0
ROCKDALE-:-ST,5.0
SCHLEY-:-PRECINCT 1,7.0
SCREVEN-:-BAY BRANCH FIRE STATION 9,6.0
SCREVEN-:-CAIL COMMUNITY CENTER,5.0
SCREVEN-:-HILTONIA TOWN HALL 1,7.0
SCREVEN-:-JENK HILL FIRE STATION 2,6.0
SCREVEN-:-PLANTERS ANNEX,5.0
SCREVEN-:-ROBBINS BRANCH FIRE STATION 10,5.0
SCREVEN-:-SENIOR CITIZENS CENTER,3.0
SEMINOLE-:-PRECINCT 1,6.0
SEMINOLE-:-PRECINCT 2,5.0
SEMINOLE-:-PRECINCT 3,3.0
SEMINOLE-:-PRECINCT 4,7.0
SEMINOLE-:-PRECINCT 5,3.0
SPALDING-:-1,5.0
SPALDING-:-10,7.0
SPALDING-:-11,8.0
SPALDING-:-12,8.0
SPALDING-:-13,6.0
SPALDING-:-14,5.0
SPALDING-:-16,8.0
SPALDING-:-19,7.0
SPALDING-:-2,5.0
SPALDING-:-20,5.0
SPALDING-:-21,5.0
SPALDING-:-3,5.0
SPALDING-:-5,5.0
SPALDING-:-6,7.0
SPALDING-:-7,4.0
SPALDING-:-8,5.0
SPALDING-:-9,8.0
STEPHENS-:-STEPHENS COUNTY 1,6.0
STEWART-:-LOUVALE,4.0
STEWART-:-LUMPKIN,7.0
STEWART-:-OMAHA,2.0
STEWART-:-RICHLAND,6.0
SUMTER-:-AG CENTER,9.0
SUMTER-:-AIRPORT,7.0
SUMTER-:-ANDERSONVILLE,9.0
SUMTER-:-BROWNS MILL,5.0
SUMTER-:-CONCORD,5.0
SUMTER-:-JROTC,4.0
SUMTER-:-LESLIE,7.0
SUMTER-:-PLAINS,4.0
SUMTER-:-REC DEPT,3.0
SUMTER-:-REES PARK,5.0
SUMTER-:-THOMPSON,8.0
TALBOT-:-BOX SPRINGS,7.0
TALBOT-:-FLINT HILL,6.0
TALBOT-:-GENEVA,6.0
TALBOT-:-JUNCTION CITY,8.0
TALBOT-:-ONEAL,5.0
TALBOT-:-TALBOTTON,4.0
TALBOT-:-VALLEY,8.0
TALIAFERRO-:-CRAWFORDVILLE,10.0
TALIAFERRO-:-SHARON,4.0
TATTNALL-:-COBBTOWN,3.0
TATTNALL-:-COLLINS,6.0
TATTNALL-:-DISTRICT II,6.0
TATTNALL-:-DISTRICT IV,5.0
TATTNALL-:-DISTRICT V,7.0
TATTNALL-:-EAST GLENNVILLE,5.0
TATTNALL-:-MANASSAS,3.0
TATTNALL-:-SHILOH,4.0
TAYLOR-:-PRECINCT 1,2.0
TAYLOR-:-PRECINCT 5,7.0
TAYLOR-:-PRECINCT 6,8.0
TELFAIR-:-HELENA,6.0
TELFAIR-:-JACKSONVILLE,6.0
TELFAIR-:-LUMBER-CITY,6.0
TELFAIR-:-MCRAE,6.0
TELFAIR-:-MILAN,7.0
TELFAIR-:-SCOTLAND,3.0
TERRELL-:-BRONWOOD,7.0
TERRELL-:-DAWSON,4.0
TERRELL-:-GRAVES,6.0
TERRELL-:-HEROD-DOVER,5.0
TERRELL-:-PARROTT,5.0
TERRELL-:-SASSER,7.0
THOMAS-:-BARWICK,6.0
THOMAS-:-BOSTON,4.0
THOMAS-:-CENTRAL,6.0
THOMAS-:-COOLIDGE,5.0
THOMAS-:-DOUGLASS,4.0
THOMAS-:-FIRE STATION #2,8.0
THOMAS-:-GATLIN CREEK,6.0
THOMAS-:-HARPER,5.0
THOMAS-:-JERGER,4.0
THOMAS-:-LITTLE OCHLOCKNEE BAPTIST,7.0
THOMAS-:-MEIGS,6.0
THOMAS-:-MERRILLVILLE,5.0
THOMAS-:-METCALFE,3.0
THOMAS-:-NEW COVENANT,10.0
THOMAS-:-OCHLOCKNEE,5.0
THOMAS-:-PATTEN,5.0
THOMAS-:-PAVO,6.0
THOMAS-:-REMINGTON ESC,7.0
THOMAS-:-RESOURCE CENTER,4.0
THOMAS-:-SCOTT,4.0
TIFT-:-BRIGHTON,5.0
TIFT-:-BROOKFIELD,7.0
TIFT-:-CHULA,7.0
TIFT-:-DOCIA,5.0
TIFT-:-ELDORADO,6.0
TIFT-:-MOTT-LITMAN GYM,6.0
TIFT-:-OMEGA,5.0
TIFT-:-TIFTON LODGE,6.0
TIFT-:-TIFTON NE,3.0
TIFT-:-TIFTON NW,7.0
TIFT-:-TIFTON SOUTH,4.0
TIFT-:-TY TY,5.0
TOOMBS-:-15361 LYONS,6.0
TOOMBS-:-39 NEWBRANCH,8.0
TOOMBS-:-43 CEDAR CROSSING,5.0
TOOMBS-:-513 V.P.D.,6.0
TOOMBS-:-514 S.T.I.A.L.C.,4.0
TOWNS-:-HIAWASSEE,7.0
TOWNS-:-YOUNG HARRIS,4.0
TREUTLEN-:-ANNEX,9.0
TREUTLEN-:-SOPERTON,2.0
TROUP-:-ADMIN,5.0
TROUP-:-EAST VERNON,4.0
TROUP-:-GARDNER,4.0
TROUP-:-GRACE,4.0
TROUP-:-GRAY HILL,6.0
TROUP-:-GRIGGS,5.0
TROUP-:-HAMMETT,4.0
TROUP-:-HILLCREST,8.0
TROUP-:-HOGANSVILLE,6.0
TROUP-:-HOLLIS,5.0
TROUP-:-MOUNTVILLE,4.0
TROUP-:-ROSEMONT,7.0
TROUP-:-WEST POINT,4.0
TURNER-:-ASHBURN,2.0
TURNER-:-REBECCA,7.0
TURNER-:-SYCAMORE,9.0
TWIGGS-:-DRY BRANCH,7.0
TWIGGS-:-GOLDEN ISLES,7.0
TWIGGS-:-HIGGSVILLLE,4.0
TWIGGS-:-JEFFERSONVILLE/WARE,7.0
TWIGGS-:-SHADY GROVE/TARVERS,6.0
UNION-:-BLAIRSVILLE,6.0
UNION-:-CHOESTOE,8.0
UNION-:-COOSA,5.0
UNION-:-DOOLEY,4.0
UNION-:-GUMLOG,4.0
UNION-:-IVY LOG,3.0
UNION-:-JONES CREEK,6.0
UNION-:-OWLTOWN,5.0
UNION-:-PAT COLWELL,7.0
UNION-:-SUCHES,6.0
UNION-:-TRACKROCK,5.0
UPSON-:-REDBONE,10.0
UPSON-:-SALEM,5.0
UPSON-:-TOWN,5.0
UPSON-:-YATESVILLE,8.0
WALKER-:-ARMUCHEE VALLEY,11.0
WALKER-:-CHATTANOOGA VALLEY,5.0
WALKER-:-CHICKAMAUGA,8.0
WALKER-:-FAIRVIEW,5.0
WALKER-:-FAIRYLAND,3.0
WALKER-:-KENSINGTON,5.0
WALKER-:-LA FAYETTE,5.0
WALKER-:-MOUNTAIN,7.0
WALKER-:-ROCK SPRING,6.0
WALKER-:-ROSSVILLE,3.0
WALKER-:-WALNUT GROVE,4.0
WALTON-:-BAY CREEK,4.0
WALTON-:-BETWEEN,6.0
WALTON-:-BLASINGAME,5.0
WALTON-:-BOLD SPRINGS,7.0
WALTON-:-BROKEN ARROW,7.0
WALTON-:-CENTRAL MONROE,9.0
WALTON-:-GOOD HOPE,5.0
WALTON-:-GRATIS,5.0
WALTON-:-JERSEY,5.0
WALTON-:-LOGANVILLE CENTRAL,9.0
WALTON-:-MOUNTAIN,4.0
WALTON-:-SOCIAL CIRCLE,6.0
WALTON-:-SOUTH MONROE,2.0
WALTON-:-TARA,3.0
WALTON-:-W MONROE,6.0
WALTON-:-WALKER PARK,7.0
WALTON-:-WALNUT GROVE,5.0
WALTON-:-WEST WALTON,6.0
WALTON-:-WHATLEY,5.0
WARE-:-100 - CITY AUDITORIUM,5.0
WARE-:-200A - MEMORIAL STADIUM,5.0
WARE-:-200B - CITY AUDITORIUM,4.0
WARE-:-200C- SECOND BAPTIST CHURCH,5.0
WARE-:-300 - WARE BOE TRANSPORTATION,6.0
WARE-:-304 - EMERSON PARK,5.0
WARE-:-400 - SECOND BAPTIST CHURCH,7.0
WARE-:-404 - BICKLEY UM CHURCH,5.0
WARE-:-405 - HAYWOOD BAPTIST CHURCH,6.0
WARE-:-406 - JAMESTOWN BAPTIST CHURCH,4.0
WARE-:-407 - MANOR COMMMUNITY CENTER,10.0
WARE-:-408 - MILLWOOD BAPTIST CHURCH,5.0
WARE-:-409 - WARESBORO CHURCH OF GOD,6.0
WARREN-:-WARRENTON,15.0
WASHINGTON-:-DAVISBORO,6.0
WASHINGTON-:-DEEPSTEP,5.0
WASHINGTON-:-HARRISON,5.0
WASHINGTON-:-OCONEE,8.0
WASHINGTON-:-RIDDLEVILLE,5.0
WASHINGTON-:-SANDERSVILLE,5.0
WASHINGTON-:-TENNILLE,5.0
WASHINGTON-:-WARTHEN,8.0
WAYNE-:-ALTAMAHA,7.0
WAYNE-:-EMPIRE,6.0
WAYNE-:-GARDI,9.0
WAYNE-:-MADRAY SPRINGS,5.0
WAYNE-:-ODUM,6.0
WAYNE-:-OGLETHORPE,7.0
WAYNE-:-PINE STREET,4.0
WAYNE-:-REC CENTER,5.0
WAYNE-:-RED HILL,4.0
WAYNE-:-SCREVEN,7.0
WAYNE-:-UNITY,5.0
WAYNE-:-VFW,4.0
WEBSTER-:-PRESTON 1,7.0
WHEELER-:-ALAMO,11.0
WHEELER-:-GLENWOOD,5.0
WHITE-:-BLUE CREEK,6.0
WHITE-:-BLUE RIDGE,5.0
WHITE-:-MOSSY CREEK,5.0
WHITE-:-MT YONAH,7.0
WHITE-:-NACOOCHEE,4.0
WHITE-:-ROBERTSTOWN-HELEN,4.0
WHITE-:-SHOAL CREEK,5.0
WHITE-:-TESNATEE,5.0
WHITE-:-TOWN CREEK,4.0
WHITE-:-WHITE CREEK,5.0
WHITFIELD-:-1A,4.0
WHITFIELD-:-2A,9.0
WHITFIELD-:-3A,4.0
WHITFIELD-:-4A,4.0
WHITFIELD-:-5A,5.0
WHITFIELD-:-6A,4.0
WHITFIELD-:-AN,7.0
WHITFIELD-:-CA,5.0
WHITFIELD-:-CO,3.0
WHITFIELD-:-DG,6.0
WHITFIELD-:-ES,7.0
WHITFIELD-:-FI,4.0
WHITFIELD-:-GL,6.0
WHITFIELD-:-LT,6.0
WHITFIELD-:-MC,6.0
WHITFIELD-:-NI,5.0
WHITFIELD-:-PG,5.0
WHITFIELD-:-TH,6.0
WHITFIELD-:-TI,5.0
WHITFIELD-:-TR,7.0
WHITFIELD-:-UT,4.0
WHITFIELD-:-VA,8.0
WHITFIELD-:-WS,4.0
WILCOX-:-ABBEVILLE NORTH 2,6.0
WILCOX-:-ABBEVILLE SOUTH 5,5.0
WILCOX-:-PINEVIEW 2,6.0
WILCOX-:-PITTS 3,8.0
WILCOX-:-ROCHELLE NORTH 1,3.0
WILCOX-:-ROCHELLE SOUTH 4,6.0
WILKES-:-COURTHOUSE,5.0
WILKES-:-EDWARD B POPE CENTER,3.0
WILKES-:-METASVILLE FIRE STA,7.0
WILKES-:-RAYLE CITY HALL,6.0
WILKES-:-SENIOR CITIZEN CENTER,6.0
WILKES-:-TIGNALL SCH LUNCH RM,8.0
WILKES-:-YOUNG FAMER'S BLDG,7.0
WILKINSON-:-BLOODWORTH,6.0
WILKINSON-:-GRIFFIN,4.0
WILKINSON-:-HIGH HILL,5.0
WILKINSON-:-IRWINTON,6.0
WILKINSON-:-IVEY,4.0
WILKINSON-:-LORD,8.0
WILKINSON-:-MIDWAY,5.0
WILKINSON-:-RAMAH,6.0
WILKINSON-:-TURKEY CREEK,6.0
WORTH-:-BRIDGEBORO,6.0
WORTH-:-COUNTY LINE,5.0
WORTH-:-DOLES,5.0
WORTH-:-ISABELLA,4.0
WORTH-:-MINTON,7.0
WORTH-:-POULAN,5.0
WORTH-:-RED ROCK,5.0
WORTH-:-SCOOTERVILLE,7.0
WORTH-:-SUMNER,5.0
WORTH-:-SYLVESTER,8.0
WORTH-:-SYLVESTER EAST,5.0
WORTH-:-WARWICK,8.0
