plan_id,winner
0,Trump
1,Trump
2,Trump
3,Trump
4,Trump
5,Trump
6,Trump
7,Trump
8,Trump
9,Trump
10,Trump
11,Trump
12,Trump
13,Trump
14,Trump
15,Trump
16,Trump
17,Trump
18,Trump
19,Trump
20,Trump
21,Trump
22,Trump
23,Trump
24,Trump
25,Trump
26,Trump
27,Trump
28,Trump
29,Trump
30,Trump
31,Trump
32,Trump
33,Trump
34,Trump
35,Trump
36,Trump
37,Trump
38,Trump
39,Trump
40,Trump
41,Trump
42,Trump
43,Trump
44,Trump
45,Trump
46,Trump
47,Trump
48,Trump
49,Trump
50,Trump
51,Trump
52,Trump
53,Trump
54,Trump
55,Trump
56,Trump
57,Trump
58,Trump
59,Trump
60,Trump
61,Trump
62,Trump
63,Trump
64,Trump
65,Trump
66,Trump
67,Trump
68,Trump
69,Trump
70,Trump
71,Trump
72,Trump
73,Trump
74,Trump
75,Trump
76,Trump
77,Trump
78,Trump
79,Trump
80,Trump
81,Trump
82,Trump
83,Trump
84,Trump
85,Trump
86,Trump
87,Trump
88,Trump
89,Trump
90,Trump
91,Trump
92,Trump
93,Trump
94,Trump
95,Trump
96,Trump
97,Trump
98,Trump
99,Trump
100,Trump
101,Trump
102,Trump
103,Trump
104,Trump
105,Trump
106,Trump
107,Trump
108,Trump
109,Trump
110,Trump
111,Trump
112,Trump
113,Trump
114,Trump
115,Trump
116,Trump
117,Trump
118,Trump
119,Trump
120,Trump
121,Trump
122,Trump
123,Trump
124,Trump
125,Trump
126,Trump
127,Trump
128,Trump
129,Trump
130,Trump
131,Trump
132,Trump
133,Trump
134,Trump
135,Trump
136,Trump
137,Trump
138,Trump
139,Trump
140,Trump
141,Trump
142,Trump
143,Trump
144,Trump
145,Trump
146,Trump
147,Trump
148,Trump
149,Trump
150,Trump
151,Trump
152,Trump
153,Trump
154,Trump
155,Trump
156,Trump
157,Trump
158,Trump
159,Trump
160,Trump
161,Trump
162,Trump
163,Trump
164,Trump
165,Trump
166,Trump
167,Trump
168,Trump
169,Trump
170,Trump
171,Trump
172,Trump
173,Trump
174,Trump
175,Trump
176,Trump
177,Trump
178,Trump
179,Trump
180,Trump
181,Trump
182,Trump
183,Trump
184,Trump
185,Trump
186,Trump
187,Trump
188,Trump
189,Trump
190,Trump
191,Trump
192,Trump
193,Trump
194,Trump
195,Trump
196,Trump
197,Trump
198,Trump
199,Trump
200,Trump
201,Trump
202,Trump
203,Trump
204,Trump
205,Trump
206,Trump
207,Trump
208,Trump
209,Trump
210,Trump
211,Trump
212,Trump
213,Trump
214,Trump
215,Trump
216,Trump
217,Trump
218,Trump
219,Trump
220,Trump
221,Trump
222,Trump
223,Trump
224,Trump
225,Trump
226,Trump
227,Trump
228,Trump
229,Trump
230,Trump
231,Trump
232,Trump
233,Trump
234,Trump
235,Trump
236,Trump
237,Trump
238,Trump
239,Trump
240,Trump
241,Trump
242,Trump
243,Trump
244,Trump
245,Trump
246,Trump
247,Trump
248,Trump
249,Trump
250,Trump
251,Trump
252,Trump
253,Trump
254,Trump
255,Trump
256,Trump
257,Trump
258,Trump
259,Trump
260,Trump
261,Trump
262,Trump
263,Trump
264,Trump
265,Trump
266,Trump
267,Trump
268,Trump
269,Trump
270,Trump
271,Trump
272,Trump
273,Trump
274,Trump
275,Trump
276,Trump
277,Trump
278,Trump
279,Trump
280,Trump
281,Trump
282,Trump
283,Trump
284,Trump
285,Trump
286,Trump
287,Trump
288,Trump
289,Trump
290,Trump
291,Trump
292,Trump
293,Trump
294,Trump
295,Trump
296,Trump
297,Trump
298,Trump
299,Trump
300,Trump
301,Trump
302,Trump
303,Trump
304,Trump
305,Trump
306,Trump
307,Trump
308,Trump
309,Trump
310,Trump
311,Trump
312,Trump
313,Trump
314,Trump
315,Trump
316,Trump
317,Trump
318,Trump
319,Trump
320,Trump
321,Trump
322,Trump
323,Trump
324,Trump
325,Trump
326,Trump
327,Trump
328,Trump
329,Trump
330,Trump
331,Trump
332,Trump
333,Trump
334,Trump
335,Trump
336,Trump
337,Trump
338,Trump
339,Trump
340,Trump
341,Trump
342,Trump
343,Trump
344,Trump
345,Trump
346,Trump
347,Trump
348,Trump
349,Trump
350,Trump
351,Trump
352,Trump
353,Trump
354,Trump
355,Trump
356,Trump
357,Trump
358,Trump
359,Trump
360,Trump
361,Trump
362,Trump
363,Trump
364,Trump
365,Trump
366,Trump
367,Trump
368,Trump
369,Trump
370,Trump
371,Trump
372,Trump
373,Trump
374,Trump
375,Trump
376,Trump
377,Trump
378,Trump
379,Trump
380,Trump
381,Trump
382,Trump
383,Trump
384,Trump
385,Trump
386,Trump
387,Trump
388,Trump
389,Trump
390,Trump
391,Trump
392,Trump
393,Trump
394,Trump
395,Trump
396,Trump
397,Trump
398,Trump
399,Trump
400,Trump
401,Trump
402,Trump
403,Trump
404,Trump
405,Trump
406,Trump
407,Trump
408,Trump
409,Trump
410,Trump
411,Trump
412,Trump
413,Trump
414,Trump
415,Trump
416,Trump
417,Trump
418,Trump
419,Trump
420,Trump
421,Trump
422,Trump
423,Trump
424,Trump
425,Trump
426,Trump
427,Trump
428,Trump
429,Trump
430,Trump
431,Trump
432,Trump
433,Trump
434,Trump
435,Trump
436,Trump
437,Trump
438,Trump
439,Trump
440,Trump
441,Trump
442,Trump
443,Trump
444,Trump
445,Trump
446,Trump
447,Trump
448,Trump
449,Trump
450,Trump
451,Trump
452,Trump
453,Trump
454,Trump
455,Trump
456,Trump
457,Trump
458,Trump
459,Trump
460,Trump
461,Trump
462,Trump
463,Trump
464,Trump
465,Trump
466,Trump
467,Trump
468,Trump
469,Trump
470,Trump
471,Trump
472,Trump
473,Trump
474,Trump
475,Trump
476,Trump
477,Trump
478,Trump
479,Trump
480,Trump
481,Trump
482,Trump
483,Trump
484,Trump
485,Trump
486,Trump
487,Trump
488,Trump
489,Trump
490,Trump
491,Trump
492,Trump
493,Trump
494,Trump
495,Trump
496,Trump
497,Trump
498,Trump
499,Trump
500,Trump
501,Trump
502,Trump
503,Trump
504,Trump
505,Trump
506,Trump
507,Trump
508,Trump
509,Harris
510,Harris
511,Harris
512,Harris
513,Harris
514,Harris
515,Harris
516,Harris
517,Harris
518,Harris
519,Harris
520,Harris
521,Harris
522,Harris
523,Harris
524,Harris
525,Harris
526,Harris
527,Harris
528,Harris
529,Harris
530,Harris
531,Harris
532,Harris
533,Harris
534,Harris
535,Harris
536,Harris
537,Harris
538,Harris
539,Harris
540,Harris
541,Harris
542,Harris
543,Harris
544,Harris
545,Harris
546,Harris
547,Harris
548,Harris
549,Harris
550,Harris
551,Harris
552,Harris
553,Harris
554,Harris
555,Harris
556,Harris
557,Harris
558,Harris
559,Harris
560,Harris
561,Harris
562,Harris
563,Harris
564,Harris
565,Harris
566,Harris
567,Harris
568,Harris
569,Harris
570,Harris
571,Harris
572,Harris
573,Harris
574,Harris
575,Harris
576,Harris
577,Harris
578,Harris
579,Harris
580,Harris
581,Harris
582,Harris
583,Harris
584,Harris
585,Harris
586,Harris
587,Harris
588,Harris
589,Harris
590,Harris
591,Harris
592,Harris
593,Harris
594,Harris
595,Harris
596,Harris
597,Harris
598,Harris
599,Harris
600,Harris
601,Harris
602,Harris
603,Harris
604,Harris
605,Harris
606,Harris
607,Harris
608,Harris
609,Harris
610,Harris
611,Harris
612,Harris
613,Harris
614,Harris
615,Trump
616,Trump
617,Trump
618,Trump
619,Trump
620,Trump
621,Trump
622,Trump
623,Trump
624,Trump
625,Trump
626,Trump
627,Trump
628,Trump
629,Trump
630,Trump
631,Trump
632,Trump
633,Trump
634,Trump
635,Harris
636,Harris
637,Harris
638,Harris
639,Harris
640,Harris
641,Harris
642,Trump
643,Trump
644,Trump
645,Trump
646,Trump
647,Trump
648,Trump
649,Trump
650,Trump
651,Trump
652,Trump
653,Harris
654,Harris
655,Harris
656,Harris
657,Harris
658,Harris
659,Harris
660,Harris
661,Harris
662,Harris
663,Harris
664,Trump
665,Trump
666,Trump
667,Trump
668,Trump
669,Harris
670,Harris
671,Harris
672,Harris
673,Harris
674,Harris
675,Harris
676,Harris
677,Harris
678,Harris
679,Harris
680,Harris
681,Harris
682,Harris
683,Harris
684,Harris
685,Harris
686,Harris
687,Harris
688,Harris
689,Harris
690,Harris
691,Harris
692,Harris
693,Harris
694,Harris
695,Harris
696,Harris
697,Trump
698,Trump
699,Trump
700,Trump
701,Trump
702,Trump
703,Trump
704,Trump
705,Trump
706,Trump
707,Trump
708,Trump
709,Trump
710,Trump
711,Trump
712,Trump
713,Trump
714,Trump
715,Trump
716,Trump
717,Trump
718,Trump
719,Trump
720,Trump
721,Trump
722,Trump
723,Trump
724,Trump
725,Trump
726,Trump
727,Trump
728,Trump
729,Trump
730,Trump
731,Trump
732,Trump
733,Trump
734,Trump
735,Trump
736,Trump
737,Trump
738,Trump
739,Trump
740,Trump
741,Trump
742,Trump
743,Trump
744,Trump
745,Trump
746,Trump
747,Harris
748,Harris
749,Harris
750,Harris
751,Harris
752,Harris
753,Harris
754,Trump
755,Trump
756,Trump
757,Trump
758,Trump
759,Trump
760,Trump
761,Trump
762,Trump
763,Trump
764,Trump
765,Trump
766,Trump
767,Trump
768,Trump
769,Trump
770,Trump
771,Trump
772,Trump
773,Trump
774,Trump
775,Trump
776,Trump
777,Trump
778,Trump
779,Trump
780,Trump
781,Trump
782,Trump
783,Trump
784,Trump
785,Trump
786,Trump
787,Trump
788,Trump
789,Harris
790,Harris
791,Harris
792,Harris
793,Harris
794,Harris
795,Harris
796,Harris
797,Harris
798,Harris
799,Harris
800,Harris
801,Harris
802,Harris
803,Harris
804,Harris
805,Harris
806,Harris
807,Harris
808,Harris
809,Harris
810,Harris
811,Harris
812,Harris
813,Harris
814,Harris
815,Harris
816,Harris
817,Harris
818,Harris
819,Harris
820,Harris
821,Harris
822,Harris
823,Harris
824,Harris
825,Harris
826,Harris
827,Harris
828,Harris
829,Harris
830,Harris
831,Harris
832,Harris
833,Harris
834,Harris
835,Harris
836,Harris
837,Harris
838,Harris
839,Harris
840,Harris
841,Harris
842,Trump
843,Trump
844,Harris
845,Harris
846,Harris
847,Harris
848,Harris
849,Harris
850,Harris
851,Harris
852,Harris
853,Harris
854,Harris
855,Harris
856,Harris
857,Harris
858,Harris
859,Harris
860,Harris
861,Harris
862,Harris
863,Harris
864,Harris
865,Harris
866,Harris
867,Harris
868,Harris
869,Harris
870,Harris
871,Harris
872,Harris
873,Harris
874,Harris
875,Harris
876,Harris
877,Harris
878,Harris
879,Harris
880,Harris
881,Harris
882,Harris
883,Harris
884,Harris
885,Harris
886,Harris
887,Harris
888,Harris
889,Trump
890,Trump
891,Trump
892,Trump
893,Trump
894,Trump
895,Trump
896,Trump
897,Trump
898,Trump
899,Trump
900,Trump
901,Trump
902,Trump
903,Trump
904,Trump
905,Trump
906,Trump
907,Trump
908,Trump
909,Trump
910,Trump
911,Trump
912,Trump
913,Trump
914,Trump
915,Trump
916,Trump
917,Trump
918,Trump
919,Trump
920,Trump
921,Trump
922,Trump
923,Trump
924,Trump
925,Trump
926,Trump
927,Trump
928,Trump
929,Trump
930,Trump
931,Trump
932,Trump
933,Trump
934,Trump
935,Trump
936,Trump
937,Trump
938,Trump
939,Trump
940,Trump
941,Trump
942,Trump
943,Trump
944,Trump
945,Trump
946,Trump
947,Trump
948,Trump
949,Trump
950,Trump
951,Trump
952,Trump
953,Trump
954,Trump
955,Trump
956,Trump
957,Trump
958,Trump
959,Trump
960,Trump
961,Trump
962,Trump
963,Trump
964,Trump
965,Trump
966,Trump
967,Trump
968,Trump
969,Trump
970,Trump
971,Trump
972,Trump
973,Trump
974,Trump
975,Trump
976,Trump
977,Trump
978,Trump
979,Trump
980,Trump
981,Trump
982,Trump
983,Trump
984,Trump
985,Trump
986,Trump
987,Trump
988,Trump
989,Trump
990,Trump
991,Trump
992,Trump
993,Trump
994,Trump
995,Trump
996,Trump
997,Trump
998,Trump
999,Trump
1000,Trump
1001,Trump
1002,Trump
1003,Trump
1004,Trump
1005,Trump
1006,Trump
1007,Trump
1008,Trump
1009,Trump
1010,Trump
1011,Trump
1012,Trump
1013,Trump
1014,Trump
1015,Trump
1016,Trump
1017,Trump
1018,Trump
1019,Trump
1020,Trump
1021,Trump
1022,Harris
1023,Harris
1024,Harris
1025,Harris
1026,Harris
1027,Harris
1028,Harris
1029,Harris
1030,Harris
1031,Harris
1032,Harris
1033,Harris
1034,Harris
1035,Harris
1036,Harris
1037,Harris
1038,Harris
1039,Harris
1040,Harris
1041,Harris
1042,Harris
1043,Harris
1044,Harris
1045,Harris
1046,Harris
1047,Harris
1048,Harris
1049,Harris
1050,Harris
1051,Harris
1052,Harris
1053,Harris
1054,Harris
1055,Harris
1056,Harris
1057,Harris
1058,Harris
1059,Harris
1060,Harris
1061,Harris
1062,Harris
1063,Harris
1064,Harris
1065,Harris
1066,Harris
1067,Harris
1068,Harris
1069,Harris
1070,Harris
1071,Harris
1072,Harris
1073,Harris
1074,Harris
1075,Harris
1076,Harris
1077,Harris
1078,Harris
1079,Harris
1080,Harris
1081,Harris
1082,Harris
1083,Harris
1084,Harris
1085,Harris
1086,Harris
1087,Harris
1088,Harris
1089,Harris
1090,Harris
1091,Harris
1092,Harris
1093,Harris
1094,Harris
1095,Harris
1096,Harris
1097,Harris
1098,Harris
1099,Harris
1100,Harris
1101,Harris
1102,Harris
1103,Harris
1104,Harris
1105,Harris
1106,Harris
1107,Harris
1108,Harris
1109,Harris
1110,Harris
1111,Harris
1112,Harris
1113,Harris
1114,Harris
1115,Harris
1116,Harris
1117,Harris
1118,Harris
1119,Harris
1120,Harris
1121,Harris
1122,Harris
1123,Harris
1124,Harris
1125,Harris
1126,Harris
1127,Harris
1128,Harris
1129,Harris
1130,Harris
1131,Harris
1132,Harris
1133,Harris
1134,Harris
1135,Harris
1136,Harris
1137,Trump
1138,Trump
1139,Trump
1140,Trump
1141,Trump
1142,Trump
1143,Trump
1144,Trump
1145,Trump
1146,Trump
1147,Trump
1148,Trump
1149,Trump
1150,Trump
1151,Trump
1152,Trump
1153,Trump
1154,Trump
1155,Trump
1156,Trump
1157,Trump
1158,Trump
1159,Trump
1160,Trump
1161,Trump
1162,Trump
1163,Trump
1164,Trump
1165,Trump
1166,Trump
1167,Trump
1168,Trump
1169,Trump
1170,Trump
1171,Trump
1172,Trump
1173,Trump
1174,Trump
1175,Trump
1176,Trump
1177,Trump
1178,Trump
1179,Trump
1180,Trump
1181,Trump
1182,Trump
1183,Trump
1184,Trump
1185,Trump
1186,Trump
1187,Trump
1188,Harris
1189,Harris
1190,Harris
1191,Harris
1192,Harris
1193,Harris
1194,Harris
1195,Harris
1196,Harris
1197,Harris
1198,Harris
1199,Harris
1200,Harris
1201,Harris
1202,Harris
1203,Harris
1204,Harris
1205,Harris
1206,Harris
1207,Harris
1208,Harris
1209,Harris
1210,Harris
1211,Harris
1212,Harris
1213,Harris
1214,Harris
1215,Harris
1216,Harris
1217,Harris
1218,Harris
1219,Harris
1220,Harris
1221,Harris
1222,Harris
1223,Harris
1224,Harris
1225,Harris
1226,Harris
1227,Harris
1228,Harris
1229,Harris
1230,Harris
1231,Harris
1232,Harris
1233,Harris
1234,Harris
1235,Harris
1236,Harris
1237,Harris
1238,Harris
1239,Harris
1240,Harris
1241,Harris
1242,Harris
1243,Harris
1244,Harris
1245,Harris
1246,Harris
1247,Harris
1248,Harris
1249,Harris
1250,Harris
1251,Harris
1252,Harris
1253,Harris
1254,Harris
1255,Harris
1256,Harris
1257,Harris
1258,Harris
1259,Trump
1260,Trump
1261,Trump
1262,Trump
1263,Trump
1264,Trump
1265,Trump
1266,Trump
1267,Trump
1268,Trump
1269,Trump
1270,Trump
1271,Trump
1272,Trump
1273,Trump
1274,Trump
1275,Trump
1276,Trump
1277,Trump
1278,Trump
1279,Trump
1280,Trump
1281,Trump
1282,Trump
1283,Trump
1284,Trump
1285,Trump
1286,Trump
1287,Trump
1288,Trump
1289,Trump
1290,Trump
1291,Trump
1292,Trump
1293,Trump
1294,Trump
1295,Trump
1296,Trump
1297,Trump
1298,Trump
1299,Trump
1300,Trump
1301,Trump
1302,Trump
1303,Trump
1304,Trump
1305,Trump
1306,Trump
1307,Trump
1308,Trump
1309,Trump
1310,Trump
1311,Trump
1312,Trump
1313,Trump
1314,Trump
1315,Trump
1316,Trump
1317,Trump
1318,Trump
1319,Trump
1320,Trump
1321,Trump
1322,Trump
1323,Trump
1324,Trump
1325,Trump
1326,Trump
1327,Trump
1328,Trump
1329,Trump
1330,Trump
1331,Trump
1332,Trump
1333,Trump
1334,Trump
1335,Trump
1336,Trump
1337,Trump
1338,Trump
1339,Trump
1340,Trump
1341,Trump
1342,Trump
1343,Trump
1344,Trump
1345,Trump
1346,Trump
1347,Trump
1348,Trump
1349,Trump
1350,Trump
1351,Trump
1352,Trump
1353,Trump
1354,Trump
1355,Trump
1356,Trump
1357,Trump
1358,Trump
1359,Trump
1360,Trump
1361,Trump
1362,Trump
1363,Trump
1364,Trump
1365,Trump
1366,Trump
1367,Trump
1368,Trump
1369,Trump
1370,Trump
1371,Trump
1372,Trump
1373,Trump
1374,Trump
1375,Trump
1376,Trump
1377,Trump
1378,Trump
1379,Trump
1380,Trump
1381,Trump
1382,Trump
1383,Trump
1384,Trump
1385,Trump
1386,Trump
1387,Trump
1388,Trump
1389,Trump
1390,Trump
1391,Harris
1392,Harris
1393,Harris
1394,Harris
1395,Harris
1396,Harris
1397,Harris
1398,Harris
1399,Harris
1400,Harris
1401,Harris
1402,Harris
1403,Harris
1404,Harris
1405,Harris
1406,Harris
1407,Harris
1408,Harris
1409,Harris
1410,Harris
1411,Trump
1412,Trump
1413,Trump
1414,Trump
1415,Trump
1416,Trump
1417,Trump
1418,Trump
1419,Trump
1420,Trump
1421,Trump
1422,Trump
1423,Trump
1424,Trump
1425,Trump
1426,Trump
1427,Trump
1428,Trump
1429,Trump
1430,Trump
1431,Trump
1432,Trump
1433,Trump
1434,Trump
1435,Trump
1436,Trump
1437,Trump
1438,Trump
1439,Trump
1440,Trump
1441,Trump
1442,Trump
1443,Trump
1444,Trump
1445,Trump
1446,Trump
1447,Trump
1448,Trump
1449,Trump
1450,Trump
1451,Trump
1452,Trump
1453,Trump
1454,Trump
1455,Trump
1456,Trump
1457,Trump
1458,Trump
1459,Trump
1460,Trump
1461,Trump
1462,Trump
1463,Trump
1464,Trump
1465,Trump
1466,Trump
1467,Trump
1468,Trump
1469,Trump
1470,Trump
1471,Trump
1472,Trump
1473,Trump
1474,Trump
1475,Trump
1476,Trump
1477,Trump
1478,Trump
1479,Trump
1480,Trump
1481,Trump
1482,Trump
1483,Trump
1484,Trump
1485,Trump
1486,Trump
1487,Trump
1488,Trump
1489,Trump
1490,Trump
1491,Trump
1492,Trump
1493,Trump
1494,Trump
1495,Trump
1496,Trump
1497,Trump
1498,Trump
1499,Trump
1500,Trump
1501,Trump
1502,Trump
1503,Trump
1504,Trump
1505,Trump
1506,Trump
1507,Trump
1508,Trump
1509,Trump
1510,Trump
1511,Trump
1512,Trump
1513,Trump
1514,Trump
1515,Trump
1516,Trump
1517,Trump
1518,Trump
1519,Trump
1520,Trump
1521,Trump
1522,Trump
1523,Trump
1524,Trump
1525,Trump
1526,Trump
1527,Trump
1528,Trump
1529,Trump
1530,Trump
1531,Trump
1532,Trump
1533,Trump
1534,Trump
1535,Trump
1536,Trump
1537,Trump
1538,Trump
1539,Trump
1540,Trump
1541,Trump
1542,Trump
1543,Trump
1544,Trump
1545,Trump
1546,Trump
1547,Trump
1548,Trump
1549,Trump
1550,Trump
1551,Trump
1552,Trump
1553,Trump
1554,Trump
1555,Trump
1556,Trump
1557,Trump
1558,Trump
1559,Trump
1560,Trump
1561,Trump
1562,Trump
1563,Trump
1564,Trump
1565,Trump
1566,Trump
1567,Trump
1568,Trump
1569,Trump
1570,Trump
1571,Trump
1572,Trump
1573,Trump
1574,Trump
1575,Trump
1576,Trump
1577,Trump
1578,Trump
1579,Trump
1580,Trump
1581,Trump
1582,Trump
1583,Trump
1584,Trump
1585,Trump
1586,Trump
1587,Trump
1588,Trump
1589,Trump
1590,Trump
1591,Trump
1592,Trump
1593,Trump
1594,Trump
1595,Trump
1596,Trump
1597,Trump
1598,Trump
1599,Trump
1600,Trump
1601,Trump
1602,Trump
1603,Trump
1604,Trump
1605,Trump
1606,Trump
1607,Trump
1608,Trump
1609,Trump
1610,Trump
1611,Trump
1612,Trump
1613,Trump
1614,Trump
1615,Trump
1616,Trump
1617,Trump
1618,Trump
1619,Trump
1620,Trump
1621,Trump
1622,Trump
1623,Trump
1624,Trump
1625,Trump
1626,Trump
1627,Trump
1628,Trump
1629,Trump
1630,Trump
1631,Trump
1632,Trump
1633,Trump
1634,Trump
1635,Trump
1636,Trump
1637,Trump
1638,Trump
1639,Trump
1640,Trump
1641,Trump
1642,Trump
1643,Trump
1644,Trump
1645,Trump
1646,Trump
1647,Trump
1648,Trump
1649,Trump
1650,Trump
1651,Trump
1652,Trump
1653,Trump
1654,Trump
1655,Trump
1656,Trump
1657,Trump
1658,Trump
1659,Trump
1660,Trump
1661,Trump
1662,Trump
1663,Trump
1664,Trump
1665,Trump
1666,Trump
1667,Trump
1668,Trump
1669,Trump
1670,Trump
1671,Trump
1672,Trump
1673,Trump
1674,Trump
1675,Trump
1676,Trump
1677,Trump
1678,Trump
1679,Trump
1680,Trump
1681,Trump
1682,Trump
1683,Trump
1684,Trump
1685,Trump
1686,Trump
1687,Trump
1688,Trump
1689,Trump
1690,Trump
1691,Trump
1692,Trump
1693,Trump
1694,Trump
1695,Trump
1696,Trump
1697,Trump
1698,Trump
1699,Trump
1700,Trump
1701,Trump
1702,Trump
1703,Trump
1704,Trump
1705,Trump
1706,Trump
1707,Trump
1708,Trump
1709,Trump
1710,Trump
1711,Trump
1712,Trump
1713,Trump
1714,Trump
1715,Trump
1716,Trump
1717,Trump
1718,Trump
1719,Trump
1720,Trump
1721,Trump
1722,Trump
1723,Trump
1724,Trump
1725,Trump
1726,Trump
1727,Trump
1728,Trump
1729,Trump
1730,Trump
1731,Trump
1732,Trump
1733,Trump
1734,Trump
1735,Trump
1736,Trump
1737,Trump
1738,Trump
1739,Trump
1740,Trump
1741,Trump
1742,Trump
1743,Trump
1744,Trump
1745,Trump
1746,Trump
1747,Trump
1748,Trump
1749,Trump
1750,Trump
1751,Trump
1752,Trump
1753,Trump
1754,Trump
1755,Trump
1756,Trump
1757,Trump
1758,Trump
1759,Trump
1760,Trump
1761,Trump
1762,Trump
1763,Trump
1764,Trump
1765,Trump
1766,Trump
1767,Trump
1768,Trump
1769,Trump
1770,Trump
1771,Trump
1772,Trump
1773,Trump
1774,Trump
1775,Trump
1776,Trump
1777,Trump
1778,Trump
1779,Trump
1780,Trump
1781,Trump
1782,Trump
1783,Trump
1784,Trump
1785,Trump
1786,Trump
1787,Trump
1788,Trump
1789,Trump
1790,Trump
1791,Trump
1792,Trump
1793,Trump
1794,Trump
1795,Trump
1796,Trump
1797,Trump
1798,Trump
1799,Trump
1800,Trump
1801,Trump
1802,Trump
1803,Trump
1804,Trump
1805,Trump
1806,Trump
1807,Trump
1808,Trump
1809,Trump
1810,Trump
1811,Trump
1812,Trump
1813,Trump
1814,Trump
1815,Trump
1816,Trump
1817,Trump
1818,Trump
1819,Trump
1820,Trump
1821,Trump
1822,Trump
1823,Trump
1824,Trump
1825,Trump
1826,Trump
1827,Trump
1828,Trump
1829,Trump
1830,Trump
1831,Trump
1832,Trump
1833,Trump
1834,Trump
1835,Trump
1836,Trump
1837,Trump
1838,Trump
1839,Trump
1840,Trump
1841,Trump
1842,Trump
1843,Trump
1844,Trump
1845,Trump
1846,Trump
1847,Trump
1848,Trump
1849,Trump
1850,Trump
1851,Trump
1852,Trump
1853,Trump
1854,Trump
1855,Trump
1856,Trump
1857,Trump
1858,Trump
1859,Trump
1860,Trump
1861,Trump
1862,Trump
1863,Trump
1864,Trump
1865,Trump
1866,Trump
1867,Trump
1868,Trump
1869,Trump
1870,Trump
1871,Trump
1872,Trump
1873,Trump
1874,Trump
1875,Trump
1876,Trump
1877,Trump
1878,Trump
1879,Trump
1880,Trump
1881,Trump
1882,Trump
1883,Trump
1884,Trump
1885,Trump
1886,Trump
1887,Trump
1888,Trump
1889,Trump
1890,Trump
1891,Trump
1892,Trump
1893,Trump
1894,Trump
1895,Trump
1896,Trump
1897,Trump
1898,Trump
1899,Trump
1900,Trump
1901,Trump
1902,Trump
1903,Trump
1904,Trump
1905,Trump
1906,Trump
1907,Trump
1908,Trump
1909,Trump
1910,Trump
1911,Trump
1912,Trump
1913,Trump
1914,Trump
1915,Trump
1916,Trump
1917,Trump
1918,Trump
1919,Trump
1920,Trump
1921,Trump
1922,Trump
1923,Trump
1924,Trump
1925,Trump
1926,Trump
1927,Trump
1928,Trump
1929,Trump
1930,Trump
1931,Trump
1932,Trump
1933,Trump
1934,Trump
1935,Trump
1936,Trump
1937,Trump
1938,Trump
1939,Trump
1940,Trump
1941,Trump
1942,Trump
1943,Trump
1944,Trump
1945,Trump
1946,Trump
1947,Trump
1948,Trump
1949,Trump
1950,Trump
1951,Trump
1952,Trump
1953,Trump
1954,Trump
1955,Trump
1956,Trump
1957,Trump
1958,Trump
1959,Trump
1960,Trump
1961,Trump
1962,Trump
1963,Trump
1964,Trump
1965,Trump
1966,Trump
1967,Trump
1968,Trump
1969,Trump
1970,Trump
1971,Trump
1972,Trump
1973,Trump
1974,Trump
1975,Trump
1976,Trump
1977,Trump
1978,Trump
1979,Trump
1980,Trump
1981,Trump
1982,Trump
1983,Trump
1984,Trump
1985,Trump
1986,Trump
1987,Trump
1988,Trump
1989,Trump
1990,Trump
1991,Trump
1992,Trump
1993,Trump
1994,Trump
1995,Trump
1996,Trump
1997,Trump
1998,Trump
1999,Trump
2000,Trump
2001,Trump
2002,Trump
2003,Trump
2004,Trump
2005,Trump
2006,Trump
2007,Trump
2008,Trump
2009,Trump
2010,Trump
2011,Trump
2012,Trump
2013,Trump
2014,Trump
2015,Trump
2016,Trump
2017,Trump
2018,Trump
2019,Trump
2020,Trump
2021,Trump
2022,Trump
2023,Trump
2024,Trump
2025,Trump
2026,Trump
2027,Trump
2028,Trump
2029,Trump
2030,Trump
2031,Trump
2032,Trump
2033,Trump
2034,Trump
2035,Trump
2036,Trump
2037,Trump
2038,Trump
2039,Trump
2040,Trump
2041,Trump
2042,Trump
2043,Trump
2044,Trump
2045,Trump
2046,Trump
2047,Trump
2048,Trump
2049,Trump
2050,Trump
2051,Trump
2052,Harris
2053,Harris
2054,Harris
2055,Harris
2056,Harris
2057,Harris
2058,Harris
2059,Harris
2060,Harris
2061,Harris
2062,Harris
2063,Harris
2064,Harris
2065,Harris
2066,Harris
2067,Harris
2068,Harris
2069,Harris
2070,Harris
2071,Harris
2072,Harris
2073,Harris
2074,Harris
2075,Harris
2076,Harris
2077,Harris
2078,Harris
2079,Harris
2080,Harris
2081,Harris
2082,Harris
2083,Harris
2084,Harris
2085,Harris
2086,Harris
2087,Harris
2088,Harris
2089,Harris
2090,Harris
2091,Harris
2092,Harris
2093,Harris
2094,Harris
2095,Harris
2096,Harris
2097,Harris
2098,Harris
2099,Harris
2100,Harris
2101,Harris
2102,Harris
2103,Harris
2104,Harris
2105,Harris
2106,Harris
2107,Harris
2108,Harris
2109,Harris
2110,Harris
2111,Harris
2112,Harris
2113,Harris
2114,Harris
2115,Trump
2116,Trump
2117,Trump
2118,Trump
2119,Trump
2120,Trump
2121,Trump
2122,Trump
2123,Trump
2124,Trump
2125,Trump
2126,Trump
2127,Trump
2128,Trump
2129,Trump
2130,Trump
2131,Trump
2132,Trump
2133,Trump
2134,Harris
2135,Harris
2136,Harris
2137,Trump
2138,Trump
2139,Trump
2140,Trump
2141,Trump
2142,Trump
2143,Trump
2144,Trump
2145,Trump
2146,Trump
2147,Trump
2148,Trump
2149,Trump
2150,Trump
2151,Trump
2152,Trump
2153,Trump
2154,Trump
2155,Trump
2156,Trump
2157,Trump
2158,Trump
2159,Trump
2160,Trump
2161,Trump
2162,Trump
2163,Trump
2164,Trump
2165,Trump
2166,Trump
2167,Trump
2168,Trump
2169,Trump
2170,Trump
2171,Trump
2172,Trump
2173,Trump
2174,Trump
2175,Trump
2176,Trump
2177,Trump
2178,Trump
2179,Trump
2180,Trump
2181,Trump
2182,Trump
2183,Trump
2184,Trump
2185,Trump
2186,Trump
2187,Trump
2188,Trump
2189,Trump
2190,Trump
2191,Trump
2192,Trump
2193,Trump
2194,Trump
2195,Trump
2196,Trump
2197,Trump
2198,Trump
2199,Trump
2200,Trump
2201,Trump
2202,Trump
2203,Trump
2204,Trump
2205,Trump
2206,Harris
2207,Harris
2208,Harris
2209,Harris
2210,Harris
2211,Harris
2212,Harris
2213,Harris
2214,Harris
2215,Trump
2216,Trump
2217,Trump
2218,Trump
2219,Trump
2220,Trump
2221,Trump
2222,Trump
2223,Trump
2224,Trump
2225,Trump
2226,Trump
2227,Trump
2228,Trump
2229,Trump
2230,Trump
2231,Trump
2232,Trump
2233,Trump
2234,Trump
2235,Trump
2236,Trump
2237,Trump
2238,Trump
2239,Trump
2240,Trump
2241,Trump
2242,Trump
2243,Harris
2244,Harris
2245,Harris
2246,Harris
2247,Harris
2248,Harris
2249,Harris
2250,Harris
2251,Harris
2252,Harris
2253,Harris
2254,Harris
2255,Harris
2256,Harris
2257,Harris
2258,Harris
2259,Harris
2260,Harris
2261,Harris
2262,Trump
2263,Trump
2264,Trump
2265,Trump
2266,Trump
2267,Trump
2268,Trump
2269,Trump
2270,Trump
2271,Trump
2272,Trump
2273,Trump
2274,Trump
2275,Trump
2276,Trump
2277,Trump
2278,Harris
2279,Harris
2280,Harris
2281,Harris
2282,Harris
2283,Harris
2284,Harris
2285,Harris
2286,Harris
2287,Harris
2288,Harris
2289,Harris
2290,Harris
2291,Harris
2292,Harris
2293,Harris
2294,Harris
2295,Harris
2296,Harris
2297,Harris
2298,Harris
2299,Harris
2300,Harris
2301,Harris
2302,Harris
2303,Harris
2304,Harris
2305,Harris
2306,Harris
2307,Harris
2308,Harris
2309,Harris
2310,Harris
2311,Harris
2312,Harris
2313,Harris
2314,Harris
2315,Harris
2316,Harris
2317,Harris
2318,Harris
2319,Harris
2320,Harris
2321,Harris
2322,Harris
2323,Harris
2324,Harris
2325,Harris
2326,Harris
2327,Harris
2328,Harris
2329,Harris
2330,Harris
2331,Harris
2332,Harris
2333,Harris
2334,Harris
2335,Harris
2336,Harris
2337,Harris
2338,Harris
2339,Harris
2340,Harris
2341,Harris
2342,Harris
2343,Harris
2344,Harris
2345,Harris
2346,Harris
2347,Harris
2348,Harris
2349,Harris
2350,Harris
2351,Harris
2352,Harris
2353,Harris
2354,Harris
2355,Harris
2356,Harris
2357,Harris
2358,Harris
2359,Harris
2360,Harris
2361,Harris
2362,Harris
2363,Harris
2364,Harris
2365,Harris
2366,Harris
2367,Harris
2368,Harris
2369,Harris
2370,Harris
2371,Harris
2372,Harris
2373,Harris
2374,Harris
2375,Harris
2376,Harris
2377,Harris
2378,Harris
2379,Harris
2380,Harris
2381,Harris
2382,Harris
2383,Harris
2384,Harris
2385,Harris
2386,Harris
2387,Harris
2388,Harris
2389,Harris
2390,Harris
2391,Harris
2392,Harris
2393,Harris
2394,Harris
2395,Harris
2396,Harris
2397,Harris
2398,Harris
2399,Harris
2400,Harris
2401,Harris
2402,Harris
2403,Harris
2404,Harris
2405,Harris
2406,Harris
2407,Harris
2408,Harris
2409,Harris
2410,Harris
2411,Harris
2412,Harris
2413,Harris
2414,Harris
2415,Harris
2416,Trump
2417,Trump
2418,Trump
2419,Trump
2420,Harris
2421,Harris
2422,Harris
2423,Harris
2424,Harris
2425,Harris
2426,Harris
2427,Harris
2428,Harris
2429,Harris
2430,Harris
2431,Harris
2432,Harris
2433,Harris
2434,Harris
2435,Harris
2436,Harris
2437,Harris
2438,Harris
2439,Harris
2440,Harris
2441,Harris
2442,Harris
2443,Harris
2444,Harris
2445,Harris
2446,Harris
2447,Harris
2448,Harris
2449,Harris
2450,Harris
2451,Harris
2452,Harris
2453,Harris
2454,Harris
2455,Harris
2456,Harris
2457,Harris
2458,Harris
2459,Harris
2460,Harris
2461,Harris
2462,Harris
2463,Harris
2464,Harris
2465,Harris
2466,Harris
2467,Harris
2468,Harris
2469,Harris
2470,Harris
2471,Harris
2472,Harris
2473,Harris
2474,Trump
2475,Trump
2476,Trump
2477,Trump
2478,Trump
2479,Trump
2480,Trump
2481,Trump
2482,Trump
2483,Trump
2484,Trump
2485,Trump
2486,Trump
2487,Trump
2488,Trump
2489,Trump
2490,Trump
2491,Trump
2492,Trump
2493,Harris
2494,Harris
2495,Trump
2496,Trump
2497,Trump
2498,Trump
2499,Trump
2500,Trump
2501,Trump
2502,Trump
2503,Harris
2504,Harris
2505,Harris
2506,Harris
2507,Harris
2508,Harris
2509,Harris
2510,Harris
2511,Harris
2512,Harris
2513,Harris
2514,Harris
2515,Harris
2516,Harris
2517,Harris
2518,Harris
2519,Harris
2520,Harris
2521,Harris
2522,Harris
2523,Harris
2524,Harris
2525,Harris
2526,Harris
2527,Harris
2528,Harris
2529,Harris
2530,Harris
2531,Harris
2532,Harris
2533,Harris
2534,Harris
2535,Harris
2536,Harris
2537,Harris
2538,Harris
2539,Harris
2540,Harris
2541,Harris
2542,Harris
2543,Harris
2544,Harris
2545,Harris
2546,Harris
2547,Harris
2548,Harris
2549,Harris
2550,Harris
2551,Harris
2552,Harris
2553,Harris
2554,Harris
2555,Harris
2556,Harris
2557,Harris
2558,Harris
2559,Harris
2560,Harris
2561,Harris
2562,Harris
2563,Harris
2564,Harris
2565,Trump
2566,Trump
2567,Trump
2568,Trump
2569,Trump
2570,Trump
2571,Trump
2572,Trump
2573,Trump
2574,Trump
2575,Trump
2576,Trump
2577,Trump
2578,Harris
2579,Trump
2580,Trump
2581,Trump
2582,Trump
2583,Harris
2584,Harris
2585,Harris
2586,Trump
2587,Trump
2588,Trump
2589,Trump
2590,Trump
2591,Trump
2592,Trump
2593,Trump
2594,Trump
2595,Trump
2596,Trump
2597,Harris
2598,Harris
2599,Harris
2600,Harris
2601,Harris
2602,Harris
2603,Harris
2604,Harris
2605,Harris
2606,Harris
2607,Harris
2608,Harris
2609,Harris
2610,Harris
2611,Harris
2612,Harris
2613,Harris
2614,Harris
2615,Harris
2616,Harris
2617,Harris
2618,Harris
2619,Harris
2620,Harris
2621,Harris
2622,Harris
2623,Harris
2624,Harris
2625,Harris
2626,Harris
2627,Harris
2628,Harris
2629,Harris
2630,Harris
2631,Harris
2632,Harris
2633,Trump
2634,Trump
2635,Trump
2636,Trump
2637,Trump
2638,Trump
2639,Trump
2640,Trump
2641,Trump
2642,Trump
2643,Trump
2644,Trump
2645,Trump
2646,Trump
2647,Trump
2648,Trump
2649,Trump
2650,Trump
2651,Harris
2652,Harris
2653,Harris
2654,Harris
2655,Harris
2656,Harris
2657,Harris
2658,Harris
2659,Harris
2660,Harris
2661,Harris
2662,Harris
2663,Harris
2664,Harris
2665,Harris
2666,Harris
2667,Harris
2668,Harris
2669,Harris
2670,Harris
2671,Harris
2672,Harris
2673,Harris
2674,Harris
2675,Harris
2676,Harris
2677,Harris
2678,Harris
2679,Harris
2680,Harris
2681,Harris
2682,Harris
2683,Harris
2684,Harris
2685,Harris
2686,Harris
2687,Harris
2688,Harris
2689,Harris
2690,Harris
2691,Harris
2692,Harris
2693,Harris
2694,Harris
2695,Harris
2696,Harris
2697,Harris
2698,Harris
2699,Harris
2700,Harris
2701,Harris
2702,Harris
2703,Harris
2704,Harris
2705,Harris
2706,Harris
2707,Harris
2708,Harris
2709,Harris
2710,Harris
2711,Harris
2712,Harris
2713,Harris
2714,Harris
2715,Harris
2716,Harris
2717,Harris
2718,Harris
2719,Harris
2720,Harris
2721,Harris
2722,Harris
2723,Harris
2724,Harris
2725,Harris
2726,Harris
2727,Harris
2728,Harris
2729,Harris
2730,Harris
2731,Harris
2732,Harris
2733,Harris
2734,Harris
2735,Harris
2736,Harris
2737,Harris
2738,Trump
2739,Trump
2740,Trump
2741,Trump
2742,Trump
2743,Trump
2744,Trump
2745,Trump
2746,Trump
2747,Trump
2748,Harris
2749,Harris
2750,Harris
2751,Harris
2752,Harris
2753,Harris
2754,Harris
2755,Harris
2756,Harris
2757,Harris
2758,Harris
2759,Harris
2760,Harris
2761,Harris
2762,Harris
2763,Harris
2764,Harris
2765,Harris
2766,Harris
2767,Harris
2768,Harris
2769,Harris
2770,Harris
2771,Harris
2772,Harris
2773,Harris
2774,Harris
2775,Harris
2776,Harris
2777,Harris
2778,Harris
2779,Harris
2780,Harris
2781,Harris
2782,Harris
2783,Harris
2784,Harris
2785,Harris
2786,Harris
2787,Harris
2788,Trump
2789,Harris
2790,Harris
2791,Harris
2792,Harris
2793,Harris
2794,Trump
2795,Trump
2796,Trump
2797,Trump
2798,Trump
2799,Trump
2800,Trump
2801,Trump
2802,Trump
2803,Trump
2804,Trump
2805,Trump
2806,Trump
2807,Trump
2808,Trump
2809,Trump
2810,Trump
2811,Harris
2812,Harris
2813,Harris
2814,Harris
2815,Harris
2816,Harris
2817,Harris
2818,Harris
2819,Harris
2820,Harris
2821,Harris
2822,Harris
2823,Harris
2824,Harris
2825,Harris
2826,Harris
2827,Harris
2828,Harris
2829,Harris
2830,Harris
2831,Harris
2832,Harris
2833,Harris
2834,Harris
2835,Harris
2836,Harris
2837,Harris
2838,Harris
2839,Harris
2840,Harris
2841,Harris
2842,Harris
2843,Harris
2844,Harris
2845,Harris
2846,Harris
2847,Harris
2848,Harris
2849,Harris
2850,Harris
2851,Harris
2852,Harris
2853,Harris
2854,Harris
2855,Harris
2856,Harris
2857,Harris
2858,Harris
2859,Harris
2860,Harris
2861,Harris
2862,Harris
2863,Harris
2864,Harris
2865,Harris
2866,Harris
2867,Harris
2868,Harris
2869,Harris
2870,Harris
2871,Harris
2872,Harris
2873,Harris
2874,Harris
2875,Harris
2876,Harris
2877,Harris
2878,Harris
2879,Trump
2880,Harris
2881,Harris
2882,Harris
2883,Harris
2884,Harris
2885,Harris
2886,Trump
2887,Trump
2888,Trump
2889,Trump
2890,Trump
2891,Trump
2892,Trump
2893,Trump
2894,Trump
2895,Trump
2896,Harris
2897,Harris
2898,Harris
2899,Harris
2900,Harris
2901,Harris
2902,Harris
2903,Harris
2904,Harris
2905,Harris
2906,Harris
2907,Harris
2908,Harris
2909,Harris
2910,Harris
2911,Harris
2912,Harris
2913,Trump
2914,Trump
2915,Trump
2916,Trump
2917,Trump
2918,Trump
2919,Trump
2920,Trump
2921,Trump
2922,Trump
2923,Trump
2924,Trump
2925,Trump
2926,Trump
2927,Trump
2928,Trump
2929,Trump
2930,Trump
2931,Trump
2932,Trump
2933,Trump
2934,Trump
2935,Trump
2936,Trump
2937,Trump
2938,Trump
2939,Trump
2940,Trump
2941,Trump
2942,Trump
2943,Trump
2944,Trump
2945,Trump
2946,Trump
2947,Trump
2948,Trump
2949,Trump
2950,Trump
2951,Trump
2952,Trump
2953,Trump
2954,Trump
2955,Trump
2956,Trump
2957,Trump
2958,Trump
2959,Trump
2960,Trump
2961,Trump
2962,Trump
2963,Trump
2964,Trump
2965,Trump
2966,Trump
2967,Trump
2968,Trump
2969,Trump
2970,Trump
2971,Trump
2972,Trump
2973,Trump
2974,Trump
2975,Trump
2976,Trump
2977,Trump
2978,Trump
2979,Trump
2980,Trump
2981,Trump
2982,Trump
2983,Trump
2984,Trump
2985,Trump
2986,Trump
2987,Trump
2988,Trump
2989,Trump
2990,Trump
2991,Trump
2992,Trump
2993,Trump
2994,Trump
2995,Trump
2996,Trump
2997,Trump
2998,Trump
2999,Trump
3000,Trump
3001,Trump
3002,Trump
3003,Trump
3004,Trump
3005,Trump
3006,Trump
3007,Trump
3008,Trump
3009,Trump
3010,Trump
3011,Trump
3012,Trump
3013,Trump
3014,Trump
3015,Trump
3016,Trump
3017,Trump
3018,Trump
3019,Trump
3020,Trump
3021,Trump
3022,Trump
3023,Trump
3024,Trump
3025,Trump
3026,Trump
3027,Trump
3028,Trump
3029,Trump
3030,Trump
3031,Trump
3032,Trump
3033,Trump
3034,Trump
3035,Trump
3036,Trump
3037,Trump
3038,Trump
3039,Trump
3040,Trump
3041,Trump
3042,Trump
3043,Trump
3044,Trump
3045,Trump
3046,Trump
3047,Trump
3048,Trump
3049,Trump
3050,Trump
3051,Trump
3052,Trump
3053,Trump
3054,Trump
3055,Trump
3056,Trump
3057,Trump
3058,Trump
3059,Trump
3060,Trump
3061,Trump
3062,Trump
3063,Trump
3064,Trump
3065,Trump
3066,Trump
3067,Trump
3068,Trump
3069,Trump
3070,Trump
3071,Trump
3072,Trump
3073,Trump
3074,Trump
3075,Trump
3076,Trump
3077,Trump
3078,Trump
3079,Trump
3080,Trump
3081,Trump
3082,Trump
3083,Trump
3084,Trump
3085,Trump
3086,Trump
3087,Trump
3088,Trump
3089,Trump
3090,Trump
3091,Trump
3092,Trump
3093,Trump
3094,Trump
3095,Trump
3096,Trump
3097,Trump
3098,Trump
3099,Trump
3100,Trump
3101,Trump
3102,Trump
3103,Trump
3104,Trump
3105,Trump
3106,Trump
3107,Trump
3108,Trump
3109,Trump
3110,Trump
3111,Trump
3112,Trump
3113,Trump
3114,Trump
3115,Trump
3116,Trump
3117,Trump
3118,Trump
3119,Trump
3120,Trump
3121,Trump
3122,Trump
3123,Trump
3124,Trump
3125,Trump
3126,Trump
3127,Trump
3128,Trump
3129,Trump
3130,Trump
3131,Trump
3132,Trump
3133,Trump
3134,Trump
3135,Trump
3136,Trump
3137,Trump
3138,Trump
3139,Trump
3140,Trump
3141,Trump
3142,Trump
3143,Trump
3144,Trump
3145,Trump
3146,Trump
3147,Trump
3148,Trump
3149,Trump
3150,Trump
3151,Trump
3152,Trump
3153,Trump
3154,Trump
3155,Trump
3156,Trump
3157,Trump
3158,Trump
3159,Trump
3160,Trump
3161,Trump
3162,Trump
3163,Trump
3164,Trump
3165,Trump
3166,Trump
3167,Trump
3168,Trump
3169,Trump
3170,Trump
3171,Trump
3172,Trump
3173,Trump
3174,Trump
3175,Trump
3176,Trump
3177,Trump
3178,Trump
3179,Trump
3180,Trump
3181,Trump
3182,Trump
3183,Trump
3184,Trump
3185,Trump
3186,Trump
3187,Trump
3188,Trump
3189,Trump
3190,Trump
3191,Trump
3192,Trump
3193,Trump
3194,Trump
3195,Trump
3196,Trump
3197,Trump
3198,Trump
3199,Trump
3200,Trump
3201,Trump
3202,Trump
3203,Trump
3204,Trump
3205,Trump
3206,Trump
3207,Trump
3208,Trump
3209,Trump
3210,Trump
3211,Trump
3212,Trump
3213,Trump
3214,Trump
3215,Trump
3216,Trump
3217,Trump
3218,Trump
3219,Trump
3220,Trump
3221,Trump
3222,Trump
3223,Trump
3224,Trump
3225,Trump
3226,Trump
3227,Trump
3228,Trump
3229,Trump
3230,Trump
3231,Trump
3232,Trump
3233,Trump
3234,Harris
3235,Harris
3236,Harris
3237,Harris
3238,Trump
3239,Trump
3240,Trump
3241,Trump
3242,Trump
3243,Trump
3244,Harris
3245,Harris
3246,Trump
3247,Trump
3248,Trump
3249,Trump
3250,Trump
3251,Trump
3252,Trump
3253,Trump
3254,Trump
3255,Trump
3256,Trump
3257,Trump
3258,Trump
3259,Trump
3260,Trump
3261,Trump
3262,Trump
3263,Trump
3264,Trump
3265,Trump
3266,Trump
3267,Trump
3268,Trump
3269,Trump
3270,Trump
3271,Trump
3272,Trump
3273,Trump
3274,Trump
3275,Trump
3276,Trump
3277,Trump
3278,Trump
3279,Trump
3280,Trump
3281,Trump
3282,Trump
3283,Trump
3284,Trump
3285,Trump
3286,Trump
3287,Trump
3288,Trump
3289,Trump
3290,Trump
3291,Trump
3292,Trump
3293,Trump
3294,Trump
3295,Trump
3296,Trump
3297,Trump
3298,Trump
3299,Trump
3300,Trump
3301,Trump
3302,Trump
3303,Trump
3304,Trump
3305,Trump
3306,Trump
3307,Trump
3308,Trump
3309,Trump
3310,Trump
3311,Trump
3312,Trump
3313,Trump
3314,Trump
3315,Trump
3316,Trump
3317,Harris
3318,Harris
3319,Harris
3320,Harris
3321,Harris
3322,Harris
3323,Harris
3324,Harris
3325,Harris
3326,Harris
3327,Harris
3328,Harris
3329,Harris
3330,Harris
3331,Harris
3332,Harris
3333,Harris
3334,Harris
3335,Harris
3336,Harris
3337,Harris
3338,Harris
3339,Harris
3340,Harris
3341,Harris
3342,Harris
3343,Harris
3344,Harris
3345,Harris
3346,Harris
3347,Harris
3348,Harris
3349,Harris
3350,Harris
3351,Harris
3352,Harris
3353,Harris
3354,Harris
3355,Harris
3356,Harris
3357,Harris
3358,Harris
3359,Harris
3360,Harris
3361,Harris
3362,Harris
3363,Harris
3364,Harris
3365,Harris
3366,Harris
3367,Harris
3368,Harris
3369,Harris
3370,Harris
3371,Harris
3372,Harris
3373,Harris
3374,Trump
3375,Trump
3376,Trump
3377,Trump
3378,Trump
3379,Harris
3380,Harris
3381,Harris
3382,Trump
3383,Trump
3384,Trump
3385,Trump
3386,Trump
3387,Trump
3388,Trump
3389,Trump
3390,Trump
3391,Trump
3392,Trump
3393,Trump
3394,Trump
3395,Trump
3396,Trump
3397,Trump
3398,Trump
3399,Trump
3400,Trump
3401,Trump
3402,Trump
3403,Harris
3404,Trump
3405,Trump
3406,Trump
3407,Trump
3408,Trump
3409,Trump
3410,Trump
3411,Trump
3412,Trump
3413,Harris
3414,Harris
3415,Harris
3416,Trump
3417,Trump
3418,Trump
3419,Trump
3420,Trump
3421,Trump
3422,Trump
3423,Trump
3424,Trump
3425,Trump
3426,Trump
3427,Trump
3428,Trump
3429,Trump
3430,Trump
3431,Trump
3432,Trump
3433,Trump
3434,Trump
3435,Trump
3436,Trump
3437,Trump
3438,Trump
3439,Trump
3440,Trump
3441,Trump
3442,Trump
3443,Trump
3444,Trump
3445,Trump
3446,Trump
3447,Trump
3448,Trump
3449,Trump
3450,Trump
3451,Trump
3452,Trump
3453,Trump
3454,Trump
3455,Trump
3456,Harris
3457,Trump
3458,Trump
3459,Trump
3460,Trump
3461,Trump
3462,Trump
3463,Trump
3464,Trump
3465,Trump
3466,Trump
3467,Trump
3468,Trump
3469,Trump
3470,Trump
3471,Trump
3472,Trump
3473,Trump
3474,Trump
3475,Trump
3476,Trump
3477,Trump
3478,Trump
3479,Trump
3480,Trump
3481,Harris
3482,Harris
3483,Harris
3484,Harris
3485,Trump
3486,Trump
3487,Harris
3488,Harris
3489,Harris
3490,Harris
3491,Harris
3492,Harris
3493,Harris
3494,Harris
3495,Harris
3496,Harris
3497,Harris
3498,Harris
3499,Harris
3500,Harris
3501,Harris
3502,Harris
3503,Harris
3504,Harris
3505,Harris
3506,Harris
3507,Harris
3508,Harris
3509,Harris
3510,Harris
3511,Harris
3512,Harris
3513,Harris
3514,Harris
3515,Harris
3516,Harris
3517,Harris
3518,Harris
3519,Harris
3520,Harris
3521,Harris
3522,Harris
3523,Harris
3524,Harris
3525,Harris
3526,Harris
3527,Harris
3528,Harris
3529,Harris
3530,Harris
3531,Trump
3532,Trump
3533,Trump
3534,Trump
3535,Trump
3536,Trump
3537,Trump
3538,Trump
3539,Trump
3540,Trump
3541,Trump
3542,Trump
3543,Trump
3544,Trump
3545,Trump
3546,Trump
3547,Trump
3548,Trump
3549,Trump
3550,Trump
3551,Trump
3552,Trump
3553,Trump
3554,Trump
3555,Harris
3556,Harris
3557,Harris
3558,Harris
3559,Harris
3560,Harris
3561,Harris
3562,Harris
3563,Harris
3564,Harris
3565,Harris
3566,Harris
3567,Harris
3568,Harris
3569,Harris
3570,Harris
3571,Trump
3572,Trump
3573,Trump
3574,Trump
3575,Trump
3576,Trump
3577,Trump
3578,Trump
3579,Harris
3580,Harris
3581,Harris
3582,Harris
3583,Harris
3584,Harris
3585,Harris
3586,Harris
3587,Harris
3588,Trump
3589,Trump
3590,Trump
3591,Trump
3592,Trump
3593,Trump
3594,Trump
3595,Trump
3596,Trump
3597,Trump
3598,Trump
3599,Trump
3600,Trump
3601,Trump
3602,Trump
3603,Trump
3604,Trump
3605,Trump
3606,Trump
3607,Trump
3608,Harris
3609,Harris
3610,Harris
3611,Harris
3612,Harris
3613,Harris
3614,Harris
3615,Harris
3616,Harris
3617,Harris
3618,Harris
3619,Harris
3620,Harris
3621,Trump
3622,Trump
3623,Trump
3624,Harris
3625,Harris
3626,Harris
3627,Harris
3628,Harris
3629,Harris
3630,Harris
3631,Harris
3632,Harris
3633,Harris
3634,Harris
3635,Harris
3636,Harris
3637,Harris
3638,Harris
3639,Harris
3640,Harris
3641,Harris
3642,Harris
3643,Harris
3644,Harris
3645,Harris
3646,Harris
3647,Harris
3648,Harris
3649,Harris
3650,Harris
3651,Harris
3652,Harris
3653,Harris
3654,Harris
3655,Harris
3656,Harris
3657,Harris
3658,Harris
3659,Harris
3660,Harris
3661,Harris
3662,Harris
3663,Harris
3664,Harris
3665,Harris
3666,Harris
3667,Harris
3668,Harris
3669,Harris
3670,Harris
3671,Harris
3672,Harris
3673,Harris
3674,Harris
3675,Harris
3676,Trump
3677,Trump
3678,Trump
3679,Trump
3680,Trump
3681,Trump
3682,Trump
3683,Trump
3684,Trump
3685,Trump
3686,Trump
3687,Trump
3688,Harris
3689,Harris
3690,Harris
3691,Harris
3692,Harris
3693,Harris
3694,Harris
3695,Harris
3696,Harris
3697,Harris
3698,Harris
3699,Harris
3700,Harris
3701,Harris
3702,Harris
3703,Harris
3704,Harris
3705,Trump
3706,Trump
3707,Trump
3708,Trump
3709,Trump
3710,Trump
3711,Trump
3712,Trump
3713,Trump
3714,Trump
3715,Trump
3716,Trump
3717,Trump
3718,Trump
3719,Trump
3720,Trump
3721,Trump
3722,Trump
3723,Trump
3724,Trump
3725,Trump
3726,Trump
3727,Trump
3728,Trump
3729,Trump
3730,Trump
3731,Trump
3732,Trump
3733,Trump
3734,Trump
3735,Trump
3736,Trump
3737,Trump
3738,Trump
3739,Trump
3740,Trump
3741,Trump
3742,Trump
3743,Trump
3744,Trump
3745,Trump
3746,Trump
3747,Trump
3748,Trump
3749,Trump
3750,Trump
3751,Trump
3752,Trump
3753,Trump
3754,Trump
3755,Trump
3756,Trump
3757,Trump
3758,Trump
3759,Trump
3760,Trump
3761,Trump
3762,Trump
3763,Trump
3764,Trump
3765,Trump
3766,Trump
3767,Trump
3768,Trump
3769,Trump
3770,Trump
3771,Trump
3772,Trump
3773,Trump
3774,Trump
3775,Trump
3776,Trump
3777,Trump
3778,Trump
3779,Trump
3780,Trump
3781,Trump
3782,Trump
3783,Trump
3784,Trump
3785,Trump
3786,Trump
3787,Trump
3788,Trump
3789,Trump
3790,Trump
3791,Trump
3792,Trump
3793,Trump
3794,Trump
3795,Trump
3796,Trump
3797,Trump
3798,Trump
3799,Trump
3800,Trump
3801,Trump
3802,Trump
3803,Trump
3804,Trump
3805,Trump
3806,Trump
3807,Trump
3808,Trump
3809,Trump
3810,Trump
3811,Trump
3812,Trump
3813,Trump
3814,Trump
3815,Trump
3816,Trump
3817,Trump
3818,Trump
3819,Trump
3820,Trump
3821,Trump
3822,Trump
3823,Trump
3824,Trump
3825,Trump
3826,Trump
3827,Trump
3828,Trump
3829,Trump
3830,Trump
3831,Trump
3832,Trump
3833,Trump
3834,Trump
3835,Trump
3836,Trump
3837,Trump
3838,Trump
3839,Trump
3840,Trump
3841,Trump
3842,Trump
3843,Trump
3844,Trump
3845,Trump
3846,Trump
3847,Trump
3848,Trump
3849,Trump
3850,Trump
3851,Trump
3852,Trump
3853,Trump
3854,Trump
3855,Trump
3856,Trump
3857,Trump
3858,Trump
3859,Trump
3860,Trump
3861,Trump
3862,Trump
3863,Trump
3864,Trump
3865,Trump
3866,Trump
3867,Trump
3868,Trump
3869,Trump
3870,Trump
3871,Trump
3872,Trump
3873,Trump
3874,Trump
3875,Trump
3876,Trump
3877,Trump
3878,Trump
3879,Trump
3880,Trump
3881,Trump
3882,Trump
3883,Trump
3884,Trump
3885,Trump
3886,Trump
3887,Trump
3888,Trump
3889,Trump
3890,Trump
3891,Trump
3892,Trump
3893,Trump
3894,Trump
3895,Trump
3896,Trump
3897,Trump
3898,Trump
3899,Trump
3900,Trump
3901,Trump
3902,Trump
3903,Trump
3904,Trump
3905,Trump
3906,Trump
3907,Trump
3908,Trump
3909,Trump
3910,Trump
3911,Trump
3912,Trump
3913,Trump
3914,Trump
3915,Trump
3916,Trump
3917,Trump
3918,Trump
3919,Trump
3920,Trump
3921,Trump
3922,Trump
3923,Trump
3924,Trump
3925,Trump
3926,Trump
3927,Trump
3928,Trump
3929,Trump
3930,Trump
3931,Trump
3932,Trump
3933,Trump
3934,Trump
3935,Trump
3936,Trump
3937,Trump
3938,Trump
3939,Trump
3940,Trump
3941,Trump
3942,Trump
3943,Trump
3944,Trump
3945,Trump
3946,Trump
3947,Trump
3948,Trump
3949,Trump
3950,Trump
3951,Trump
3952,Trump
3953,Trump
3954,Trump
3955,Trump
3956,Trump
3957,Trump
3958,Trump
3959,Trump
3960,Trump
3961,Trump
3962,Trump
3963,Trump
3964,Trump
3965,Trump
3966,Trump
3967,Trump
3968,Trump
3969,Trump
3970,Trump
3971,Trump
3972,Trump
3973,Trump
3974,Trump
3975,Trump
3976,Trump
3977,Trump
3978,Trump
3979,Trump
3980,Trump
3981,Trump
3982,Trump
3983,Trump
3984,Trump
3985,Trump
3986,Trump
3987,Trump
3988,Trump
3989,Trump
3990,Trump
3991,Trump
3992,Trump
3993,Trump
3994,Trump
3995,Trump
3996,Trump
3997,Trump
3998,Trump
3999,Trump
4000,Trump
4001,Trump
4002,Trump
4003,Trump
4004,Trump
4005,Trump
4006,Trump
4007,Trump
4008,Trump
4009,Trump
4010,Trump
4011,Trump
4012,Trump
4013,Trump
4014,Trump
4015,Trump
4016,Trump
4017,Trump
4018,Trump
4019,Trump
4020,Trump
4021,Trump
4022,Trump
4023,Trump
4024,Trump
4025,Trump
4026,Trump
4027,Trump
4028,Trump
4029,Trump
4030,Trump
4031,Trump
4032,Trump
4033,Trump
4034,Trump
4035,Trump
4036,Trump
4037,Trump
4038,Trump
4039,Trump
4040,Trump
4041,Trump
4042,Trump
4043,Trump
4044,Trump
4045,Trump
4046,Trump
4047,Trump
4048,Trump
4049,Trump
4050,Trump
4051,Trump
4052,Trump
4053,Trump
4054,Trump
4055,Trump
4056,Trump
4057,Trump
4058,Trump
4059,Trump
4060,Trump
4061,Trump
4062,Trump
4063,Trump
4064,Trump
4065,Trump
4066,Trump
4067,Trump
4068,Trump
4069,Trump
4070,Trump
4071,Trump
4072,Trump
4073,Trump
4074,Trump
4075,Trump
4076,Trump
4077,Trump
4078,Trump
4079,Trump
4080,Trump
4081,Trump
4082,Trump
4083,Trump
4084,Trump
4085,Trump
4086,Trump
4087,Trump
4088,Trump
4089,Trump
4090,Trump
4091,Trump
4092,Trump
4093,Trump
4094,Trump
4095,Trump
4096,Trump
4097,Trump
4098,Trump
4099,Trump
4100,Trump
4101,Trump
4102,Trump
4103,Trump
4104,Trump
4105,Trump
4106,Trump
4107,Trump
4108,Trump
4109,Trump
4110,Trump
4111,Trump
4112,Trump
4113,Trump
4114,Trump
4115,Trump
4116,Trump
4117,Trump
4118,Trump
4119,Trump
4120,Trump
4121,Trump
4122,Trump
4123,Trump
4124,Trump
4125,Trump
4126,Trump
4127,Trump
4128,Trump
4129,Trump
4130,Trump
4131,Trump
4132,Trump
4133,Trump
4134,Trump
4135,Trump
4136,Trump
4137,Trump
4138,Trump
4139,Trump
4140,Trump
4141,Trump
4142,Trump
4143,Trump
4144,Trump
4145,Trump
4146,Trump
4147,Trump
4148,Trump
4149,Trump
4150,Trump
4151,Trump
4152,Trump
4153,Trump
4154,Trump
4155,Trump
4156,Trump
4157,Trump
4158,Trump
4159,Trump
4160,Trump
4161,Trump
4162,Trump
4163,Trump
4164,Trump
4165,Trump
4166,Trump
4167,Trump
4168,Trump
4169,Trump
4170,Trump
4171,Trump
4172,Trump
4173,Trump
4174,Trump
4175,Trump
4176,Trump
4177,Trump
4178,Trump
4179,Trump
4180,Trump
4181,Trump
4182,Trump
4183,Trump
4184,Trump
4185,Trump
4186,Trump
4187,Trump
4188,Trump
4189,Trump
4190,Trump
4191,Trump
4192,Trump
4193,Trump
4194,Trump
4195,Trump
4196,Trump
4197,Trump
4198,Trump
4199,Trump
4200,Trump
4201,Trump
4202,Trump
4203,Trump
4204,Trump
4205,Trump
4206,Trump
4207,Trump
4208,Trump
4209,Trump
4210,Trump
4211,Trump
4212,Trump
4213,Trump
4214,Trump
4215,Trump
4216,Trump
4217,Trump
4218,Trump
4219,Trump
4220,Trump
4221,Trump
4222,Trump
4223,Trump
4224,Trump
4225,Trump
4226,Trump
4227,Trump
4228,Trump
4229,Trump
4230,Trump
4231,Trump
4232,Trump
4233,Trump
4234,Trump
4235,Trump
4236,Trump
4237,Trump
4238,Trump
4239,Trump
4240,Trump
4241,Trump
4242,Trump
4243,Trump
4244,Trump
4245,Trump
4246,Trump
4247,Trump
4248,Trump
4249,Trump
4250,Trump
4251,Trump
4252,Trump
4253,Trump
4254,Trump
4255,Trump
4256,Trump
4257,Trump
4258,Trump
4259,Trump
4260,Trump
4261,Trump
4262,Trump
4263,Trump
4264,Trump
4265,Trump
4266,Trump
4267,Trump
4268,Trump
4269,Trump
4270,Trump
4271,Trump
4272,Trump
4273,Trump
4274,Trump
4275,Trump
4276,Trump
4277,Trump
4278,Trump
4279,Trump
4280,Trump
4281,Trump
4282,Trump
4283,Trump
4284,Trump
4285,Trump
4286,Trump
4287,Trump
4288,Trump
4289,Trump
4290,Trump
4291,Trump
4292,Trump
4293,Trump
4294,Trump
4295,Trump
4296,Trump
4297,Trump
4298,Trump
4299,Trump
4300,Trump
4301,Trump
4302,Trump
4303,Trump
4304,Trump
4305,Trump
4306,Trump
4307,Trump
4308,Trump
4309,Trump
4310,Trump
4311,Trump
4312,Trump
4313,Trump
4314,Trump
4315,Trump
4316,Trump
4317,Trump
4318,Trump
4319,Trump
4320,Trump
4321,Trump
4322,Trump
4323,Trump
4324,Trump
4325,Trump
4326,Trump
4327,Trump
4328,Trump
4329,Trump
4330,Trump
4331,Trump
4332,Trump
4333,Trump
4334,Trump
4335,Trump
4336,Trump
4337,Trump
4338,Trump
4339,Trump
4340,Trump
4341,Trump
4342,Trump
4343,Trump
4344,Trump
4345,Trump
4346,Trump
4347,Harris
4348,Harris
4349,Harris
4350,Harris
4351,Harris
4352,Harris
4353,Harris
4354,Harris
4355,Harris
4356,Harris
4357,Harris
4358,Harris
4359,Harris
4360,Harris
4361,Harris
4362,Harris
4363,Harris
4364,Harris
4365,Harris
4366,Harris
4367,Harris
4368,Harris
4369,Harris
4370,Harris
4371,Harris
4372,Harris
4373,Harris
4374,Harris
4375,Harris
4376,Harris
4377,Harris
4378,Harris
4379,Harris
4380,Harris
4381,Harris
4382,Harris
4383,Harris
4384,Harris
4385,Harris
4386,Harris
4387,Harris
4388,Harris
4389,Harris
4390,Harris
4391,Harris
4392,Harris
4393,Harris
4394,Harris
4395,Harris
4396,Harris
4397,Harris
4398,Harris
4399,Harris
4400,Harris
4401,Harris
4402,Harris
4403,Harris
4404,Harris
4405,Harris
4406,Harris
4407,Harris
4408,Harris
4409,Harris
4410,Harris
4411,Harris
4412,Harris
4413,Harris
4414,Harris
4415,Harris
4416,Harris
4417,Harris
4418,Harris
4419,Harris
4420,Harris
4421,Trump
4422,Trump
4423,Trump
4424,Trump
4425,Trump
4426,Trump
4427,Trump
4428,Trump
4429,Trump
4430,Trump
4431,Trump
4432,Trump
4433,Trump
4434,Trump
4435,Trump
4436,Trump
4437,Trump
4438,Trump
4439,Trump
4440,Trump
4441,Trump
4442,Trump
4443,Trump
4444,Trump
4445,Trump
4446,Trump
4447,Trump
4448,Trump
4449,Trump
4450,Trump
4451,Trump
4452,Trump
4453,Trump
4454,Trump
4455,Trump
4456,Trump
4457,Trump
4458,Trump
4459,Trump
4460,Trump
4461,Trump
4462,Trump
4463,Trump
4464,Trump
4465,Trump
4466,Trump
4467,Trump
4468,Trump
4469,Trump
4470,Trump
4471,Trump
4472,Trump
4473,Trump
4474,Trump
4475,Trump
4476,Trump
4477,Trump
4478,Trump
4479,Trump
4480,Trump
4481,Trump
4482,Trump
4483,Trump
4484,Trump
4485,Trump
4486,Trump
4487,Trump
4488,Harris
4489,Harris
4490,Harris
4491,Harris
4492,Harris
4493,Harris
4494,Harris
4495,Harris
4496,Harris
4497,Harris
4498,Harris
4499,Harris
4500,Harris
4501,Harris
4502,Harris
4503,Harris
4504,Harris
4505,Harris
4506,Harris
4507,Harris
4508,Harris
4509,Harris
4510,Harris
4511,Harris
4512,Harris
4513,Harris
4514,Harris
4515,Harris
4516,Harris
4517,Harris
4518,Harris
4519,Harris
4520,Harris
4521,Harris
4522,Harris
4523,Harris
4524,Harris
4525,Harris
4526,Harris
4527,Harris
4528,Harris
4529,Harris
4530,Harris
4531,Trump
4532,Trump
4533,Trump
4534,Trump
4535,Trump
4536,Harris
4537,Harris
4538,Harris
4539,Harris
4540,Harris
4541,Harris
4542,Harris
4543,Harris
4544,Harris
4545,Harris
4546,Harris
4547,Harris
4548,Harris
4549,Harris
4550,Harris
4551,Harris
4552,Harris
4553,Harris
4554,Harris
4555,Harris
4556,Harris
4557,Harris
4558,Harris
4559,Harris
4560,Trump
4561,Trump
4562,Trump
4563,Trump
4564,Harris
4565,Harris
4566,Harris
4567,Harris
4568,Harris
4569,Harris
4570,Harris
4571,Harris
4572,Harris
4573,Harris
4574,Harris
4575,Harris
4576,Harris
4577,Harris
4578,Harris
4579,Harris
4580,Harris
4581,Harris
4582,Harris
4583,Trump
4584,Trump
4585,Trump
4586,Trump
4587,Trump
4588,Trump
4589,Trump
4590,Trump
4591,Trump
4592,Trump
4593,Trump
4594,Trump
4595,Trump
4596,Trump
4597,Trump
4598,Trump
4599,Trump
4600,Trump
4601,Trump
4602,Trump
4603,Trump
4604,Trump
4605,Trump
4606,Trump
4607,Trump
4608,Trump
4609,Trump
4610,Trump
4611,Trump
4612,Trump
4613,Trump
4614,Trump
4615,Trump
4616,Trump
4617,Trump
4618,Trump
4619,Harris
4620,Harris
4621,Harris
4622,Harris
4623,Harris
4624,Harris
4625,Harris
4626,Harris
4627,Trump
4628,Trump
4629,Trump
4630,Trump
4631,Trump
4632,Trump
4633,Trump
4634,Trump
4635,Trump
4636,Trump
4637,Trump
4638,Trump
4639,Trump
4640,Trump
4641,Trump
4642,Trump
4643,Trump
4644,Harris
4645,Harris
4646,Harris
4647,Harris
4648,Harris
4649,Harris
4650,Harris
4651,Harris
4652,Harris
4653,Harris
4654,Harris
4655,Harris
4656,Harris
4657,Harris
4658,Harris
4659,Trump
4660,Trump
4661,Trump
4662,Trump
4663,Trump
4664,Trump
4665,Harris
4666,Harris
4667,Harris
4668,Harris
4669,Harris
4670,Harris
4671,Harris
4672,Harris
4673,Harris
4674,Harris
4675,Harris
4676,Harris
4677,Harris
4678,Harris
4679,Trump
4680,Trump
4681,Trump
4682,Trump
4683,Trump
4684,Trump
4685,Trump
4686,Trump
4687,Trump
4688,Trump
4689,Trump
4690,Harris
4691,Harris
4692,Harris
4693,Harris
4694,Harris
4695,Harris
4696,Harris
4697,Harris
4698,Harris
4699,Harris
4700,Harris
4701,Harris
4702,Harris
4703,Harris
4704,Harris
4705,Harris
4706,Harris
4707,Harris
4708,Harris
4709,Harris
4710,Harris
4711,Harris
4712,Harris
4713,Harris
4714,Harris
4715,Trump
4716,Trump
4717,Trump
4718,Trump
4719,Trump
4720,Trump
4721,Trump
4722,Trump
4723,Harris
4724,Harris
4725,Harris
4726,Harris
4727,Harris
4728,Harris
4729,Harris
4730,Harris
4731,Harris
4732,Harris
4733,Harris
4734,Harris
4735,Harris
4736,Harris
4737,Harris
4738,Harris
4739,Harris
4740,Harris
4741,Harris
4742,Harris
4743,Harris
4744,Harris
4745,Harris
4746,Harris
4747,Harris
4748,Harris
4749,Harris
4750,Harris
4751,Harris
4752,Harris
4753,Harris
4754,Harris
4755,Harris
4756,Harris
4757,Harris
4758,Harris
4759,Harris
4760,Harris
4761,Harris
4762,Harris
4763,Harris
4764,Harris
4765,Harris
4766,Harris
4767,Harris
4768,Harris
4769,Harris
4770,Harris
4771,Harris
4772,Harris
4773,Harris
4774,Harris
4775,Harris
4776,Harris
4777,Harris
4778,Harris
4779,Harris
4780,Harris
4781,Harris
4782,Harris
4783,Harris
4784,Harris
4785,Harris
4786,Harris
4787,Harris
4788,Harris
4789,Harris
4790,Harris
4791,Harris
4792,Harris
4793,Harris
4794,Harris
4795,Harris
4796,Harris
4797,Harris
4798,Harris
4799,Harris
4800,Harris
4801,Harris
4802,Harris
4803,Harris
4804,Harris
4805,Harris
4806,Harris
4807,Harris
4808,Harris
4809,Harris
4810,Harris
4811,Harris
4812,Harris
4813,Harris
4814,Harris
4815,Harris
4816,Harris
4817,Harris
4818,Harris
4819,Harris
4820,Harris
4821,Harris
4822,Harris
4823,Harris
4824,Harris
4825,Harris
4826,Harris
4827,Harris
4828,Harris
4829,Harris
4830,Harris
4831,Harris
4832,Harris
4833,Harris
4834,Harris
4835,Harris
4836,Harris
4837,Harris
4838,Harris
4839,Harris
4840,Harris
4841,Harris
4842,Harris
4843,Harris
4844,Harris
4845,Harris
4846,Harris
4847,Harris
4848,Harris
4849,Harris
4850,Harris
4851,Harris
4852,Harris
4853,Harris
4854,Harris
4855,Harris
4856,Harris
4857,Harris
4858,Harris
4859,Harris
4860,Harris
4861,Harris
4862,Harris
4863,Harris
4864,Harris
4865,Harris
4866,Harris
4867,Harris
4868,Harris
4869,Harris
4870,Harris
4871,Harris
4872,Harris
4873,Harris
4874,Harris
4875,Harris
4876,Harris
4877,Harris
4878,Harris
4879,Harris
4880,Harris
4881,Harris
4882,Harris
4883,Harris
4884,Harris
4885,Harris
4886,Harris
4887,Harris
4888,Harris
4889,Harris
4890,Harris
4891,Harris
4892,Harris
4893,Harris
4894,Harris
4895,Trump
4896,Trump
4897,Trump
4898,Trump
4899,Trump
4900,Trump
4901,Trump
4902,Trump
4903,Trump
4904,Trump
4905,Trump
4906,Trump
4907,Trump
4908,Trump
4909,Trump
4910,Trump
4911,Trump
4912,Trump
4913,Trump
4914,Trump
4915,Trump
4916,Trump
4917,Trump
4918,Trump
4919,Trump
4920,Trump
4921,Trump
4922,Trump
4923,Trump
4924,Trump
4925,Trump
4926,Trump
4927,Trump
4928,Trump
4929,Trump
4930,Trump
4931,Harris
4932,Harris
4933,Harris
4934,Harris
4935,Trump
4936,Trump
4937,Trump
4938,Trump
4939,Trump
4940,Trump
4941,Trump
4942,Trump
4943,Trump
4944,Trump
4945,Trump
4946,Harris
4947,Harris
4948,Harris
4949,Harris
4950,Harris
4951,Harris
4952,Harris
4953,Harris
4954,Harris
4955,Harris
4956,Harris
4957,Harris
4958,Harris
4959,Harris
4960,Harris
4961,Harris
4962,Harris
4963,Harris
4964,Harris
4965,Harris
4966,Trump
4967,Trump
4968,Trump
4969,Trump
4970,Trump
4971,Trump
4972,Trump
4973,Trump
4974,Trump
4975,Trump
4976,Trump
4977,Trump
4978,Trump
4979,Trump
4980,Trump
4981,Trump
4982,Trump
4983,Trump
4984,Trump
4985,Trump
4986,Trump
4987,Trump
4988,Trump
4989,Trump
4990,Trump
4991,Trump
4992,Trump
4993,Trump
4994,Trump
4995,Trump
4996,Trump
4997,Harris
4998,Harris
4999,Harris
