plan_id,democrat,republican,minority_effective,opportunity_districts,ensemble
0,5,9,5,4,VRA
1,6,8,5,4,VRA
2,6,8,5,4,VRA
3,6,8,5,4,VRA
4,6,8,5,4,VRA
5,6,8,5,4,VRA
6,6,8,5,4,VRA
7,6,8,5,4,VRA
8,6,8,5,4,VRA
9,5,9,5,4,VRA
10,5,9,5,4,VRA
11,5,9,5,4,VRA
12,5,9,5,4,VRA
13,5,9,5,4,VRA
14,5,9,5,4,VRA
15,5,9,5,3,VRA
16,5,9,5,3,VRA
17,5,9,5,3,VRA
18,5,9,5,3,VRA
19,5,9,5,3,VRA
20,5,9,5,2,VRA
21,5,9,5,2,VRA
22,5,9,5,2,VRA
23,5,9,5,2,VRA
24,5,9,5,2,VRA
25,5,9,5,2,VRA
26,5,9,5,2,VRA
27,5,9,5,2,VRA
28,5,9,5,2,VRA
29,5,9,5,2,VRA
30,5,9,5,2,VRA
31,5,9,5,3,VRA
32,5,9,5,3,VRA
33,5,9,5,3,VRA
34,5,9,5,3,VRA
35,5,9,5,3,VRA
36,5,9,5,3,VRA
37,5,9,5,3,VRA
38,5,9,5,3,VRA
39,5,9,5,3,VRA
40,5,9,5,2,VRA
41,5,9,5,2,VRA
42,5,9,5,3,VRA
43,5,9,5,3,VRA
44,5,9,5,3,VRA
45,5,9,5,3,VRA
46,5,9,5,3,VRA
47,5,9,5,3,VRA
48,5,9,5,3,VRA
49,5,9,5,3,VRA
50,5,9,5,3,VRA
51,5,9,5,3,VRA
52,5,9,5,3,VRA
53,5,9,5,3,VRA
54,5,9,5,3,VRA
55,6,8,6,3,VRA
56,6,8,6,3,VRA
57,6,8,6,3,VRA
58,5,9,5,3,VRA
59,5,9,5,2,VRA
60,5,9,5,2,VRA
61,5,9,5,3,VRA
62,5,9,5,3,VRA
63,5,9,5,2,VRA
64,5,9,5,2,VRA
65,5,9,5,3,VRA
66,5,9,5,3,VRA
67,5,9,5,3,VRA
68,5,9,5,3,VRA
69,5,9,5,3,VRA
70,5,9,5,3,VRA
71,5,9,5,3,VRA
72,5,9,5,3,VRA
73,5,9,5,3,VRA
74,5,9,5,3,VRA
75,5,9,5,3,VRA
76,5,9,5,3,VRA
77,5,9,5,3,VRA
78,5,9,5,3,VRA
79,5,9,5,2,VRA
80,5,9,5,2,VRA
81,5,9,5,2,VRA
82,5,9,5,2,VRA
83,5,9,5,2,VRA
84,5,9,5,2,VRA
85,5,9,5,2,VRA
86,6,8,5,2,VRA
87,6,8,5,2,VRA
88,6,8,5,2,VRA
89,6,8,5,2,VRA
90,6,8,5,2,VRA
91,6,8,5,2,VRA
92,6,8,5,2,VRA
93,6,8,5,2,VRA
94,6,8,5,2,VRA
95,6,8,5,2,VRA
96,6,8,5,1,VRA
97,6,8,5,1,VRA
98,6,8,5,1,VRA
99,6,8,5,1,VRA
100,6,8,5,2,VRA
101,6,8,5,2,VRA
102,6,8,5,3,VRA
103,6,8,5,3,VRA
104,6,8,5,3,VRA
105,6,8,5,4,VRA
106,6,8,5,4,VRA
107,6,8,5,4,VRA
108,6,8,5,4,VRA
109,6,8,5,4,VRA
110,6,8,5,4,VRA
111,6,8,5,4,VRA
112,6,8,5,3,VRA
113,6,8,5,3,VRA
114,6,8,5,3,VRA
115,6,8,5,3,VRA
116,5,9,5,3,VRA
117,5,9,5,3,VRA
118,5,9,5,3,VRA
119,5,9,5,3,VRA
120,5,9,5,4,VRA
121,5,9,5,4,VRA
122,5,9,5,4,VRA
123,5,9,5,4,VRA
124,5,9,5,4,VRA
125,5,9,5,4,VRA
126,6,8,5,3,VRA
127,6,8,5,2,VRA
128,6,8,5,2,VRA
129,6,8,5,2,VRA
130,6,8,5,2,VRA
131,6,8,5,2,VRA
132,6,8,5,3,VRA
133,6,8,5,3,VRA
134,6,8,5,3,VRA
135,6,8,5,3,VRA
136,6,8,5,3,VRA
137,6,8,5,3,VRA
138,6,8,5,3,VRA
139,6,8,5,3,VRA
140,5,9,5,3,VRA
141,5,9,5,3,VRA
142,5,9,5,3,VRA
143,5,9,5,3,VRA
144,5,9,5,3,VRA
145,5,9,5,4,VRA
146,5,9,5,4,VRA
147,5,9,5,4,VRA
148,5,9,5,4,VRA
149,5,9,5,4,VRA
150,6,8,5,3,VRA
151,6,8,5,3,VRA
152,6,8,5,2,VRA
153,6,8,5,2,VRA
154,6,8,5,3,VRA
155,6,8,5,3,VRA
156,6,8,5,2,VRA
157,6,8,5,2,VRA
158,6,8,5,2,VRA
159,6,8,5,3,VRA
160,6,8,5,3,VRA
161,6,8,5,2,VRA
162,6,8,5,2,VRA
163,6,8,5,2,VRA
164,6,8,5,2,VRA
165,6,8,5,2,VRA
166,6,8,5,2,VRA
167,6,8,5,2,VRA
168,6,8,5,2,VRA
169,5,9,5,2,VRA
170,5,9,5,2,VRA
171,6,8,5,1,VRA
172,6,8,5,1,VRA
173,6,8,5,1,VRA
174,6,8,5,1,VRA
175,6,8,5,1,VRA
176,6,8,5,1,VRA
177,6,8,5,1,VRA
178,5,9,5,2,VRA
179,5,9,5,2,VRA
180,5,9,5,2,VRA
181,5,9,5,2,VRA
182,5,9,5,2,VRA
183,5,9,5,1,VRA
184,5,9,5,1,VRA
185,5,9,5,1,VRA
186,5,9,5,1,VRA
187,5,9,5,2,VRA
188,5,9,5,2,VRA
189,5,9,5,2,VRA
190,5,9,5,2,VRA
191,5,9,5,2,VRA
192,5,9,5,2,VRA
193,6,8,5,2,VRA
194,6,8,5,2,VRA
195,6,8,5,2,VRA
196,6,8,5,2,VRA
197,6,8,5,2,VRA
198,6,8,5,2,VRA
199,5,9,5,2,VRA
200,5,9,5,2,VRA
201,5,9,5,2,VRA
202,5,9,5,2,VRA
203,5,9,5,2,VRA
204,5,9,5,2,VRA
205,5,9,5,2,VRA
206,5,9,5,2,VRA
207,5,9,5,2,VRA
208,5,9,5,2,VRA
209,5,9,5,2,VRA
210,5,9,5,2,VRA
211,5,9,5,2,VRA
212,5,9,5,2,VRA
213,5,9,5,2,VRA
214,5,9,5,2,VRA
215,5,9,5,2,VRA
216,5,9,5,2,VRA
217,5,9,5,2,VRA
218,5,9,5,2,VRA
219,5,9,5,2,VRA
220,5,9,5,2,VRA
221,5,9,5,1,VRA
222,5,9,5,1,VRA
223,5,9,5,1,VRA
224,5,9,5,1,VRA
225,5,9,5,1,VRA
226,5,9,5,1,VRA
227,5,9,5,1,VRA
228,5,9,5,1,VRA
229,5,9,5,1,VRA
230,5,9,5,1,VRA
231,5,9,5,1,VRA
232,5,9,5,1,VRA
233,5,9,5,1,VRA
234,5,9,5,2,VRA
235,5,9,5,2,VRA
236,5,9,5,2,VRA
237,5,9,5,2,VRA
238,5,9,5,2,VRA
239,5,9,5,2,VRA
240,5,9,5,1,VRA
241,5,9,5,1,VRA
242,5,9,5,1,VRA
243,5,9,5,1,VRA
244,5,9,5,1,VRA
245,5,9,5,1,VRA
246,5,9,5,1,VRA
247,5,9,5,1,VRA
248,5,9,5,1,VRA
249,5,9,5,1,VRA
250,6,8,5,1,VRA
251,6,8,5,1,VRA
252,6,8,5,1,VRA
253,6,8,5,1,VRA
254,6,8,5,1,VRA
255,6,8,5,1,VRA
256,6,8,5,1,VRA
257,6,8,5,1,VRA
258,6,8,5,1,VRA
259,6,8,5,1,VRA
260,6,8,5,1,VRA
261,6,8,5,1,VRA
262,6,8,5,1,VRA
263,7,7,5,1,VRA
264,7,7,5,1,VRA
265,7,7,5,1,VRA
266,7,7,5,1,VRA
267,7,7,5,1,VRA
268,6,8,5,1,VRA
269,6,8,5,1,VRA
270,6,8,5,1,VRA
271,6,8,5,1,VRA
272,6,8,5,1,VRA
273,6,8,5,1,VRA
274,6,8,5,1,VRA
275,6,8,5,1,VRA
276,6,8,5,1,VRA
277,6,8,5,1,VRA
278,6,8,5,1,VRA
279,6,8,5,1,VRA
280,6,8,5,2,VRA
281,6,8,5,2,VRA
282,6,8,5,2,VRA
283,6,8,5,2,VRA
284,6,8,5,1,VRA
285,6,8,5,1,VRA
286,6,8,5,1,VRA
287,6,8,5,1,VRA
288,6,8,5,1,VRA
289,6,8,5,1,VRA
290,6,8,5,1,VRA
291,6,8,5,1,VRA
292,6,8,5,1,VRA
293,6,8,5,1,VRA
294,5,9,5,1,VRA
295,6,8,5,1,VRA
296,6,8,5,1,VRA
297,6,8,5,1,VRA
298,6,8,5,1,VRA
299,7,7,6,1,VRA
300,6,8,5,1,VRA
301,6,8,5,1,VRA
302,6,8,5,1,VRA
303,6,8,5,1,VRA
304,6,8,5,1,VRA
305,6,8,5,1,VRA
306,6,8,5,1,VRA
307,6,8,5,1,VRA
308,6,8,5,1,VRA
309,6,8,5,1,VRA
310,6,8,5,1,VRA
311,6,8,5,1,VRA
312,6,8,5,1,VRA
313,6,8,5,1,VRA
314,7,7,5,1,VRA
315,7,7,5,1,VRA
316,7,7,5,1,VRA
317,7,7,5,1,VRA
318,7,7,5,1,VRA
319,7,7,5,1,VRA
320,6,8,5,1,VRA
321,6,8,5,1,VRA
322,6,8,6,1,VRA
323,6,8,5,1,VRA
324,6,8,5,1,VRA
325,6,8,5,1,VRA
326,6,8,5,1,VRA
327,6,8,5,1,VRA
328,6,8,5,1,VRA
329,6,8,5,2,VRA
330,6,8,5,2,VRA
331,6,8,5,2,VRA
332,6,8,5,2,VRA
333,6,8,5,2,VRA
334,6,8,5,2,VRA
335,7,7,5,2,VRA
336,7,7,5,2,VRA
337,7,7,5,2,VRA
338,8,6,6,2,VRA
339,7,7,6,2,VRA
340,7,7,6,2,VRA
341,7,7,6,2,VRA
342,7,7,6,2,VRA
343,7,7,6,2,VRA
344,7,7,6,2,VRA
345,7,7,6,2,VRA
346,7,7,6,2,VRA
347,7,7,6,2,VRA
348,7,7,6,2,VRA
349,7,7,6,1,VRA
350,6,8,5,2,VRA
351,6,8,5,2,VRA
352,7,7,6,1,VRA
353,7,7,6,1,VRA
354,7,7,6,1,VRA
355,7,7,6,1,VRA
356,7,7,6,1,VRA
357,7,7,6,1,VRA
358,7,7,6,1,VRA
359,7,7,6,1,VRA
360,6,8,5,1,VRA
361,6,8,5,1,VRA
362,6,8,5,1,VRA
363,6,8,5,1,VRA
364,6,8,5,1,VRA
365,6,8,5,1,VRA
366,6,8,5,1,VRA
367,6,8,5,1,VRA
368,6,8,5,1,VRA
369,6,8,5,1,VRA
370,6,8,5,1,VRA
371,6,8,5,1,VRA
372,6,8,5,1,VRA
373,6,8,5,1,VRA
374,6,8,5,1,VRA
375,6,8,5,1,VRA
376,6,8,5,2,VRA
377,6,8,5,2,VRA
378,6,8,5,2,VRA
379,6,8,5,2,VRA
380,6,8,5,2,VRA
381,6,8,5,2,VRA
382,6,8,5,2,VRA
383,6,8,5,2,VRA
384,6,8,5,2,VRA
385,6,8,5,2,VRA
386,6,8,5,3,VRA
387,6,8,5,3,VRA
388,6,8,5,2,VRA
389,6,8,5,2,VRA
390,6,8,5,2,VRA
391,6,8,5,2,VRA
392,6,8,5,2,VRA
393,6,8,5,2,VRA
394,6,8,5,2,VRA
395,6,8,5,2,VRA
396,6,8,5,2,VRA
397,6,8,5,2,VRA
398,6,8,5,2,VRA
399,6,8,5,2,VRA
400,6,8,5,2,VRA
401,6,8,5,2,VRA
402,6,8,5,2,VRA
403,6,8,5,2,VRA
404,6,8,5,2,VRA
405,6,8,5,2,VRA
406,6,8,5,2,VRA
407,6,8,5,2,VRA
408,6,8,5,2,VRA
409,6,8,5,2,VRA
410,6,8,5,2,VRA
411,7,7,5,2,VRA
412,7,7,5,2,VRA
413,7,7,5,2,VRA
414,7,7,5,2,VRA
415,7,7,5,2,VRA
416,7,7,5,2,VRA
417,7,7,5,2,VRA
418,7,7,5,2,VRA
419,7,7,5,2,VRA
420,7,7,5,2,VRA
421,7,7,5,2,VRA
422,7,7,5,2,VRA
423,7,7,5,2,VRA
424,7,7,5,2,VRA
425,7,7,5,2,VRA
426,7,7,5,2,VRA
427,7,7,5,2,VRA
428,6,8,5,2,VRA
429,7,7,5,2,VRA
430,7,7,5,2,VRA
431,7,7,5,2,VRA
432,7,7,5,2,VRA
433,7,7,5,2,VRA
434,7,7,5,2,VRA
435,7,7,5,2,VRA
436,7,7,5,2,VRA
437,7,7,6,1,VRA
438,7,7,6,1,VRA
439,7,7,6,1,VRA
440,7,7,6,1,VRA
441,7,7,6,1,VRA
442,7,7,6,1,VRA
443,7,7,6,1,VRA
444,7,7,6,1,VRA
445,6,8,6,1,VRA
446,6,8,6,1,VRA
447,6,8,6,1,VRA
448,6,8,6,1,VRA
449,6,8,5,2,VRA
450,6,8,5,2,VRA
451,6,8,5,2,VRA
452,6,8,6,1,VRA
453,6,8,6,1,VRA
454,6,8,5,2,VRA
455,6,8,5,2,VRA
456,6,8,5,2,VRA
457,6,8,5,2,VRA
458,6,8,5,2,VRA
459,6,8,5,2,VRA
460,7,7,5,2,VRA
461,7,7,5,2,VRA
462,7,7,5,2,VRA
463,7,7,5,2,VRA
464,7,7,5,2,VRA
465,7,7,5,2,VRA
466,7,7,5,2,VRA
467,7,7,5,2,VRA
468,7,7,5,2,VRA
469,7,7,5,2,VRA
470,7,7,5,2,VRA
471,7,7,5,2,VRA
472,7,7,5,2,VRA
473,7,7,5,2,VRA
474,7,7,5,2,VRA
475,6,8,5,2,VRA
476,5,9,5,2,VRA
477,5,9,5,2,VRA
478,5,9,5,2,VRA
479,5,9,5,2,VRA
480,5,9,5,2,VRA
481,5,9,5,2,VRA
482,6,8,5,2,VRA
483,6,8,5,2,VRA
484,6,8,5,2,VRA
485,6,8,5,2,VRA
486,6,8,5,2,VRA
487,6,8,5,2,VRA
488,6,8,5,2,VRA
489,6,8,5,2,VRA
490,6,8,5,2,VRA
491,6,8,5,2,VRA
492,6,8,5,2,VRA
493,6,8,5,2,VRA
494,6,8,5,2,VRA
495,6,8,5,2,VRA
496,6,8,5,2,VRA
497,6,8,5,2,VRA
498,6,8,5,2,VRA
499,6,8,5,2,VRA
500,6,8,5,2,VRA
501,6,8,5,2,VRA
502,6,8,5,2,VRA
503,6,8,5,2,VRA
504,6,8,5,2,VRA
505,6,8,5,2,VRA
506,6,8,5,2,VRA
507,6,8,5,2,VRA
508,6,8,5,2,VRA
509,6,8,5,2,VRA
510,7,7,5,2,VRA
511,7,7,5,2,VRA
512,7,7,5,1,VRA
513,7,7,5,1,VRA
514,7,7,5,1,VRA
515,7,7,5,1,VRA
516,7,7,5,1,VRA
517,7,7,5,1,VRA
518,7,7,5,1,VRA
519,7,7,5,1,VRA
520,7,7,5,1,VRA
521,7,7,5,1,VRA
522,7,7,5,1,VRA
523,7,7,5,1,VRA
524,7,7,5,1,VRA
525,7,7,5,1,VRA
526,7,7,5,1,VRA
527,7,7,5,1,VRA
528,7,7,5,1,VRA
529,7,7,5,1,VRA
530,7,7,5,1,VRA
531,7,7,5,1,VRA
532,7,7,5,1,VRA
533,7,7,5,1,VRA
534,7,7,5,1,VRA
535,7,7,5,1,VRA
536,7,7,5,1,VRA
537,7,7,5,1,VRA
538,7,7,5,1,VRA
539,7,7,5,1,VRA
540,7,7,5,1,VRA
541,7,7,5,1,VRA
542,7,7,5,1,VRA
543,7,7,5,1,VRA
544,7,7,5,1,VRA
545,7,7,5,1,VRA
546,7,7,5,1,VRA
547,7,7,5,1,VRA
548,7,7,5,1,VRA
549,7,7,5,1,VRA
550,7,7,5,1,VRA
551,7,7,5,1,VRA
552,7,7,5,1,VRA
553,7,7,5,1,VRA
554,7,7,5,1,VRA
555,7,7,5,1,VRA
556,7,7,5,1,VRA
557,7,7,5,1,VRA
558,7,7,5,1,VRA
559,7,7,5,1,VRA
560,7,7,5,1,VRA
561,7,7,5,1,VRA
562,7,7,5,1,VRA
563,7,7,5,1,VRA
564,7,7,5,1,VRA
565,7,7,5,1,VRA
566,6,8,5,1,VRA
567,6,8,5,1,VRA
568,7,7,5,1,VRA
569,7,7,5,1,VRA
570,7,7,5,1,VRA
571,7,7,5,1,VRA
572,7,7,5,1,VRA
573,7,7,5,1,VRA
574,7,7,5,1,VRA
575,7,7,5,1,VRA
576,7,7,5,1,VRA
577,7,7,5,1,VRA
578,7,7,5,1,VRA
579,7,7,5,1,VRA
580,7,7,5,1,VRA
581,7,7,5,1,VRA
582,7,7,5,1,VRA
583,7,7,5,1,VRA
584,7,7,5,1,VRA
585,7,7,5,1,VRA
586,7,7,5,1,VRA
587,7,7,5,1,VRA
588,6,8,5,1,VRA
589,6,8,5,1,VRA
590,7,7,5,1,VRA
591,6,8,5,1,VRA
592,6,8,5,1,VRA
593,6,8,5,1,VRA
594,6,8,5,1,VRA
595,6,8,5,1,VRA
596,6,8,5,1,VRA
597,6,8,5,1,VRA
598,7,7,5,1,VRA
599,7,7,5,1,VRA
600,7,7,5,1,VRA
601,7,7,5,1,VRA
602,7,7,5,1,VRA
603,7,7,5,1,VRA
604,7,7,5,1,VRA
605,7,7,5,1,VRA
606,7,7,5,1,VRA
607,7,7,5,1,VRA
608,7,7,5,1,VRA
609,7,7,5,1,VRA
610,7,7,5,1,VRA
611,7,7,5,1,VRA
612,7,7,5,1,VRA
613,7,7,5,1,VRA
614,7,7,5,1,VRA
615,7,7,5,1,VRA
616,7,7,5,2,VRA
617,7,7,5,1,VRA
618,7,7,5,1,VRA
619,7,7,5,1,VRA
620,6,8,6,1,VRA
621,6,8,6,1,VRA
622,6,8,6,1,VRA
623,6,8,6,1,VRA
624,6,8,6,1,VRA
625,6,8,6,1,VRA
626,6,8,6,1,VRA
627,6,8,6,1,VRA
628,6,8,5,1,VRA
629,6,8,5,1,VRA
630,6,8,5,1,VRA
631,6,8,5,1,VRA
632,6,8,5,1,VRA
633,6,8,5,1,VRA
634,6,8,5,1,VRA
635,6,8,5,1,VRA
636,6,8,5,2,VRA
637,6,8,5,2,VRA
638,6,8,5,2,VRA
639,6,8,5,2,VRA
640,6,8,5,2,VRA
641,6,8,5,2,VRA
642,6,8,5,2,VRA
643,6,8,5,2,VRA
644,6,8,5,2,VRA
645,6,8,5,2,VRA
646,6,8,5,2,VRA
647,6,8,5,2,VRA
648,5,9,5,2,VRA
649,5,9,5,2,VRA
650,5,9,5,2,VRA
651,6,8,5,2,VRA
652,6,8,5,2,VRA
653,6,8,5,2,VRA
654,6,8,5,2,VRA
655,6,8,5,3,VRA
656,6,8,5,3,VRA
657,6,8,5,2,VRA
658,6,8,5,2,VRA
659,6,8,5,1,VRA
660,6,8,5,1,VRA
661,6,8,5,2,VRA
662,6,8,5,2,VRA
663,6,8,5,2,VRA
664,6,8,5,2,VRA
665,6,8,5,3,VRA
666,6,8,5,2,VRA
667,6,8,6,1,VRA
668,6,8,6,1,VRA
669,6,8,5,1,VRA
670,6,8,5,1,VRA
671,6,8,5,1,VRA
672,6,8,5,1,VRA
673,6,8,5,1,VRA
674,6,8,5,1,VRA
675,6,8,5,1,VRA
676,6,8,5,1,VRA
677,6,8,5,1,VRA
678,6,8,5,1,VRA
679,6,8,5,1,VRA
680,6,8,5,1,VRA
681,6,8,5,1,VRA
682,6,8,5,1,VRA
683,5,9,5,1,VRA
684,5,9,5,1,VRA
685,5,9,5,2,VRA
686,6,8,5,2,VRA
687,6,8,5,2,VRA
688,6,8,5,2,VRA
689,6,8,5,2,VRA
690,6,8,5,2,VRA
691,6,8,5,2,VRA
692,6,8,5,2,VRA
693,6,8,5,2,VRA
694,6,8,5,2,VRA
695,6,8,5,2,VRA
696,6,8,5,2,VRA
697,6,8,5,2,VRA
698,6,8,5,2,VRA
699,6,8,5,1,VRA
700,6,8,5,1,VRA
701,6,8,5,1,VRA
702,6,8,5,1,VRA
703,6,8,5,1,VRA
704,6,8,5,1,VRA
705,6,8,5,1,VRA
706,6,8,5,2,VRA
707,6,8,5,2,VRA
708,6,8,5,2,VRA
709,6,8,5,2,VRA
710,6,8,5,2,VRA
711,6,8,5,2,VRA
712,6,8,5,2,VRA
713,6,8,5,2,VRA
714,6,8,5,2,VRA
715,6,8,5,2,VRA
716,6,8,5,2,VRA
717,6,8,5,1,VRA
718,6,8,5,1,VRA
719,6,8,5,1,VRA
720,6,8,5,1,VRA
721,6,8,5,2,VRA
722,6,8,5,2,VRA
723,6,8,5,1,VRA
724,6,8,5,1,VRA
725,6,8,5,1,VRA
726,6,8,5,1,VRA
727,6,8,5,1,VRA
728,6,8,5,1,VRA
729,6,8,5,1,VRA
730,6,8,6,1,VRA
731,6,8,6,1,VRA
732,6,8,6,1,VRA
733,6,8,6,1,VRA
734,6,8,6,1,VRA
735,6,8,6,1,VRA
736,6,8,6,1,VRA
737,6,8,6,1,VRA
738,7,7,5,1,VRA
739,7,7,5,1,VRA
740,7,7,5,1,VRA
741,7,7,5,1,VRA
742,7,7,5,1,VRA
743,7,7,5,1,VRA
744,6,8,5,1,VRA
745,6,8,5,1,VRA
746,6,8,6,1,VRA
747,6,8,6,1,VRA
748,6,8,6,1,VRA
749,6,8,6,1,VRA
750,6,8,5,1,VRA
751,6,8,5,1,VRA
752,6,8,5,1,VRA
753,6,8,5,1,VRA
754,6,8,5,1,VRA
755,6,8,6,1,VRA
756,6,8,6,1,VRA
757,6,8,6,1,VRA
758,6,8,6,1,VRA
759,6,8,6,1,VRA
760,6,8,6,1,VRA
761,6,8,6,1,VRA
762,6,8,6,1,VRA
763,6,8,6,1,VRA
764,5,9,5,1,VRA
765,5,9,5,1,VRA
766,5,9,5,1,VRA
767,5,9,5,1,VRA
768,5,9,5,1,VRA
769,5,9,5,1,VRA
770,5,9,5,1,VRA
771,5,9,5,1,VRA
772,5,9,5,1,VRA
773,5,9,5,1,VRA
774,5,9,5,1,VRA
775,5,9,5,1,VRA
776,5,9,5,1,VRA
777,5,9,5,1,VRA
778,5,9,5,1,VRA
779,5,9,5,1,VRA
780,5,9,5,1,VRA
781,5,9,5,1,VRA
782,5,9,5,1,VRA
783,5,9,5,1,VRA
784,5,9,5,1,VRA
785,5,9,5,1,VRA
786,5,9,5,1,VRA
787,5,9,5,1,VRA
788,5,9,5,1,VRA
789,5,9,5,1,VRA
790,5,9,5,1,VRA
791,5,9,5,1,VRA
792,5,9,5,1,VRA
793,5,9,5,1,VRA
794,5,9,5,1,VRA
795,5,9,5,1,VRA
796,5,9,5,1,VRA
797,5,9,5,1,VRA
798,5,9,5,1,VRA
799,5,9,5,1,VRA
800,5,9,5,1,VRA
801,5,9,5,1,VRA
802,5,9,5,1,VRA
803,5,9,5,1,VRA
804,5,9,5,1,VRA
805,5,9,5,1,VRA
806,5,9,5,1,VRA
807,5,9,5,1,VRA
808,5,9,5,1,VRA
809,5,9,5,1,VRA
810,5,9,5,1,VRA
811,5,9,5,1,VRA
812,5,9,5,1,VRA
813,5,9,5,1,VRA
814,5,9,5,1,VRA
815,5,9,5,1,VRA
816,5,9,5,1,VRA
817,5,9,5,1,VRA
818,5,9,5,1,VRA
819,5,9,5,1,VRA
820,5,9,5,1,VRA
821,5,9,5,1,VRA
822,5,9,5,1,VRA
823,5,9,5,1,VRA
824,5,9,5,1,VRA
825,5,9,5,1,VRA
826,5,9,5,1,VRA
827,5,9,5,1,VRA
828,5,9,5,1,VRA
829,5,9,5,1,VRA
830,5,9,5,1,VRA
831,5,9,5,1,VRA
832,5,9,5,1,VRA
833,5,9,5,1,VRA
834,5,9,5,1,VRA
835,5,9,5,1,VRA
836,5,9,5,1,VRA
837,5,9,5,1,VRA
838,5,9,5,1,VRA
839,5,9,5,1,VRA
840,5,9,5,1,VRA
841,5,9,5,1,VRA
842,5,9,5,1,VRA
843,5,9,5,1,VRA
844,5,9,5,1,VRA
845,5,9,5,1,VRA
846,5,9,5,1,VRA
847,5,9,5,1,VRA
848,5,9,5,1,VRA
849,5,9,5,1,VRA
850,5,9,5,1,VRA
851,5,9,5,1,VRA
852,5,9,5,1,VRA
853,5,9,5,1,VRA
854,5,9,5,1,VRA
855,5,9,5,1,VRA
856,5,9,5,1,VRA
857,5,9,5,1,VRA
858,5,9,5,1,VRA
859,5,9,5,1,VRA
860,5,9,5,1,VRA
861,5,9,5,1,VRA
862,5,9,5,1,VRA
863,5,9,5,1,VRA
864,5,9,5,2,VRA
865,5,9,5,2,VRA
866,5,9,5,2,VRA
867,5,9,5,2,VRA
868,5,9,5,2,VRA
869,5,9,5,2,VRA
870,5,9,5,2,VRA
871,5,9,5,2,VRA
872,5,9,5,2,VRA
873,5,9,5,2,VRA
874,5,9,5,2,VRA
875,5,9,5,2,VRA
876,5,9,5,2,VRA
877,5,9,5,2,VRA
878,5,9,5,2,VRA
879,5,9,5,2,VRA
880,5,9,5,2,VRA
881,5,9,5,2,VRA
882,5,9,5,2,VRA
883,5,9,5,2,VRA
884,5,9,5,2,VRA
885,5,9,5,2,VRA
886,5,9,5,2,VRA
887,5,9,5,2,VRA
888,5,9,5,2,VRA
889,5,9,5,2,VRA
890,5,9,5,2,VRA
891,5,9,5,2,VRA
892,5,9,5,2,VRA
893,5,9,5,2,VRA
894,5,9,5,2,VRA
895,6,8,6,2,VRA
896,6,8,6,2,VRA
897,6,8,6,2,VRA
898,6,8,6,2,VRA
899,6,8,6,2,VRA
900,6,8,6,2,VRA
901,6,8,6,2,VRA
902,6,8,6,2,VRA
903,6,8,6,2,VRA
904,6,8,6,2,VRA
905,6,8,5,3,VRA
906,6,8,5,3,VRA
907,6,8,5,3,VRA
908,6,8,6,2,VRA
909,6,8,6,1,VRA
910,5,9,5,1,VRA
911,5,9,5,1,VRA
912,5,9,5,1,VRA
913,5,9,5,1,VRA
914,5,9,5,1,VRA
915,5,9,5,1,VRA
916,5,9,5,1,VRA
917,5,9,5,1,VRA
918,5,9,5,1,VRA
919,5,9,5,1,VRA
920,5,9,5,1,VRA
921,5,9,5,1,VRA
922,5,9,5,1,VRA
923,5,9,5,1,VRA
924,5,9,5,1,VRA
925,5,9,5,1,VRA
926,5,9,5,1,VRA
927,5,9,5,1,VRA
928,5,9,5,1,VRA
929,5,9,5,1,VRA
930,5,9,5,1,VRA
931,5,9,5,1,VRA
932,5,9,5,1,VRA
933,5,9,5,1,VRA
934,5,9,5,1,VRA
935,5,9,5,1,VRA
936,5,9,5,1,VRA
937,5,9,5,1,VRA
938,5,9,5,1,VRA
939,5,9,5,1,VRA
940,5,9,5,1,VRA
941,5,9,5,1,VRA
942,5,9,5,1,VRA
943,5,9,5,1,VRA
944,5,9,5,1,VRA
945,5,9,5,1,VRA
946,5,9,5,1,VRA
947,5,9,5,1,VRA
948,5,9,5,1,VRA
949,5,9,5,1,VRA
950,5,9,5,1,VRA
951,5,9,5,1,VRA
952,5,9,5,1,VRA
953,5,9,5,1,VRA
954,5,9,5,1,VRA
955,5,9,5,1,VRA
956,5,9,5,1,VRA
957,5,9,5,1,VRA
958,5,9,5,1,VRA
959,5,9,5,1,VRA
960,5,9,5,1,VRA
961,5,9,5,1,VRA
962,5,9,5,1,VRA
963,5,9,5,1,VRA
964,5,9,5,1,VRA
965,5,9,5,1,VRA
966,5,9,5,1,VRA
967,5,9,5,1,VRA
968,5,9,5,1,VRA
969,5,9,5,1,VRA
970,5,9,5,1,VRA
971,5,9,5,1,VRA
972,5,9,5,1,VRA
973,5,9,5,1,VRA
974,5,9,5,1,VRA
975,5,9,5,1,VRA
976,5,9,5,1,VRA
977,5,9,5,1,VRA
978,5,9,5,1,VRA
979,5,9,5,1,VRA
980,5,9,5,1,VRA
981,5,9,5,1,VRA
982,5,9,5,1,VRA
983,5,9,5,1,VRA
984,5,9,5,1,VRA
985,5,9,5,1,VRA
986,5,9,5,1,VRA
987,5,9,5,1,VRA
988,5,9,5,1,VRA
989,5,9,5,1,VRA
990,5,9,5,1,VRA
991,5,9,5,1,VRA
992,5,9,5,1,VRA
993,5,9,5,1,VRA
994,5,9,5,1,VRA
995,5,9,5,1,VRA
996,5,9,5,1,VRA
997,5,9,5,1,VRA
998,5,9,5,1,VRA
999,5,9,5,1,VRA
1000,5,9,5,1,VRA
1001,5,9,5,1,VRA
1002,5,9,5,1,VRA
1003,5,9,5,2,VRA
1004,5,9,5,2,VRA
1005,5,9,5,2,VRA
1006,5,9,5,2,VRA
1007,5,9,5,2,VRA
1008,5,9,5,2,VRA
1009,5,9,5,2,VRA
1010,5,9,5,2,VRA
1011,5,9,5,2,VRA
1012,5,9,5,2,VRA
1013,5,9,5,2,VRA
1014,5,9,5,1,VRA
1015,5,9,5,1,VRA
1016,6,8,6,1,VRA
1017,6,8,6,1,VRA
1018,6,8,6,1,VRA
1019,6,8,6,1,VRA
1020,6,8,6,1,VRA
1021,6,8,6,1,VRA
1022,6,8,6,1,VRA
1023,6,8,6,1,VRA
1024,6,8,6,1,VRA
1025,6,8,5,2,VRA
1026,6,8,5,2,VRA
1027,6,8,5,2,VRA
1028,6,8,5,2,VRA
1029,6,8,5,2,VRA
1030,6,8,5,2,VRA
1031,6,8,5,2,VRA
1032,6,8,5,2,VRA
1033,6,8,5,2,VRA
1034,6,8,5,2,VRA
1035,6,8,5,2,VRA
1036,6,8,5,2,VRA
1037,6,8,5,2,VRA
1038,6,8,5,2,VRA
1039,6,8,5,2,VRA
1040,6,8,5,2,VRA
1041,6,8,5,2,VRA
1042,6,8,5,2,VRA
1043,6,8,5,2,VRA
1044,6,8,5,2,VRA
1045,6,8,5,2,VRA
1046,6,8,5,2,VRA
1047,6,8,5,2,VRA
1048,6,8,5,2,VRA
1049,6,8,5,2,VRA
1050,6,8,5,2,VRA
1051,6,8,5,1,VRA
1052,6,8,5,1,VRA
1053,6,8,5,1,VRA
1054,6,8,5,1,VRA
1055,6,8,5,1,VRA
1056,6,8,5,1,VRA
1057,6,8,5,1,VRA
1058,6,8,5,1,VRA
1059,6,8,5,1,VRA
1060,6,8,5,1,VRA
1061,6,8,5,1,VRA
1062,6,8,5,1,VRA
1063,6,8,5,1,VRA
1064,6,8,5,1,VRA
1065,6,8,5,1,VRA
1066,6,8,5,1,VRA
1067,6,8,5,1,VRA
1068,6,8,5,2,VRA
1069,6,8,5,2,VRA
1070,6,8,5,1,VRA
1071,6,8,5,1,VRA
1072,6,8,5,1,VRA
1073,6,8,5,1,VRA
1074,6,8,5,1,VRA
1075,6,8,5,1,VRA
1076,6,8,5,1,VRA
1077,6,8,5,1,VRA
1078,6,8,5,1,VRA
1079,6,8,5,1,VRA
1080,6,8,5,1,VRA
1081,6,8,5,1,VRA
1082,6,8,5,1,VRA
1083,6,8,5,1,VRA
1084,6,8,5,1,VRA
1085,6,8,5,1,VRA
1086,6,8,5,2,VRA
1087,6,8,5,2,VRA
1088,6,8,5,2,VRA
1089,6,8,5,2,VRA
1090,6,8,5,2,VRA
1091,6,8,5,2,VRA
1092,6,8,5,2,VRA
1093,6,8,5,2,VRA
1094,6,8,5,2,VRA
1095,6,8,5,2,VRA
1096,6,8,5,2,VRA
1097,6,8,5,2,VRA
1098,6,8,5,2,VRA
1099,6,8,5,2,VRA
1100,6,8,5,2,VRA
1101,6,8,5,2,VRA
1102,6,8,5,2,VRA
1103,6,8,5,2,VRA
1104,6,8,5,2,VRA
1105,6,8,5,2,VRA
1106,6,8,5,2,VRA
1107,6,8,5,2,VRA
1108,6,8,5,2,VRA
1109,6,8,5,2,VRA
1110,6,8,5,2,VRA
1111,6,8,5,2,VRA
1112,6,8,5,2,VRA
1113,6,8,5,2,VRA
1114,6,8,5,2,VRA
1115,6,8,5,2,VRA
1116,6,8,5,2,VRA
1117,6,8,5,2,VRA
1118,6,8,5,2,VRA
1119,6,8,5,2,VRA
1120,6,8,5,2,VRA
1121,6,8,5,2,VRA
1122,6,8,5,2,VRA
1123,6,8,5,2,VRA
1124,6,8,5,2,VRA
1125,6,8,5,2,VRA
1126,6,8,5,2,VRA
1127,6,8,5,2,VRA
1128,6,8,5,2,VRA
1129,6,8,5,2,VRA
1130,6,8,5,2,VRA
1131,6,8,5,2,VRA
1132,6,8,5,2,VRA
1133,6,8,5,1,VRA
1134,6,8,5,1,VRA
1135,6,8,5,1,VRA
1136,6,8,5,1,VRA
1137,6,8,5,1,VRA
1138,6,8,5,1,VRA
1139,6,8,5,1,VRA
1140,6,8,5,1,VRA
1141,6,8,5,1,VRA
1142,6,8,5,1,VRA
1143,6,8,5,1,VRA
1144,6,8,5,1,VRA
1145,6,8,5,1,VRA
1146,6,8,5,1,VRA
1147,6,8,5,1,VRA
1148,6,8,5,1,VRA
1149,6,8,5,1,VRA
1150,6,8,5,1,VRA
1151,6,8,5,1,VRA
1152,6,8,5,1,VRA
1153,6,8,5,1,VRA
1154,6,8,5,1,VRA
1155,6,8,5,1,VRA
1156,6,8,5,1,VRA
1157,6,8,5,1,VRA
1158,6,8,5,1,VRA
1159,6,8,5,1,VRA
1160,6,8,5,1,VRA
1161,6,8,5,1,VRA
1162,6,8,5,1,VRA
1163,6,8,5,1,VRA
1164,6,8,5,1,VRA
1165,6,8,5,1,VRA
1166,5,9,5,1,VRA
1167,5,9,5,1,VRA
1168,5,9,5,1,VRA
1169,6,8,5,1,VRA
1170,6,8,5,1,VRA
1171,6,8,5,1,VRA
1172,6,8,5,2,VRA
1173,5,9,5,2,VRA
1174,5,9,5,2,VRA
1175,5,9,5,2,VRA
1176,5,9,5,2,VRA
1177,5,9,5,2,VRA
1178,6,8,5,2,VRA
1179,5,9,5,2,VRA
1180,5,9,5,3,VRA
1181,5,9,5,3,VRA
1182,5,9,5,3,VRA
1183,5,9,5,2,VRA
1184,5,9,5,3,VRA
1185,5,9,5,3,VRA
1186,5,9,5,3,VRA
1187,5,9,5,3,VRA
1188,5,9,5,3,VRA
1189,5,9,5,3,VRA
1190,5,9,5,2,VRA
1191,5,9,5,3,VRA
1192,5,9,5,3,VRA
1193,5,9,5,3,VRA
1194,5,9,5,3,VRA
1195,5,9,5,2,VRA
1196,5,9,5,2,VRA
1197,5,9,5,2,VRA
1198,5,9,5,2,VRA
1199,5,9,5,2,VRA
1200,5,9,5,2,VRA
1201,5,9,5,2,VRA
1202,5,9,5,2,VRA
1203,5,9,5,2,VRA
1204,5,9,5,2,VRA
1205,6,8,5,2,VRA
1206,6,8,5,2,VRA
1207,6,8,5,2,VRA
1208,6,8,5,1,VRA
1209,6,8,5,1,VRA
1210,6,8,5,1,VRA
1211,5,9,5,1,VRA
1212,6,8,5,2,VRA
1213,6,8,5,2,VRA
1214,6,8,5,2,VRA
1215,6,8,5,2,VRA
1216,6,8,5,2,VRA
1217,6,8,5,2,VRA
1218,6,8,5,2,VRA
1219,6,8,5,2,VRA
1220,6,8,5,2,VRA
1221,6,8,5,2,VRA
1222,6,8,5,2,VRA
1223,6,8,5,2,VRA
1224,6,8,5,2,VRA
1225,6,8,5,2,VRA
1226,6,8,5,2,VRA
1227,6,8,5,2,VRA
1228,6,8,5,2,VRA
1229,6,8,5,2,VRA
1230,6,8,5,2,VRA
1231,6,8,5,2,VRA
1232,6,8,5,2,VRA
1233,6,8,5,2,VRA
1234,6,8,5,2,VRA
1235,6,8,5,2,VRA
1236,6,8,5,2,VRA
1237,6,8,5,2,VRA
1238,6,8,5,2,VRA
1239,5,9,5,2,VRA
1240,5,9,5,2,VRA
1241,5,9,5,2,VRA
1242,5,9,5,2,VRA
1243,6,8,5,2,VRA
1244,6,8,5,2,VRA
1245,6,8,5,2,VRA
1246,6,8,5,2,VRA
1247,6,8,5,2,VRA
1248,6,8,5,2,VRA
1249,6,8,5,2,VRA
1250,6,8,5,2,VRA
1251,6,8,5,2,VRA
1252,6,8,5,2,VRA
1253,6,8,5,2,VRA
1254,6,8,5,2,VRA
1255,6,8,5,2,VRA
1256,6,8,5,2,VRA
1257,6,8,5,2,VRA
1258,6,8,5,1,VRA
1259,6,8,5,1,VRA
1260,6,8,5,1,VRA
1261,6,8,5,1,VRA
1262,6,8,5,1,VRA
1263,6,8,5,1,VRA
1264,6,8,5,2,VRA
1265,6,8,5,1,VRA
1266,6,8,5,1,VRA
1267,6,8,5,1,VRA
1268,6,8,5,1,VRA
1269,6,8,5,1,VRA
1270,6,8,5,1,VRA
1271,6,8,5,1,VRA
1272,6,8,5,1,VRA
1273,6,8,5,1,VRA
1274,6,8,5,1,VRA
1275,6,8,5,1,VRA
1276,6,8,5,1,VRA
1277,6,8,5,1,VRA
1278,6,8,5,1,VRA
1279,6,8,5,1,VRA
1280,6,8,5,1,VRA
1281,6,8,5,1,VRA
1282,6,8,5,1,VRA
1283,6,8,5,1,VRA
1284,6,8,5,1,VRA
1285,6,8,5,1,VRA
1286,6,8,5,1,VRA
1287,6,8,5,1,VRA
1288,6,8,5,1,VRA
1289,6,8,5,1,VRA
1290,6,8,5,1,VRA
1291,6,8,5,1,VRA
1292,6,8,5,1,VRA
1293,6,8,5,1,VRA
1294,5,9,5,1,VRA
1295,5,9,5,1,VRA
1296,5,9,5,1,VRA
1297,5,9,5,1,VRA
1298,5,9,5,1,VRA
1299,5,9,5,1,VRA
1300,5,9,5,1,VRA
1301,5,9,5,1,VRA
1302,5,9,5,1,VRA
1303,5,9,5,1,VRA
1304,5,9,5,1,VRA
1305,5,9,5,1,VRA
1306,5,9,5,1,VRA
1307,5,9,5,1,VRA
1308,5,9,5,1,VRA
1309,5,9,5,1,VRA
1310,5,9,5,1,VRA
1311,5,9,5,1,VRA
1312,5,9,5,1,VRA
1313,5,9,5,1,VRA
1314,5,9,5,1,VRA
1315,5,9,5,1,VRA
1316,5,9,5,2,VRA
1317,5,9,5,2,VRA
1318,5,9,5,2,VRA
1319,5,9,5,2,VRA
1320,5,9,5,2,VRA
1321,5,9,5,2,VRA
1322,5,9,5,2,VRA
1323,5,9,5,2,VRA
1324,5,9,5,2,VRA
1325,5,9,5,2,VRA
1326,5,9,5,2,VRA
1327,5,9,5,2,VRA
1328,5,9,5,1,VRA
1329,5,9,5,1,VRA
1330,5,9,5,1,VRA
1331,5,9,5,1,VRA
1332,5,9,5,1,VRA
1333,5,9,5,1,VRA
1334,5,9,5,1,VRA
1335,5,9,5,1,VRA
1336,5,9,5,1,VRA
1337,5,9,5,1,VRA
1338,5,9,5,1,VRA
1339,5,9,5,1,VRA
1340,6,8,5,1,VRA
1341,6,8,5,1,VRA
1342,6,8,5,1,VRA
1343,6,8,5,1,VRA
1344,6,8,5,1,VRA
1345,6,8,5,1,VRA
1346,6,8,5,1,VRA
1347,6,8,5,1,VRA
1348,6,8,5,1,VRA
1349,5,9,5,1,VRA
1350,5,9,5,1,VRA
1351,5,9,5,1,VRA
1352,5,9,5,1,VRA
1353,5,9,5,1,VRA
1354,5,9,5,1,VRA
1355,5,9,5,2,VRA
1356,5,9,5,2,VRA
1357,5,9,5,2,VRA
1358,5,9,5,2,VRA
1359,5,9,5,2,VRA
1360,5,9,5,2,VRA
1361,5,9,5,3,VRA
1362,5,9,5,3,VRA
1363,5,9,5,3,VRA
1364,5,9,5,3,VRA
1365,5,9,5,2,VRA
1366,5,9,5,1,VRA
1367,6,8,5,1,VRA
1368,6,8,5,2,VRA
1369,6,8,5,2,VRA
1370,6,8,5,2,VRA
1371,6,8,5,2,VRA
1372,6,8,5,2,VRA
1373,6,8,5,2,VRA
1374,6,8,5,2,VRA
1375,6,8,5,2,VRA
1376,6,8,5,2,VRA
1377,5,9,5,2,VRA
1378,5,9,5,3,VRA
1379,5,9,5,3,VRA
1380,5,9,5,2,VRA
1381,5,9,5,2,VRA
1382,5,9,5,2,VRA
1383,5,9,5,1,VRA
1384,5,9,5,1,VRA
1385,5,9,5,1,VRA
1386,5,9,5,1,VRA
1387,5,9,5,1,VRA
1388,5,9,5,1,VRA
1389,5,9,5,1,VRA
1390,5,9,5,1,VRA
1391,5,9,5,1,VRA
1392,5,9,5,1,VRA
1393,5,9,5,1,VRA
1394,5,9,5,1,VRA
1395,5,9,5,1,VRA
1396,5,9,5,1,VRA
1397,5,9,5,1,VRA
1398,5,9,5,1,VRA
1399,5,9,5,1,VRA
1400,5,9,5,1,VRA
1401,5,9,5,1,VRA
1402,5,9,5,2,VRA
1403,5,9,5,2,VRA
1404,5,9,5,2,VRA
1405,5,9,5,2,VRA
1406,5,9,5,2,VRA
1407,5,9,5,2,VRA
1408,5,9,5,1,VRA
1409,5,9,5,1,VRA
1410,5,9,5,1,VRA
1411,5,9,5,1,VRA
1412,5,9,5,1,VRA
1413,5,9,5,1,VRA
1414,5,9,5,2,VRA
1415,5,9,5,2,VRA
1416,5,9,5,2,VRA
1417,5,9,5,2,VRA
1418,5,9,5,2,VRA
1419,5,9,5,2,VRA
1420,5,9,5,2,VRA
1421,5,9,5,1,VRA
1422,5,9,5,1,VRA
1423,5,9,5,2,VRA
1424,5,9,5,2,VRA
1425,5,9,5,2,VRA
1426,5,9,5,2,VRA
1427,5,9,5,2,VRA
1428,5,9,5,2,VRA
1429,5,9,5,2,VRA
1430,5,9,5,2,VRA
1431,5,9,5,2,VRA
1432,5,9,5,1,VRA
1433,5,9,5,1,VRA
1434,5,9,5,2,VRA
1435,5,9,5,2,VRA
1436,5,9,5,2,VRA
1437,5,9,5,1,VRA
1438,5,9,5,1,VRA
1439,5,9,5,1,VRA
1440,5,9,5,1,VRA
1441,5,9,5,1,VRA
1442,5,9,5,1,VRA
1443,5,9,5,1,VRA
1444,5,9,5,1,VRA
1445,5,9,5,1,VRA
1446,5,9,5,1,VRA
1447,5,9,5,1,VRA
1448,5,9,5,1,VRA
1449,5,9,5,1,VRA
1450,5,9,5,1,VRA
1451,5,9,5,1,VRA
1452,5,9,5,1,VRA
1453,5,9,5,1,VRA
1454,5,9,5,1,VRA
1455,5,9,5,1,VRA
1456,5,9,5,1,VRA
1457,5,9,5,1,VRA
1458,5,9,5,1,VRA
1459,5,9,5,1,VRA
1460,5,9,5,1,VRA
1461,5,9,5,1,VRA
1462,5,9,5,1,VRA
1463,5,9,5,1,VRA
1464,5,9,5,1,VRA
1465,5,9,5,1,VRA
1466,5,9,5,2,VRA
1467,5,9,5,2,VRA
1468,5,9,5,1,VRA
1469,5,9,5,1,VRA
1470,5,9,5,1,VRA
1471,5,9,5,1,VRA
1472,5,9,5,2,VRA
1473,5,9,5,2,VRA
1474,5,9,5,2,VRA
1475,5,9,5,2,VRA
1476,5,9,5,2,VRA
1477,5,9,5,2,VRA
1478,5,9,5,2,VRA
1479,5,9,5,2,VRA
1480,5,9,5,2,VRA
1481,5,9,5,2,VRA
1482,5,9,5,2,VRA
1483,6,8,5,2,VRA
1484,6,8,5,2,VRA
1485,6,8,5,2,VRA
1486,5,9,5,2,VRA
1487,6,8,5,2,VRA
1488,6,8,5,2,VRA
1489,6,8,5,2,VRA
1490,6,8,5,2,VRA
1491,6,8,5,1,VRA
1492,6,8,5,1,VRA
1493,6,8,5,1,VRA
1494,5,9,5,1,VRA
1495,5,9,5,1,VRA
1496,5,9,5,1,VRA
1497,5,9,5,1,VRA
1498,5,9,5,1,VRA
1499,5,9,5,1,VRA
1500,5,9,5,1,VRA
1501,5,9,5,1,VRA
1502,5,9,5,1,VRA
1503,6,8,5,1,VRA
1504,6,8,5,1,VRA
1505,6,8,5,1,VRA
1506,6,8,5,1,VRA
1507,6,8,5,1,VRA
1508,6,8,5,1,VRA
1509,6,8,5,1,VRA
1510,6,8,5,1,VRA
1511,6,8,5,1,VRA
1512,6,8,5,1,VRA
1513,6,8,5,1,VRA
1514,5,9,5,1,VRA
1515,5,9,5,1,VRA
1516,5,9,5,1,VRA
1517,5,9,5,1,VRA
1518,5,9,5,1,VRA
1519,5,9,5,1,VRA
1520,5,9,5,1,VRA
1521,5,9,5,1,VRA
1522,6,8,5,1,VRA
1523,5,9,5,1,VRA
1524,5,9,5,1,VRA
1525,5,9,5,1,VRA
1526,5,9,5,1,VRA
1527,5,9,5,1,VRA
1528,5,9,5,1,VRA
1529,5,9,5,1,VRA
1530,5,9,5,1,VRA
1531,5,9,5,1,VRA
1532,5,9,5,1,VRA
1533,5,9,5,2,VRA
1534,5,9,5,2,VRA
1535,5,9,5,2,VRA
1536,5,9,5,2,VRA
1537,5,9,5,2,VRA
1538,5,9,5,2,VRA
1539,5,9,5,2,VRA
1540,5,9,5,2,VRA
1541,5,9,5,2,VRA
1542,5,9,5,2,VRA
1543,5,9,5,2,VRA
1544,5,9,5,2,VRA
1545,5,9,5,2,VRA
1546,5,9,5,2,VRA
1547,5,9,5,2,VRA
1548,5,9,5,2,VRA
1549,5,9,5,2,VRA
1550,5,9,5,2,VRA
1551,5,9,5,2,VRA
1552,5,9,5,2,VRA
1553,5,9,5,2,VRA
1554,5,9,5,2,VRA
1555,5,9,5,2,VRA
1556,5,9,5,2,VRA
1557,5,9,5,2,VRA
1558,6,8,5,2,VRA
1559,6,8,5,2,VRA
1560,6,8,5,2,VRA
1561,6,8,5,2,VRA
1562,6,8,5,2,VRA
1563,6,8,5,2,VRA
1564,6,8,5,2,VRA
1565,6,8,5,2,VRA
1566,6,8,5,2,VRA
1567,6,8,5,2,VRA
1568,6,8,5,2,VRA
1569,6,8,5,2,VRA
1570,6,8,5,2,VRA
1571,6,8,5,2,VRA
1572,6,8,5,2,VRA
1573,6,8,5,2,VRA
1574,6,8,5,2,VRA
1575,6,8,5,2,VRA
1576,6,8,5,2,VRA
1577,6,8,5,1,VRA
1578,5,9,5,1,VRA
1579,5,9,5,2,VRA
1580,5,9,5,2,VRA
1581,5,9,5,2,VRA
1582,5,9,5,2,VRA
1583,5,9,5,2,VRA
1584,5,9,5,2,VRA
1585,5,9,5,3,VRA
1586,6,8,5,3,VRA
1587,6,8,5,3,VRA
1588,6,8,5,3,VRA
1589,5,9,5,3,VRA
1590,5,9,5,3,VRA
1591,5,9,5,3,VRA
1592,5,9,5,3,VRA
1593,5,9,5,3,VRA
1594,6,8,5,3,VRA
1595,6,8,5,3,VRA
1596,6,8,5,3,VRA
1597,6,8,5,3,VRA
1598,6,8,5,2,VRA
1599,6,8,5,2,VRA
1600,6,8,5,2,VRA
1601,6,8,5,3,VRA
1602,6,8,5,3,VRA
1603,6,8,5,3,VRA
1604,6,8,5,2,VRA
1605,6,8,5,2,VRA
1606,6,8,5,2,VRA
1607,6,8,5,2,VRA
1608,6,8,5,2,VRA
1609,6,8,5,2,VRA
1610,6,8,5,2,VRA
1611,6,8,5,2,VRA
1612,6,8,5,2,VRA
1613,6,8,5,2,VRA
1614,6,8,5,2,VRA
1615,6,8,5,2,VRA
1616,6,8,5,2,VRA
1617,6,8,5,2,VRA
1618,6,8,5,2,VRA
1619,6,8,5,2,VRA
1620,6,8,5,2,VRA
1621,6,8,5,2,VRA
1622,6,8,5,2,VRA
1623,6,8,5,2,VRA
1624,6,8,5,2,VRA
1625,6,8,5,2,VRA
1626,6,8,5,2,VRA
1627,6,8,5,2,VRA
1628,6,8,5,2,VRA
1629,6,8,5,2,VRA
1630,6,8,5,3,VRA
1631,6,8,5,3,VRA
1632,6,8,5,3,VRA
1633,6,8,5,2,VRA
1634,6,8,6,2,VRA
1635,6,8,5,2,VRA
1636,6,8,5,2,VRA
1637,6,8,5,2,VRA
1638,6,8,5,2,VRA
1639,6,8,5,2,VRA
1640,6,8,5,2,VRA
1641,6,8,5,2,VRA
1642,6,8,5,2,VRA
1643,6,8,5,2,VRA
1644,6,8,5,2,VRA
1645,6,8,5,2,VRA
1646,6,8,5,2,VRA
1647,6,8,5,2,VRA
1648,6,8,5,2,VRA
1649,6,8,5,2,VRA
1650,6,8,5,2,VRA
1651,6,8,5,2,VRA
1652,6,8,5,2,VRA
1653,6,8,5,2,VRA
1654,6,8,5,2,VRA
1655,6,8,5,2,VRA
1656,6,8,5,2,VRA
1657,6,8,5,2,VRA
1658,6,8,5,2,VRA
1659,6,8,5,2,VRA
1660,6,8,5,2,VRA
1661,6,8,5,2,VRA
1662,6,8,5,2,VRA
1663,6,8,5,2,VRA
1664,6,8,5,2,VRA
1665,6,8,5,3,VRA
1666,6,8,5,3,VRA
1667,6,8,5,2,VRA
1668,6,8,5,2,VRA
1669,6,8,5,2,VRA
1670,6,8,5,2,VRA
1671,6,8,5,2,VRA
1672,6,8,5,2,VRA
1673,6,8,5,2,VRA
1674,6,8,5,2,VRA
1675,6,8,5,2,VRA
1676,6,8,5,2,VRA
1677,6,8,5,2,VRA
1678,6,8,5,2,VRA
1679,6,8,5,2,VRA
1680,6,8,5,2,VRA
1681,6,8,5,2,VRA
1682,6,8,5,2,VRA
1683,6,8,5,2,VRA
1684,6,8,5,2,VRA
1685,6,8,5,2,VRA
1686,6,8,5,2,VRA
1687,6,8,5,2,VRA
1688,6,8,5,2,VRA
1689,6,8,5,2,VRA
1690,6,8,5,2,VRA
1691,6,8,5,2,VRA
1692,6,8,5,2,VRA
1693,6,8,5,2,VRA
1694,6,8,5,2,VRA
1695,6,8,5,2,VRA
1696,6,8,5,2,VRA
1697,6,8,5,2,VRA
1698,6,8,5,2,VRA
1699,6,8,5,2,VRA
1700,6,8,5,2,VRA
1701,6,8,5,2,VRA
1702,6,8,5,2,VRA
1703,6,8,5,2,VRA
1704,6,8,5,2,VRA
1705,6,8,5,2,VRA
1706,6,8,5,2,VRA
1707,6,8,5,2,VRA
1708,6,8,5,2,VRA
1709,6,8,5,2,VRA
1710,6,8,5,2,VRA
1711,6,8,5,2,VRA
1712,6,8,5,2,VRA
1713,6,8,5,2,VRA
1714,6,8,5,2,VRA
1715,6,8,5,2,VRA
1716,6,8,5,2,VRA
1717,6,8,5,2,VRA
1718,6,8,5,2,VRA
1719,6,8,5,2,VRA
1720,6,8,5,2,VRA
1721,6,8,5,2,VRA
1722,6,8,5,2,VRA
1723,6,8,5,2,VRA
1724,6,8,5,2,VRA
1725,6,8,5,2,VRA
1726,6,8,5,2,VRA
1727,6,8,5,2,VRA
1728,6,8,5,2,VRA
1729,6,8,5,2,VRA
1730,6,8,5,2,VRA
1731,6,8,5,2,VRA
1732,6,8,5,2,VRA
1733,6,8,5,2,VRA
1734,6,8,5,2,VRA
1735,6,8,5,2,VRA
1736,6,8,5,2,VRA
1737,6,8,5,2,VRA
1738,6,8,5,2,VRA
1739,6,8,5,2,VRA
1740,6,8,5,2,VRA
1741,6,8,5,2,VRA
1742,6,8,5,2,VRA
1743,5,9,5,2,VRA
1744,5,9,5,2,VRA
1745,5,9,5,2,VRA
1746,5,9,5,2,VRA
1747,5,9,5,2,VRA
1748,6,8,5,2,VRA
1749,6,8,5,2,VRA
1750,6,8,5,2,VRA
1751,6,8,5,2,VRA
1752,6,8,5,2,VRA
1753,6,8,5,2,VRA
1754,6,8,5,2,VRA
1755,6,8,5,2,VRA
1756,6,8,5,2,VRA
1757,6,8,5,2,VRA
1758,6,8,5,2,VRA
1759,6,8,5,2,VRA
1760,6,8,5,2,VRA
1761,6,8,5,2,VRA
1762,6,8,5,2,VRA
1763,6,8,5,2,VRA
1764,6,8,5,2,VRA
1765,6,8,5,2,VRA
1766,6,8,5,2,VRA
1767,5,9,5,2,VRA
1768,5,9,5,2,VRA
1769,5,9,5,2,VRA
1770,5,9,5,2,VRA
1771,6,8,5,3,VRA
1772,5,9,5,3,VRA
1773,5,9,5,3,VRA
1774,5,9,5,3,VRA
1775,5,9,5,3,VRA
1776,5,9,5,3,VRA
1777,5,9,5,3,VRA
1778,5,9,5,3,VRA
1779,5,9,5,3,VRA
1780,5,9,5,2,VRA
1781,5,9,5,2,VRA
1782,5,9,5,2,VRA
1783,5,9,5,2,VRA
1784,5,9,5,2,VRA
1785,6,8,5,2,VRA
1786,6,8,5,2,VRA
1787,6,8,5,1,VRA
1788,6,8,5,1,VRA
1789,6,8,5,1,VRA
1790,6,8,5,1,VRA
1791,5,9,5,1,VRA
1792,5,9,5,1,VRA
1793,5,9,5,1,VRA
1794,5,9,5,1,VRA
1795,5,9,5,1,VRA
1796,5,9,5,1,VRA
1797,6,8,5,1,VRA
1798,6,8,5,1,VRA
1799,6,8,5,1,VRA
1800,6,8,5,1,VRA
1801,6,8,5,2,VRA
1802,6,8,5,2,VRA
1803,6,8,5,2,VRA
1804,6,8,5,2,VRA
1805,6,8,5,2,VRA
1806,6,8,5,2,VRA
1807,6,8,5,1,VRA
1808,6,8,5,1,VRA
1809,6,8,5,1,VRA
1810,6,8,5,1,VRA
1811,6,8,5,1,VRA
1812,6,8,5,1,VRA
1813,6,8,5,1,VRA
1814,6,8,5,1,VRA
1815,6,8,5,2,VRA
1816,6,8,5,2,VRA
1817,6,8,5,2,VRA
1818,6,8,5,2,VRA
1819,6,8,5,2,VRA
1820,6,8,5,2,VRA
1821,6,8,5,2,VRA
1822,6,8,5,2,VRA
1823,6,8,5,2,VRA
1824,6,8,5,2,VRA
1825,6,8,5,2,VRA
1826,6,8,5,2,VRA
1827,6,8,5,2,VRA
1828,6,8,5,2,VRA
1829,6,8,5,2,VRA
1830,6,8,5,1,VRA
1831,6,8,5,1,VRA
1832,6,8,5,1,VRA
1833,6,8,5,2,VRA
1834,6,8,5,2,VRA
1835,6,8,5,2,VRA
1836,6,8,5,2,VRA
1837,6,8,5,2,VRA
1838,6,8,5,2,VRA
1839,6,8,5,2,VRA
1840,6,8,5,2,VRA
1841,6,8,5,2,VRA
1842,6,8,5,2,VRA
1843,6,8,5,2,VRA
1844,6,8,5,2,VRA
1845,6,8,5,2,VRA
1846,6,8,5,2,VRA
1847,6,8,5,2,VRA
1848,6,8,5,2,VRA
1849,6,8,5,2,VRA
1850,6,8,5,2,VRA
1851,6,8,5,2,VRA
1852,6,8,5,2,VRA
1853,6,8,5,2,VRA
1854,5,9,5,2,VRA
1855,5,9,5,2,VRA
1856,5,9,5,2,VRA
1857,5,9,5,2,VRA
1858,5,9,5,2,VRA
1859,5,9,5,2,VRA
1860,5,9,5,2,VRA
1861,5,9,5,2,VRA
1862,5,9,5,2,VRA
1863,5,9,5,2,VRA
1864,5,9,5,1,VRA
1865,5,9,5,2,VRA
1866,5,9,5,2,VRA
1867,5,9,5,2,VRA
1868,5,9,5,2,VRA
1869,5,9,5,2,VRA
1870,5,9,5,2,VRA
1871,5,9,5,2,VRA
1872,5,9,5,2,VRA
1873,5,9,5,2,VRA
1874,5,9,5,2,VRA
1875,5,9,5,2,VRA
1876,5,9,5,2,VRA
1877,5,9,5,2,VRA
1878,5,9,5,2,VRA
1879,5,9,5,2,VRA
1880,5,9,5,2,VRA
1881,5,9,5,2,VRA
1882,5,9,5,2,VRA
1883,5,9,5,2,VRA
1884,5,9,5,2,VRA
1885,5,9,5,2,VRA
1886,5,9,5,2,VRA
1887,5,9,5,2,VRA
1888,6,8,5,2,VRA
1889,6,8,5,2,VRA
1890,6,8,5,2,VRA
1891,6,8,5,2,VRA
1892,6,8,5,2,VRA
1893,6,8,5,2,VRA
1894,6,8,5,2,VRA
1895,6,8,5,2,VRA
1896,6,8,5,2,VRA
1897,6,8,5,2,VRA
1898,6,8,5,2,VRA
1899,6,8,5,2,VRA
1900,6,8,5,2,VRA
1901,6,8,5,2,VRA
1902,6,8,5,2,VRA
1903,6,8,5,2,VRA
1904,6,8,5,2,VRA
1905,6,8,5,2,VRA
1906,6,8,5,2,VRA
1907,6,8,5,2,VRA
1908,6,8,5,2,VRA
1909,6,8,5,2,VRA
1910,6,8,5,2,VRA
1911,6,8,5,2,VRA
1912,6,8,5,2,VRA
1913,6,8,5,2,VRA
1914,6,8,5,2,VRA
1915,6,8,5,2,VRA
1916,6,8,5,2,VRA
1917,6,8,5,2,VRA
1918,6,8,5,2,VRA
1919,6,8,5,3,VRA
1920,6,8,5,3,VRA
1921,6,8,5,3,VRA
1922,6,8,5,3,VRA
1923,6,8,5,3,VRA
1924,6,8,5,3,VRA
1925,6,8,5,3,VRA
1926,6,8,5,3,VRA
1927,5,9,5,3,VRA
1928,5,9,5,3,VRA
1929,5,9,5,3,VRA
1930,5,9,5,3,VRA
1931,5,9,5,3,VRA
1932,5,9,5,3,VRA
1933,5,9,5,3,VRA
1934,5,9,5,3,VRA
1935,5,9,5,2,VRA
1936,5,9,5,2,VRA
1937,5,9,5,2,VRA
1938,5,9,5,2,VRA
1939,5,9,5,2,VRA
1940,5,9,5,2,VRA
1941,5,9,5,3,VRA
1942,5,9,5,3,VRA
1943,5,9,5,3,VRA
1944,5,9,5,3,VRA
1945,5,9,5,2,VRA
1946,5,9,5,3,VRA
1947,5,9,5,3,VRA
1948,5,9,5,3,VRA
1949,5,9,5,3,VRA
1950,5,9,5,3,VRA
1951,5,9,5,3,VRA
1952,5,9,5,3,VRA
1953,5,9,5,3,VRA
1954,5,9,5,3,VRA
1955,5,9,5,3,VRA
1956,5,9,5,3,VRA
1957,5,9,5,3,VRA
1958,5,9,5,3,VRA
1959,5,9,5,3,VRA
1960,5,9,5,3,VRA
1961,5,9,5,3,VRA
1962,5,9,5,3,VRA
1963,5,9,5,3,VRA
1964,5,9,5,3,VRA
1965,5,9,5,3,VRA
1966,5,9,5,3,VRA
1967,5,9,5,3,VRA
1968,5,9,5,2,VRA
1969,5,9,5,2,VRA
1970,5,9,5,2,VRA
1971,5,9,5,3,VRA
1972,5,9,5,3,VRA
1973,5,9,5,3,VRA
1974,6,8,5,3,VRA
1975,6,8,5,2,VRA
1976,6,8,5,3,VRA
1977,6,8,5,3,VRA
1978,6,8,5,3,VRA
1979,6,8,5,3,VRA
1980,6,8,5,3,VRA
1981,6,8,5,3,VRA
1982,6,8,5,3,VRA
1983,6,8,5,3,VRA
1984,5,9,5,3,VRA
1985,6,8,5,3,VRA
1986,6,8,5,3,VRA
1987,6,8,5,3,VRA
1988,6,8,5,3,VRA
1989,6,8,5,3,VRA
1990,6,8,5,3,VRA
1991,6,8,5,3,VRA
1992,6,8,5,3,VRA
1993,6,8,5,3,VRA
1994,5,9,5,3,VRA
1995,5,9,5,3,VRA
1996,5,9,5,2,VRA
1997,5,9,5,2,VRA
1998,5,9,5,2,VRA
1999,5,9,5,2,VRA
2000,5,9,5,2,VRA
2001,5,9,5,2,VRA
2002,5,9,5,2,VRA
2003,5,9,5,2,VRA
2004,5,9,5,2,VRA
2005,5,9,5,2,VRA
2006,5,9,5,2,VRA
2007,5,9,5,2,VRA
2008,5,9,5,2,VRA
2009,5,9,5,2,VRA
2010,5,9,5,2,VRA
2011,5,9,5,2,VRA
2012,5,9,5,2,VRA
2013,5,9,5,2,VRA
2014,5,9,5,2,VRA
2015,5,9,5,2,VRA
2016,5,9,5,2,VRA
2017,5,9,5,2,VRA
2018,5,9,5,2,VRA
2019,5,9,5,2,VRA
2020,5,9,5,2,VRA
2021,5,9,5,2,VRA
2022,5,9,5,2,VRA
2023,5,9,5,2,VRA
2024,6,8,6,2,VRA
2025,5,9,5,2,VRA
2026,5,9,5,2,VRA
2027,5,9,5,2,VRA
2028,5,9,5,2,VRA
2029,5,9,5,2,VRA
2030,5,9,5,1,VRA
2031,5,9,5,1,VRA
2032,5,9,5,1,VRA
2033,5,9,5,1,VRA
2034,5,9,5,1,VRA
2035,5,9,5,1,VRA
2036,5,9,5,1,VRA
2037,5,9,5,1,VRA
2038,5,9,5,1,VRA
2039,5,9,5,1,VRA
2040,5,9,5,1,VRA
2041,5,9,5,1,VRA
2042,5,9,5,1,VRA
2043,5,9,5,1,VRA
2044,5,9,5,1,VRA
2045,5,9,5,1,VRA
2046,5,9,5,1,VRA
2047,5,9,5,1,VRA
2048,5,9,5,1,VRA
2049,5,9,5,1,VRA
2050,5,9,5,1,VRA
2051,5,9,5,1,VRA
2052,6,8,6,1,VRA
2053,6,8,6,1,VRA
2054,6,8,6,1,VRA
2055,6,8,6,1,VRA
2056,6,8,6,1,VRA
2057,6,8,6,2,VRA
2058,6,8,6,2,VRA
2059,6,8,6,2,VRA
2060,6,8,6,2,VRA
2061,6,8,6,2,VRA
2062,6,8,6,2,VRA
2063,6,8,6,2,VRA
2064,6,8,6,2,VRA
2065,6,8,6,2,VRA
2066,6,8,6,2,VRA
2067,6,8,6,2,VRA
2068,6,8,6,2,VRA
2069,6,8,6,2,VRA
2070,6,8,6,1,VRA
2071,6,8,6,1,VRA
2072,6,8,6,1,VRA
2073,6,8,6,1,VRA
2074,6,8,6,1,VRA
2075,6,8,6,1,VRA
2076,5,9,5,1,VRA
2077,5,9,5,1,VRA
2078,5,9,5,1,VRA
2079,5,9,5,1,VRA
2080,5,9,5,1,VRA
2081,5,9,5,1,VRA
2082,5,9,5,1,VRA
2083,5,9,5,1,VRA
2084,5,9,5,1,VRA
2085,6,8,6,0,VRA
2086,6,8,5,1,VRA
2087,6,8,5,1,VRA
2088,6,8,5,1,VRA
2089,6,8,5,1,VRA
2090,6,8,5,1,VRA
2091,6,8,5,1,VRA
2092,6,8,5,1,VRA
2093,6,8,5,1,VRA
2094,6,8,6,1,VRA
2095,6,8,6,1,VRA
2096,6,8,6,1,VRA
2097,5,9,5,2,VRA
2098,5,9,5,2,VRA
2099,5,9,5,2,VRA
2100,5,9,5,2,VRA
2101,5,9,5,2,VRA
2102,5,9,5,2,VRA
2103,5,9,5,2,VRA
2104,5,9,5,2,VRA
2105,5,9,5,2,VRA
2106,5,9,5,2,VRA
2107,5,9,5,2,VRA
2108,5,9,5,2,VRA
2109,5,9,5,2,VRA
2110,5,9,5,2,VRA
2111,5,9,5,2,VRA
2112,5,9,5,2,VRA
2113,5,9,5,2,VRA
2114,5,9,5,2,VRA
2115,5,9,5,2,VRA
2116,5,9,5,2,VRA
2117,5,9,5,2,VRA
2118,5,9,5,2,VRA
2119,5,9,5,2,VRA
2120,5,9,5,2,VRA
2121,5,9,5,2,VRA
2122,5,9,5,2,VRA
2123,5,9,5,2,VRA
2124,5,9,5,2,VRA
2125,5,9,5,2,VRA
2126,5,9,5,2,VRA
2127,5,9,5,2,VRA
2128,5,9,5,2,VRA
2129,5,9,5,2,VRA
2130,5,9,5,2,VRA
2131,5,9,5,2,VRA
2132,5,9,5,2,VRA
2133,5,9,5,2,VRA
2134,5,9,5,2,VRA
2135,5,9,5,2,VRA
2136,5,9,5,2,VRA
2137,5,9,5,2,VRA
2138,5,9,5,2,VRA
2139,5,9,5,2,VRA
2140,5,9,5,2,VRA
2141,5,9,5,2,VRA
2142,5,9,5,2,VRA
2143,5,9,5,2,VRA
2144,5,9,5,2,VRA
2145,5,9,5,2,VRA
2146,5,9,5,2,VRA
2147,5,9,5,2,VRA
2148,5,9,5,2,VRA
2149,5,9,5,2,VRA
2150,5,9,5,2,VRA
2151,5,9,5,2,VRA
2152,5,9,5,2,VRA
2153,5,9,5,2,VRA
2154,5,9,5,2,VRA
2155,5,9,5,2,VRA
2156,5,9,5,2,VRA
2157,5,9,5,2,VRA
2158,5,9,5,2,VRA
2159,5,9,5,2,VRA
2160,5,9,5,2,VRA
2161,5,9,5,2,VRA
2162,5,9,5,2,VRA
2163,5,9,5,2,VRA
2164,5,9,5,2,VRA
2165,5,9,5,2,VRA
2166,5,9,5,2,VRA
2167,5,9,5,2,VRA
2168,5,9,5,2,VRA
2169,5,9,5,2,VRA
2170,5,9,5,2,VRA
2171,5,9,5,2,VRA
2172,5,9,5,2,VRA
2173,5,9,5,2,VRA
2174,5,9,5,2,VRA
2175,5,9,5,2,VRA
2176,5,9,5,2,VRA
2177,5,9,5,2,VRA
2178,5,9,5,2,VRA
2179,5,9,5,2,VRA
2180,5,9,5,2,VRA
2181,5,9,5,2,VRA
2182,5,9,5,2,VRA
2183,5,9,5,2,VRA
2184,5,9,5,2,VRA
2185,5,9,5,2,VRA
2186,5,9,5,2,VRA
2187,5,9,5,2,VRA
2188,5,9,5,2,VRA
2189,5,9,5,2,VRA
2190,5,9,5,2,VRA
2191,5,9,5,2,VRA
2192,5,9,5,2,VRA
2193,5,9,5,2,VRA
2194,5,9,5,2,VRA
2195,5,9,5,2,VRA
2196,5,9,5,2,VRA
2197,5,9,5,2,VRA
2198,5,9,5,2,VRA
2199,5,9,5,2,VRA
2200,5,9,5,2,VRA
2201,5,9,5,2,VRA
2202,5,9,5,2,VRA
2203,5,9,5,2,VRA
2204,5,9,5,2,VRA
2205,5,9,5,2,VRA
2206,6,8,5,2,VRA
2207,6,8,5,2,VRA
2208,6,8,5,2,VRA
2209,6,8,5,2,VRA
2210,6,8,5,2,VRA
2211,6,8,5,2,VRA
2212,6,8,5,2,VRA
2213,6,8,5,2,VRA
2214,6,8,5,2,VRA
2215,6,8,5,2,VRA
2216,6,8,5,2,VRA
2217,6,8,5,2,VRA
2218,6,8,5,2,VRA
2219,6,8,5,2,VRA
2220,6,8,5,2,VRA
2221,5,9,5,2,VRA
2222,5,9,5,2,VRA
2223,5,9,5,2,VRA
2224,5,9,5,2,VRA
2225,5,9,5,2,VRA
2226,5,9,5,2,VRA
2227,5,9,5,2,VRA
2228,5,9,5,2,VRA
2229,5,9,5,2,VRA
2230,5,9,5,2,VRA
2231,5,9,5,2,VRA
2232,5,9,5,2,VRA
2233,5,9,5,2,VRA
2234,5,9,5,2,VRA
2235,5,9,5,2,VRA
2236,5,9,5,2,VRA
2237,5,9,5,2,VRA
2238,5,9,5,2,VRA
2239,5,9,5,2,VRA
2240,5,9,5,2,VRA
2241,5,9,5,2,VRA
2242,5,9,5,2,VRA
2243,5,9,5,2,VRA
2244,5,9,5,2,VRA
2245,5,9,5,2,VRA
2246,5,9,5,2,VRA
2247,5,9,5,2,VRA
2248,5,9,5,2,VRA
2249,5,9,5,2,VRA
2250,5,9,5,2,VRA
2251,5,9,5,2,VRA
2252,5,9,5,2,VRA
2253,5,9,5,2,VRA
2254,5,9,5,2,VRA
2255,5,9,5,2,VRA
2256,6,8,5,2,VRA
2257,6,8,5,2,VRA
2258,6,8,5,2,VRA
2259,6,8,5,2,VRA
2260,6,8,5,2,VRA
2261,5,9,5,2,VRA
2262,5,9,5,2,VRA
2263,5,9,5,2,VRA
2264,5,9,5,2,VRA
2265,5,9,5,2,VRA
2266,5,9,5,2,VRA
2267,5,9,5,1,VRA
2268,5,9,5,1,VRA
2269,5,9,5,1,VRA
2270,5,9,5,1,VRA
2271,5,9,5,1,VRA
2272,5,9,5,1,VRA
2273,5,9,5,1,VRA
2274,5,9,5,1,VRA
2275,5,9,5,1,VRA
2276,5,9,5,1,VRA
2277,5,9,5,2,VRA
2278,5,9,5,2,VRA
2279,5,9,5,2,VRA
2280,5,9,5,2,VRA
2281,5,9,5,2,VRA
2282,5,9,5,2,VRA
2283,5,9,5,2,VRA
2284,6,8,5,2,VRA
2285,5,9,5,2,VRA
2286,5,9,5,1,VRA
2287,5,9,5,1,VRA
2288,5,9,5,1,VRA
2289,5,9,5,1,VRA
2290,5,9,5,1,VRA
2291,5,9,5,1,VRA
2292,5,9,5,1,VRA
2293,5,9,5,1,VRA
2294,5,9,5,1,VRA
2295,5,9,5,1,VRA
2296,5,9,5,2,VRA
2297,5,9,5,2,VRA
2298,5,9,5,2,VRA
2299,5,9,5,2,VRA
2300,5,9,5,2,VRA
2301,5,9,5,3,VRA
2302,5,9,5,2,VRA
2303,5,9,5,2,VRA
2304,5,9,5,2,VRA
2305,5,9,5,2,VRA
2306,5,9,5,2,VRA
2307,5,9,5,2,VRA
2308,6,8,5,2,VRA
2309,6,8,5,2,VRA
2310,6,8,5,2,VRA
2311,6,8,5,2,VRA
2312,6,8,5,2,VRA
2313,6,8,5,3,VRA
2314,6,8,5,3,VRA
2315,6,8,5,3,VRA
2316,6,8,5,2,VRA
2317,6,8,5,2,VRA
2318,6,8,5,2,VRA
2319,6,8,5,2,VRA
2320,6,8,5,3,VRA
2321,6,8,5,3,VRA
2322,6,8,5,3,VRA
2323,5,9,5,3,VRA
2324,5,9,5,2,VRA
2325,5,9,5,2,VRA
2326,5,9,5,2,VRA
2327,5,9,5,2,VRA
2328,5,9,5,2,VRA
2329,5,9,5,2,VRA
2330,5,9,5,2,VRA
2331,5,9,5,2,VRA
2332,5,9,5,2,VRA
2333,5,9,5,2,VRA
2334,6,8,5,2,VRA
2335,6,8,5,2,VRA
2336,6,8,5,2,VRA
2337,5,9,5,2,VRA
2338,5,9,5,2,VRA
2339,5,9,5,2,VRA
2340,5,9,5,2,VRA
2341,5,9,5,2,VRA
2342,5,9,5,2,VRA
2343,5,9,5,2,VRA
2344,5,9,5,2,VRA
2345,5,9,5,2,VRA
2346,5,9,5,2,VRA
2347,5,9,5,2,VRA
2348,5,9,5,2,VRA
2349,5,9,5,2,VRA
2350,5,9,5,2,VRA
2351,5,9,5,2,VRA
2352,5,9,5,2,VRA
2353,5,9,5,2,VRA
2354,5,9,5,2,VRA
2355,5,9,5,2,VRA
2356,5,9,5,2,VRA
2357,5,9,5,2,VRA
2358,5,9,5,2,VRA
2359,5,9,5,2,VRA
2360,5,9,5,2,VRA
2361,5,9,5,2,VRA
2362,5,9,5,2,VRA
2363,5,9,5,2,VRA
2364,5,9,5,2,VRA
2365,5,9,5,2,VRA
2366,5,9,5,2,VRA
2367,5,9,5,2,VRA
2368,5,9,5,2,VRA
2369,5,9,5,2,VRA
2370,5,9,5,2,VRA
2371,5,9,5,2,VRA
2372,5,9,5,2,VRA
2373,5,9,5,2,VRA
2374,5,9,5,2,VRA
2375,5,9,5,2,VRA
2376,5,9,5,2,VRA
2377,5,9,5,2,VRA
2378,5,9,5,2,VRA
2379,5,9,5,2,VRA
2380,5,9,5,2,VRA
2381,5,9,5,2,VRA
2382,5,9,5,2,VRA
2383,5,9,5,2,VRA
2384,5,9,5,2,VRA
2385,5,9,5,2,VRA
2386,5,9,5,2,VRA
2387,5,9,5,2,VRA
2388,5,9,5,2,VRA
2389,5,9,5,2,VRA
2390,5,9,5,2,VRA
2391,5,9,5,2,VRA
2392,5,9,5,2,VRA
2393,5,9,5,2,VRA
2394,5,9,5,2,VRA
2395,5,9,5,2,VRA
2396,5,9,5,2,VRA
2397,5,9,5,2,VRA
2398,5,9,5,2,VRA
2399,5,9,5,2,VRA
2400,5,9,5,2,VRA
2401,5,9,5,2,VRA
2402,5,9,5,2,VRA
2403,5,9,5,2,VRA
2404,5,9,5,2,VRA
2405,5,9,5,2,VRA
2406,5,9,5,2,VRA
2407,5,9,5,2,VRA
2408,5,9,5,2,VRA
2409,5,9,5,2,VRA
2410,5,9,5,2,VRA
2411,5,9,5,2,VRA
2412,5,9,5,2,VRA
2413,5,9,5,2,VRA
2414,5,9,5,2,VRA
2415,5,9,5,2,VRA
2416,5,9,5,2,VRA
2417,5,9,5,2,VRA
2418,5,9,5,2,VRA
2419,5,9,5,2,VRA
2420,5,9,5,2,VRA
2421,5,9,5,2,VRA
2422,5,9,5,2,VRA
2423,5,9,5,2,VRA
2424,5,9,5,2,VRA
2425,6,8,6,2,VRA
2426,6,8,5,3,VRA
2427,6,8,5,3,VRA
2428,6,8,5,3,VRA
2429,6,8,5,3,VRA
2430,6,8,5,3,VRA
2431,6,8,5,3,VRA
2432,6,8,5,3,VRA
2433,6,8,5,3,VRA
2434,6,8,5,3,VRA
2435,6,8,5,3,VRA
2436,6,8,5,2,VRA
2437,6,8,5,2,VRA
2438,6,8,5,2,VRA
2439,6,8,5,2,VRA
2440,6,8,5,2,VRA
2441,6,8,5,2,VRA
2442,6,8,6,2,VRA
2443,6,8,6,2,VRA
2444,6,8,6,2,VRA
2445,5,9,5,2,VRA
2446,5,9,5,2,VRA
2447,6,8,6,2,VRA
2448,6,8,6,2,VRA
2449,5,9,5,2,VRA
2450,5,9,5,2,VRA
2451,5,9,5,2,VRA
2452,5,9,5,2,VRA
2453,5,9,5,2,VRA
2454,5,9,5,2,VRA
2455,5,9,5,2,VRA
2456,5,9,5,2,VRA
2457,5,9,5,2,VRA
2458,5,9,5,2,VRA
2459,5,9,5,1,VRA
2460,5,9,5,1,VRA
2461,5,9,5,1,VRA
2462,5,9,5,1,VRA
2463,5,9,5,1,VRA
2464,5,9,5,1,VRA
2465,5,9,5,1,VRA
2466,5,9,5,1,VRA
2467,5,9,5,1,VRA
2468,5,9,5,1,VRA
2469,5,9,5,1,VRA
2470,5,9,5,1,VRA
2471,5,9,5,1,VRA
2472,5,9,5,1,VRA
2473,5,9,5,1,VRA
2474,5,9,5,1,VRA
2475,5,9,5,1,VRA
2476,5,9,5,1,VRA
2477,5,9,5,1,VRA
2478,5,9,5,1,VRA
2479,5,9,5,1,VRA
2480,5,9,5,2,VRA
2481,5,9,5,2,VRA
2482,5,9,5,2,VRA
2483,5,9,5,2,VRA
2484,5,9,5,2,VRA
2485,5,9,5,2,VRA
2486,5,9,5,2,VRA
2487,5,9,5,2,VRA
2488,5,9,5,2,VRA
2489,5,9,5,2,VRA
2490,6,8,6,1,VRA
2491,6,8,6,1,VRA
2492,6,8,6,2,VRA
2493,6,8,6,2,VRA
2494,6,8,6,2,VRA
2495,6,8,6,2,VRA
2496,6,8,6,2,VRA
2497,6,8,6,2,VRA
2498,6,8,6,2,VRA
2499,6,8,6,2,VRA
2500,6,8,6,2,VRA
2501,6,8,6,2,VRA
2502,6,8,6,2,VRA
2503,6,8,6,2,VRA
2504,6,8,5,2,VRA
2505,6,8,5,2,VRA
2506,6,8,5,2,VRA
2507,6,8,5,2,VRA
2508,6,8,5,2,VRA
2509,6,8,5,2,VRA
2510,6,8,5,2,VRA
2511,6,8,5,2,VRA
2512,6,8,5,2,VRA
2513,6,8,5,2,VRA
2514,6,8,5,2,VRA
2515,6,8,5,2,VRA
2516,5,9,5,2,VRA
2517,5,9,5,2,VRA
2518,5,9,5,2,VRA
2519,5,9,5,3,VRA
2520,5,9,5,2,VRA
2521,6,8,5,2,VRA
2522,6,8,5,1,VRA
2523,6,8,5,1,VRA
2524,6,8,5,1,VRA
2525,6,8,5,1,VRA
2526,6,8,5,1,VRA
2527,6,8,5,1,VRA
2528,6,8,5,2,VRA
2529,6,8,5,2,VRA
2530,6,8,5,2,VRA
2531,6,8,5,2,VRA
2532,6,8,5,2,VRA
2533,6,8,5,2,VRA
2534,6,8,5,2,VRA
2535,6,8,5,2,VRA
2536,6,8,5,2,VRA
2537,6,8,5,2,VRA
2538,6,8,5,2,VRA
2539,6,8,5,2,VRA
2540,6,8,5,2,VRA
2541,6,8,5,2,VRA
2542,6,8,5,2,VRA
2543,6,8,5,2,VRA
2544,6,8,5,2,VRA
2545,6,8,5,2,VRA
2546,6,8,5,2,VRA
2547,6,8,5,2,VRA
2548,6,8,5,2,VRA
2549,6,8,5,2,VRA
2550,6,8,5,2,VRA
2551,6,8,5,2,VRA
2552,6,8,5,2,VRA
2553,6,8,5,2,VRA
2554,6,8,5,2,VRA
2555,6,8,5,2,VRA
2556,6,8,5,2,VRA
2557,6,8,5,2,VRA
2558,6,8,5,2,VRA
2559,6,8,5,2,VRA
2560,6,8,5,2,VRA
2561,6,8,5,2,VRA
2562,6,8,5,2,VRA
2563,6,8,5,2,VRA
2564,6,8,5,2,VRA
2565,6,8,5,2,VRA
2566,6,8,5,2,VRA
2567,6,8,5,2,VRA
2568,6,8,5,2,VRA
2569,6,8,5,2,VRA
2570,6,8,5,2,VRA
2571,6,8,5,2,VRA
2572,6,8,5,1,VRA
2573,6,8,5,1,VRA
2574,6,8,5,1,VRA
2575,6,8,5,1,VRA
2576,6,8,5,1,VRA
2577,6,8,5,1,VRA
2578,6,8,5,1,VRA
2579,6,8,5,1,VRA
2580,6,8,5,1,VRA
2581,6,8,5,1,VRA
2582,6,8,6,1,VRA
2583,6,8,5,1,VRA
2584,6,8,5,2,VRA
2585,6,8,5,2,VRA
2586,6,8,6,2,VRA
2587,6,8,6,2,VRA
2588,6,8,5,2,VRA
2589,6,8,5,2,VRA
2590,6,8,5,2,VRA
2591,6,8,5,2,VRA
2592,6,8,5,2,VRA
2593,6,8,5,2,VRA
2594,6,8,5,2,VRA
2595,6,8,5,2,VRA
2596,6,8,5,1,VRA
2597,7,7,5,1,VRA
2598,7,7,5,1,VRA
2599,7,7,5,1,VRA
2600,7,7,5,1,VRA
2601,7,7,5,1,VRA
2602,7,7,5,1,VRA
2603,7,7,5,1,VRA
2604,7,7,5,1,VRA
2605,7,7,5,1,VRA
2606,7,7,5,1,VRA
2607,7,7,5,1,VRA
2608,7,7,5,1,VRA
2609,7,7,5,2,VRA
2610,7,7,5,2,VRA
2611,7,7,5,2,VRA
2612,7,7,5,2,VRA
2613,7,7,5,2,VRA
2614,7,7,5,2,VRA
2615,7,7,5,2,VRA
2616,7,7,5,2,VRA
2617,7,7,5,2,VRA
2618,7,7,5,2,VRA
2619,7,7,5,2,VRA
2620,7,7,5,2,VRA
2621,7,7,5,2,VRA
2622,7,7,5,2,VRA
2623,7,7,5,2,VRA
2624,6,8,5,2,VRA
2625,7,7,5,2,VRA
2626,7,7,6,2,VRA
2627,7,7,6,2,VRA
2628,7,7,6,2,VRA
2629,7,7,6,3,VRA
2630,7,7,6,3,VRA
2631,7,7,6,3,VRA
2632,7,7,6,2,VRA
2633,6,8,5,2,VRA
2634,6,8,5,2,VRA
2635,6,8,5,3,VRA
2636,6,8,5,3,VRA
2637,6,8,5,3,VRA
2638,5,9,5,3,VRA
2639,6,8,5,3,VRA
2640,6,8,5,3,VRA
2641,6,8,5,3,VRA
2642,6,8,5,3,VRA
2643,6,8,5,3,VRA
2644,6,8,5,3,VRA
2645,6,8,5,3,VRA
2646,6,8,5,3,VRA
2647,6,8,5,3,VRA
2648,6,8,5,3,VRA
2649,6,8,5,3,VRA
2650,6,8,5,3,VRA
2651,6,8,5,3,VRA
2652,6,8,5,3,VRA
2653,6,8,5,3,VRA
2654,6,8,5,3,VRA
2655,6,8,5,3,VRA
2656,6,8,5,3,VRA
2657,6,8,5,3,VRA
2658,6,8,5,3,VRA
2659,6,8,5,3,VRA
2660,6,8,5,3,VRA
2661,6,8,5,3,VRA
2662,6,8,5,3,VRA
2663,6,8,5,3,VRA
2664,6,8,5,3,VRA
2665,6,8,5,3,VRA
2666,6,8,5,3,VRA
2667,6,8,5,2,VRA
2668,6,8,5,2,VRA
2669,6,8,5,1,VRA
2670,6,8,5,1,VRA
2671,6,8,5,1,VRA
2672,6,8,5,2,VRA
2673,6,8,5,2,VRA
2674,6,8,5,2,VRA
2675,6,8,5,2,VRA
2676,6,8,5,2,VRA
2677,6,8,5,2,VRA
2678,6,8,5,2,VRA
2679,6,8,5,2,VRA
2680,6,8,5,2,VRA
2681,6,8,5,2,VRA
2682,6,8,5,2,VRA
2683,6,8,5,2,VRA
2684,6,8,5,2,VRA
2685,6,8,5,2,VRA
2686,6,8,5,2,VRA
2687,6,8,5,2,VRA
2688,6,8,5,2,VRA
2689,6,8,5,2,VRA
2690,6,8,5,2,VRA
2691,6,8,5,2,VRA
2692,6,8,5,2,VRA
2693,6,8,5,2,VRA
2694,6,8,5,2,VRA
2695,6,8,5,2,VRA
2696,6,8,5,2,VRA
2697,6,8,5,2,VRA
2698,6,8,5,2,VRA
2699,6,8,5,2,VRA
2700,6,8,5,2,VRA
2701,6,8,5,2,VRA
2702,6,8,5,2,VRA
2703,6,8,5,2,VRA
2704,6,8,5,2,VRA
2705,6,8,5,2,VRA
2706,6,8,5,2,VRA
2707,6,8,5,2,VRA
2708,6,8,5,2,VRA
2709,6,8,5,2,VRA
2710,6,8,5,2,VRA
2711,6,8,5,2,VRA
2712,6,8,5,2,VRA
2713,6,8,5,2,VRA
2714,6,8,5,2,VRA
2715,6,8,5,2,VRA
2716,6,8,5,2,VRA
2717,6,8,5,2,VRA
2718,6,8,5,2,VRA
2719,6,8,5,2,VRA
2720,6,8,5,2,VRA
2721,6,8,5,2,VRA
2722,6,8,5,2,VRA
2723,6,8,5,2,VRA
2724,6,8,5,2,VRA
2725,6,8,5,2,VRA
2726,6,8,5,2,VRA
2727,6,8,5,2,VRA
2728,6,8,5,2,VRA
2729,6,8,5,2,VRA
2730,6,8,5,2,VRA
2731,6,8,5,2,VRA
2732,6,8,5,2,VRA
2733,6,8,5,2,VRA
2734,6,8,5,2,VRA
2735,6,8,5,2,VRA
2736,6,8,5,2,VRA
2737,6,8,5,2,VRA
2738,5,9,5,2,VRA
2739,5,9,5,2,VRA
2740,5,9,5,2,VRA
2741,5,9,5,2,VRA
2742,5,9,5,2,VRA
2743,5,9,5,2,VRA
2744,5,9,5,2,VRA
2745,5,9,5,2,VRA
2746,5,9,5,2,VRA
2747,5,9,5,2,VRA
2748,5,9,5,2,VRA
2749,5,9,5,2,VRA
2750,5,9,5,2,VRA
2751,5,9,5,3,VRA
2752,5,9,5,3,VRA
2753,5,9,5,3,VRA
2754,5,9,5,3,VRA
2755,5,9,5,3,VRA
2756,5,9,5,3,VRA
2757,5,9,5,3,VRA
2758,5,9,5,3,VRA
2759,5,9,5,3,VRA
2760,5,9,5,3,VRA
2761,5,9,5,3,VRA
2762,5,9,5,3,VRA
2763,5,9,5,3,VRA
2764,5,9,5,3,VRA
2765,5,9,5,3,VRA
2766,5,9,5,3,VRA
2767,5,9,5,2,VRA
2768,5,9,5,1,VRA
2769,5,9,5,1,VRA
2770,5,9,5,1,VRA
2771,5,9,5,1,VRA
2772,5,9,5,1,VRA
2773,5,9,5,1,VRA
2774,5,9,5,1,VRA
2775,5,9,5,1,VRA
2776,5,9,5,1,VRA
2777,5,9,5,1,VRA
2778,5,9,5,1,VRA
2779,5,9,5,1,VRA
2780,5,9,5,1,VRA
2781,5,9,5,1,VRA
2782,5,9,5,1,VRA
2783,5,9,5,1,VRA
2784,5,9,5,1,VRA
2785,5,9,5,1,VRA
2786,5,9,5,1,VRA
2787,5,9,5,2,VRA
2788,5,9,5,2,VRA
2789,5,9,5,2,VRA
2790,5,9,5,2,VRA
2791,5,9,5,2,VRA
2792,5,9,5,2,VRA
2793,5,9,5,1,VRA
2794,5,9,5,1,VRA
2795,5,9,5,1,VRA
2796,5,9,5,2,VRA
2797,5,9,5,2,VRA
2798,5,9,5,2,VRA
2799,5,9,5,2,VRA
2800,5,9,5,2,VRA
2801,5,9,5,2,VRA
2802,5,9,5,2,VRA
2803,5,9,5,2,VRA
2804,5,9,5,1,VRA
2805,5,9,5,1,VRA
2806,5,9,5,1,VRA
2807,5,9,5,1,VRA
2808,5,9,5,2,VRA
2809,5,9,5,2,VRA
2810,5,9,5,1,VRA
2811,5,9,5,1,VRA
2812,5,9,5,1,VRA
2813,5,9,5,1,VRA
2814,5,9,5,1,VRA
2815,5,9,5,1,VRA
2816,5,9,5,1,VRA
2817,5,9,5,1,VRA
2818,5,9,5,1,VRA
2819,5,9,5,1,VRA
2820,5,9,5,1,VRA
2821,5,9,5,1,VRA
2822,5,9,5,1,VRA
2823,5,9,5,1,VRA
2824,5,9,5,1,VRA
2825,5,9,5,1,VRA
2826,5,9,5,1,VRA
2827,5,9,5,1,VRA
2828,5,9,5,1,VRA
2829,5,9,5,1,VRA
2830,5,9,5,1,VRA
2831,5,9,5,1,VRA
2832,5,9,5,1,VRA
2833,5,9,5,1,VRA
2834,5,9,5,1,VRA
2835,5,9,5,1,VRA
2836,5,9,5,2,VRA
2837,5,9,5,2,VRA
2838,5,9,5,2,VRA
2839,5,9,5,2,VRA
2840,5,9,5,1,VRA
2841,5,9,5,2,VRA
2842,5,9,5,2,VRA
2843,5,9,5,2,VRA
2844,5,9,5,2,VRA
2845,5,9,5,2,VRA
2846,5,9,5,2,VRA
2847,5,9,5,2,VRA
2848,5,9,5,2,VRA
2849,5,9,5,2,VRA
2850,5,9,5,2,VRA
2851,5,9,5,1,VRA
2852,5,9,5,2,VRA
2853,5,9,5,2,VRA
2854,5,9,5,2,VRA
2855,5,9,5,2,VRA
2856,5,9,5,1,VRA
2857,5,9,5,1,VRA
2858,5,9,5,1,VRA
2859,5,9,5,1,VRA
2860,5,9,5,1,VRA
2861,5,9,5,1,VRA
2862,5,9,5,1,VRA
2863,5,9,5,1,VRA
2864,5,9,5,1,VRA
2865,5,9,5,1,VRA
2866,5,9,5,2,VRA
2867,5,9,5,2,VRA
2868,5,9,5,2,VRA
2869,5,9,5,2,VRA
2870,5,9,5,2,VRA
2871,5,9,5,2,VRA
2872,5,9,5,2,VRA
2873,5,9,5,2,VRA
2874,5,9,5,2,VRA
2875,5,9,5,2,VRA
2876,5,9,5,2,VRA
2877,5,9,5,2,VRA
2878,5,9,5,2,VRA
2879,5,9,5,2,VRA
2880,5,9,5,2,VRA
2881,5,9,5,2,VRA
2882,5,9,5,2,VRA
2883,5,9,5,2,VRA
2884,5,9,5,2,VRA
2885,5,9,5,2,VRA
2886,5,9,5,2,VRA
2887,5,9,5,2,VRA
2888,5,9,5,2,VRA
2889,5,9,5,2,VRA
2890,5,9,5,2,VRA
2891,5,9,5,2,VRA
2892,5,9,5,2,VRA
2893,5,9,5,2,VRA
2894,5,9,5,2,VRA
2895,5,9,5,2,VRA
2896,5,9,5,2,VRA
2897,5,9,5,2,VRA
2898,5,9,5,2,VRA
2899,5,9,5,2,VRA
2900,5,9,5,2,VRA
2901,5,9,5,2,VRA
2902,5,9,5,2,VRA
2903,5,9,5,2,VRA
2904,5,9,5,2,VRA
2905,5,9,5,2,VRA
2906,5,9,5,2,VRA
2907,5,9,5,2,VRA
2908,5,9,5,2,VRA
2909,5,9,5,2,VRA
2910,5,9,5,2,VRA
2911,5,9,5,2,VRA
2912,5,9,5,2,VRA
2913,5,9,5,2,VRA
2914,5,9,5,2,VRA
2915,5,9,5,2,VRA
2916,5,9,5,2,VRA
2917,5,9,5,2,VRA
2918,5,9,5,2,VRA
2919,5,9,5,2,VRA
2920,5,9,5,2,VRA
2921,5,9,5,2,VRA
2922,5,9,5,2,VRA
2923,5,9,5,2,VRA
2924,5,9,5,2,VRA
2925,5,9,5,2,VRA
2926,5,9,5,2,VRA
2927,5,9,5,2,VRA
2928,5,9,5,2,VRA
2929,5,9,5,2,VRA
2930,5,9,5,2,VRA
2931,5,9,5,2,VRA
2932,5,9,5,2,VRA
2933,5,9,5,2,VRA
2934,5,9,5,2,VRA
2935,5,9,5,2,VRA
2936,5,9,5,2,VRA
2937,5,9,5,2,VRA
2938,5,9,5,2,VRA
2939,5,9,5,2,VRA
2940,5,9,5,2,VRA
2941,5,9,5,2,VRA
2942,5,9,5,2,VRA
2943,5,9,5,2,VRA
2944,5,9,5,2,VRA
2945,5,9,5,2,VRA
2946,5,9,5,2,VRA
2947,5,9,5,2,VRA
2948,5,9,5,2,VRA
2949,5,9,5,2,VRA
2950,5,9,5,2,VRA
2951,5,9,5,2,VRA
2952,5,9,5,2,VRA
2953,5,9,5,2,VRA
2954,5,9,5,2,VRA
2955,5,9,5,2,VRA
2956,5,9,5,2,VRA
2957,5,9,5,2,VRA
2958,5,9,5,2,VRA
2959,5,9,5,2,VRA
2960,5,9,5,1,VRA
2961,5,9,5,1,VRA
2962,5,9,5,1,VRA
2963,5,9,5,1,VRA
2964,5,9,5,1,VRA
2965,5,9,5,1,VRA
2966,5,9,5,1,VRA
2967,5,9,5,1,VRA
2968,5,9,5,1,VRA
2969,5,9,5,1,VRA
2970,5,9,5,1,VRA
2971,5,9,5,1,VRA
2972,5,9,5,1,VRA
2973,5,9,5,1,VRA
2974,5,9,5,1,VRA
2975,5,9,5,1,VRA
2976,5,9,5,1,VRA
2977,5,9,5,1,VRA
2978,5,9,5,1,VRA
2979,5,9,5,1,VRA
2980,5,9,5,1,VRA
2981,6,8,5,1,VRA
2982,6,8,5,1,VRA
2983,6,8,5,1,VRA
2984,6,8,5,1,VRA
2985,6,8,5,1,VRA
2986,6,8,5,2,VRA
2987,6,8,5,2,VRA
2988,6,8,5,2,VRA
2989,6,8,5,2,VRA
2990,6,8,5,2,VRA
2991,6,8,5,2,VRA
2992,5,9,5,2,VRA
2993,5,9,5,2,VRA
2994,5,9,5,2,VRA
2995,5,9,5,2,VRA
2996,5,9,5,2,VRA
2997,5,9,5,2,VRA
2998,5,9,5,2,VRA
2999,5,9,5,2,VRA
3000,5,9,5,2,VRA
3001,5,9,5,2,VRA
3002,5,9,5,2,VRA
3003,5,9,5,2,VRA
3004,5,9,5,2,VRA
3005,5,9,5,2,VRA
3006,5,9,5,2,VRA
3007,5,9,5,2,VRA
3008,5,9,5,2,VRA
3009,5,9,5,2,VRA
3010,5,9,5,2,VRA
3011,5,9,5,2,VRA
3012,5,9,5,2,VRA
3013,5,9,5,2,VRA
3014,5,9,5,2,VRA
3015,5,9,5,2,VRA
3016,5,9,5,2,VRA
3017,5,9,5,2,VRA
3018,5,9,5,2,VRA
3019,5,9,5,2,VRA
3020,5,9,5,2,VRA
3021,5,9,5,2,VRA
3022,5,9,5,2,VRA
3023,5,9,5,2,VRA
3024,5,9,5,2,VRA
3025,5,9,5,2,VRA
3026,5,9,5,2,VRA
3027,5,9,5,2,VRA
3028,5,9,5,2,VRA
3029,5,9,5,2,VRA
3030,5,9,5,2,VRA
3031,5,9,5,2,VRA
3032,5,9,5,2,VRA
3033,5,9,5,2,VRA
3034,5,9,5,2,VRA
3035,5,9,5,2,VRA
3036,5,9,5,2,VRA
3037,5,9,5,2,VRA
3038,5,9,5,2,VRA
3039,5,9,5,2,VRA
3040,5,9,5,2,VRA
3041,5,9,5,2,VRA
3042,5,9,5,2,VRA
3043,5,9,5,2,VRA
3044,5,9,5,2,VRA
3045,5,9,5,2,VRA
3046,5,9,5,2,VRA
3047,5,9,5,2,VRA
3048,5,9,5,2,VRA
3049,5,9,5,2,VRA
3050,5,9,5,2,VRA
3051,5,9,5,3,VRA
3052,5,9,5,2,VRA
3053,5,9,5,2,VRA
3054,5,9,5,2,VRA
3055,5,9,5,2,VRA
3056,5,9,5,2,VRA
3057,5,9,5,2,VRA
3058,5,9,5,2,VRA
3059,5,9,5,2,VRA
3060,5,9,5,2,VRA
3061,5,9,5,2,VRA
3062,5,9,5,2,VRA
3063,5,9,5,2,VRA
3064,5,9,5,2,VRA
3065,5,9,5,3,VRA
3066,5,9,5,3,VRA
3067,5,9,5,3,VRA
3068,5,9,5,3,VRA
3069,5,9,5,3,VRA
3070,5,9,5,2,VRA
3071,5,9,5,1,VRA
3072,5,9,5,1,VRA
3073,5,9,5,2,VRA
3074,5,9,5,2,VRA
3075,5,9,5,2,VRA
3076,5,9,5,2,VRA
3077,5,9,5,2,VRA
3078,5,9,5,2,VRA
3079,5,9,5,2,VRA
3080,5,9,5,2,VRA
3081,5,9,5,2,VRA
3082,5,9,5,2,VRA
3083,5,9,5,2,VRA
3084,5,9,5,2,VRA
3085,5,9,5,2,VRA
3086,5,9,5,2,VRA
3087,5,9,5,2,VRA
3088,6,8,5,2,VRA
3089,6,8,5,2,VRA
3090,6,8,5,1,VRA
3091,6,8,5,1,VRA
3092,6,8,5,1,VRA
3093,6,8,5,1,VRA
3094,6,8,5,1,VRA
3095,6,8,5,1,VRA
3096,5,9,5,1,VRA
3097,5,9,5,1,VRA
3098,5,9,5,2,VRA
3099,5,9,5,2,VRA
3100,5,9,5,2,VRA
3101,5,9,5,2,VRA
3102,5,9,5,2,VRA
3103,5,9,5,2,VRA
3104,5,9,5,2,VRA
3105,5,9,5,2,VRA
3106,5,9,5,2,VRA
3107,5,9,5,2,VRA
3108,6,8,5,2,VRA
3109,6,8,5,2,VRA
3110,6,8,5,2,VRA
3111,6,8,5,2,VRA
3112,6,8,5,2,VRA
3113,6,8,5,2,VRA
3114,6,8,5,2,VRA
3115,6,8,5,2,VRA
3116,6,8,5,2,VRA
3117,6,8,5,2,VRA
3118,6,8,5,2,VRA
3119,6,8,5,2,VRA
3120,6,8,5,2,VRA
3121,6,8,5,2,VRA
3122,6,8,5,2,VRA
3123,6,8,5,2,VRA
3124,6,8,5,2,VRA
3125,6,8,5,2,VRA
3126,6,8,5,2,VRA
3127,6,8,5,2,VRA
3128,6,8,5,2,VRA
3129,6,8,5,2,VRA
3130,6,8,5,2,VRA
3131,6,8,5,2,VRA
3132,6,8,5,2,VRA
3133,6,8,5,2,VRA
3134,6,8,5,2,VRA
3135,6,8,5,2,VRA
3136,6,8,5,2,VRA
3137,6,8,5,2,VRA
3138,6,8,5,2,VRA
3139,6,8,5,2,VRA
3140,6,8,5,2,VRA
3141,6,8,5,2,VRA
3142,6,8,5,2,VRA
3143,6,8,5,2,VRA
3144,6,8,5,2,VRA
3145,6,8,5,2,VRA
3146,6,8,5,2,VRA
3147,6,8,5,1,VRA
3148,6,8,5,1,VRA
3149,6,8,6,1,VRA
3150,6,8,6,1,VRA
3151,6,8,6,1,VRA
3152,6,8,6,1,VRA
3153,6,8,6,2,VRA
3154,6,8,6,2,VRA
3155,6,8,6,2,VRA
3156,6,8,6,2,VRA
3157,6,8,5,2,VRA
3158,6,8,5,2,VRA
3159,6,8,5,2,VRA
3160,6,8,5,2,VRA
3161,6,8,5,2,VRA
3162,6,8,5,2,VRA
3163,6,8,5,2,VRA
3164,6,8,5,2,VRA
3165,6,8,5,2,VRA
3166,6,8,5,2,VRA
3167,6,8,5,2,VRA
3168,6,8,5,2,VRA
3169,6,8,5,2,VRA
3170,6,8,5,2,VRA
3171,6,8,5,2,VRA
3172,6,8,5,2,VRA
3173,6,8,5,2,VRA
3174,6,8,5,2,VRA
3175,6,8,5,2,VRA
3176,6,8,5,2,VRA
3177,6,8,5,2,VRA
3178,6,8,5,2,VRA
3179,6,8,5,2,VRA
3180,6,8,5,2,VRA
3181,6,8,5,1,VRA
3182,6,8,5,1,VRA
3183,6,8,5,1,VRA
3184,6,8,5,1,VRA
3185,6,8,5,1,VRA
3186,6,8,5,1,VRA
3187,6,8,5,1,VRA
3188,6,8,5,1,VRA
3189,6,8,5,1,VRA
3190,6,8,5,1,VRA
3191,6,8,5,1,VRA
3192,6,8,5,1,VRA
3193,6,8,5,1,VRA
3194,6,8,5,1,VRA
3195,6,8,5,1,VRA
3196,6,8,5,1,VRA
3197,5,9,5,1,VRA
3198,5,9,5,1,VRA
3199,5,9,5,1,VRA
3200,5,9,5,1,VRA
3201,5,9,5,1,VRA
3202,5,9,5,1,VRA
3203,5,9,5,1,VRA
3204,5,9,5,2,VRA
3205,5,9,5,2,VRA
3206,5,9,5,2,VRA
3207,5,9,5,2,VRA
3208,5,9,5,2,VRA
3209,5,9,5,2,VRA
3210,6,8,5,2,VRA
3211,6,8,5,2,VRA
3212,6,8,5,2,VRA
3213,6,8,5,2,VRA
3214,6,8,5,2,VRA
3215,6,8,5,2,VRA
3216,6,8,5,2,VRA
3217,6,8,5,2,VRA
3218,6,8,5,2,VRA
3219,6,8,5,2,VRA
3220,6,8,5,2,VRA
3221,6,8,5,2,VRA
3222,6,8,5,2,VRA
3223,6,8,5,1,VRA
3224,6,8,5,1,VRA
3225,6,8,5,1,VRA
3226,6,8,5,1,VRA
3227,6,8,5,1,VRA
3228,6,8,5,1,VRA
3229,6,8,5,1,VRA
3230,6,8,5,1,VRA
3231,6,8,5,1,VRA
3232,6,8,5,1,VRA
3233,6,8,5,1,VRA
3234,6,8,5,1,VRA
3235,6,8,5,1,VRA
3236,6,8,5,1,VRA
3237,6,8,5,1,VRA
3238,6,8,5,1,VRA
3239,6,8,5,1,VRA
3240,6,8,5,2,VRA
3241,6,8,5,2,VRA
3242,6,8,5,2,VRA
3243,6,8,5,2,VRA
3244,6,8,5,2,VRA
3245,6,8,5,2,VRA
3246,6,8,5,2,VRA
3247,6,8,5,2,VRA
3248,6,8,5,2,VRA
3249,6,8,5,2,VRA
3250,6,8,5,2,VRA
3251,6,8,5,2,VRA
3252,6,8,5,2,VRA
3253,6,8,5,2,VRA
3254,6,8,5,2,VRA
3255,6,8,5,2,VRA
3256,6,8,5,2,VRA
3257,6,8,5,2,VRA
3258,6,8,5,2,VRA
3259,6,8,5,2,VRA
3260,6,8,5,2,VRA
3261,5,9,5,2,VRA
3262,5,9,5,2,VRA
3263,5,9,5,2,VRA
3264,5,9,5,2,VRA
3265,5,9,5,2,VRA
3266,5,9,5,1,VRA
3267,5,9,5,1,VRA
3268,5,9,5,1,VRA
3269,5,9,5,1,VRA
3270,5,9,5,1,VRA
3271,5,9,5,1,VRA
3272,5,9,5,1,VRA
3273,5,9,5,1,VRA
3274,5,9,5,2,VRA
3275,5,9,5,2,VRA
3276,5,9,5,2,VRA
3277,5,9,5,2,VRA
3278,5,9,5,2,VRA
3279,5,9,5,2,VRA
3280,5,9,5,2,VRA
3281,5,9,5,2,VRA
3282,5,9,5,2,VRA
3283,5,9,5,2,VRA
3284,5,9,5,1,VRA
3285,5,9,5,2,VRA
3286,5,9,5,2,VRA
3287,5,9,5,2,VRA
3288,5,9,5,2,VRA
3289,5,9,5,2,VRA
3290,5,9,5,2,VRA
3291,5,9,5,2,VRA
3292,5,9,5,2,VRA
3293,5,9,5,2,VRA
3294,5,9,5,2,VRA
3295,5,9,5,2,VRA
3296,5,9,5,2,VRA
3297,5,9,5,2,VRA
3298,5,9,5,2,VRA
3299,5,9,5,2,VRA
3300,5,9,5,2,VRA
3301,5,9,5,2,VRA
3302,5,9,5,2,VRA
3303,5,9,5,2,VRA
3304,5,9,5,2,VRA
3305,5,9,5,2,VRA
3306,5,9,5,2,VRA
3307,5,9,5,2,VRA
3308,5,9,5,2,VRA
3309,5,9,5,2,VRA
3310,5,9,5,2,VRA
3311,6,8,5,2,VRA
3312,6,8,5,2,VRA
3313,6,8,5,2,VRA
3314,6,8,5,2,VRA
3315,6,8,5,2,VRA
3316,6,8,5,2,VRA
3317,6,8,5,2,VRA
3318,6,8,5,2,VRA
3319,6,8,5,2,VRA
3320,6,8,5,2,VRA
3321,5,9,5,2,VRA
3322,5,9,5,2,VRA
3323,5,9,5,2,VRA
3324,5,9,5,2,VRA
3325,5,9,5,2,VRA
3326,5,9,5,2,VRA
3327,5,9,5,2,VRA
3328,5,9,5,2,VRA
3329,5,9,5,2,VRA
3330,6,8,5,2,VRA
3331,6,8,5,2,VRA
3332,6,8,5,2,VRA
3333,6,8,5,2,VRA
3334,6,8,5,2,VRA
3335,6,8,5,2,VRA
3336,6,8,5,2,VRA
3337,6,8,5,2,VRA
3338,6,8,5,2,VRA
3339,6,8,5,2,VRA
3340,6,8,5,2,VRA
3341,6,8,5,2,VRA
3342,6,8,5,2,VRA
3343,6,8,5,2,VRA
3344,6,8,5,2,VRA
3345,6,8,5,2,VRA
3346,6,8,5,2,VRA
3347,6,8,5,2,VRA
3348,6,8,5,2,VRA
3349,6,8,5,2,VRA
3350,6,8,5,2,VRA
3351,6,8,5,2,VRA
3352,6,8,5,2,VRA
3353,6,8,5,2,VRA
3354,6,8,5,2,VRA
3355,6,8,5,2,VRA
3356,6,8,5,2,VRA
3357,6,8,5,2,VRA
3358,6,8,5,2,VRA
3359,6,8,5,2,VRA
3360,6,8,5,2,VRA
3361,6,8,5,2,VRA
3362,6,8,5,2,VRA
3363,6,8,5,2,VRA
3364,6,8,5,2,VRA
3365,6,8,5,2,VRA
3366,6,8,5,2,VRA
3367,6,8,5,2,VRA
3368,6,8,5,2,VRA
3369,6,8,5,2,VRA
3370,5,9,5,2,VRA
3371,5,9,5,2,VRA
3372,5,9,5,2,VRA
3373,5,9,5,2,VRA
3374,5,9,5,2,VRA
3375,5,9,5,2,VRA
3376,5,9,5,2,VRA
3377,5,9,5,2,VRA
3378,5,9,5,2,VRA
3379,6,8,5,2,VRA
3380,6,8,5,2,VRA
3381,5,9,5,2,VRA
3382,5,9,5,2,VRA
3383,5,9,5,2,VRA
3384,5,9,5,2,VRA
3385,5,9,5,2,VRA
3386,5,9,5,2,VRA
3387,6,8,5,2,VRA
3388,6,8,5,2,VRA
3389,6,8,5,2,VRA
3390,6,8,5,2,VRA
3391,6,8,5,2,VRA
3392,6,8,5,2,VRA
3393,6,8,5,2,VRA
3394,6,8,5,2,VRA
3395,6,8,5,2,VRA
3396,6,8,5,2,VRA
3397,6,8,5,2,VRA
3398,6,8,5,2,VRA
3399,6,8,5,2,VRA
3400,6,8,5,2,VRA
3401,6,8,5,2,VRA
3402,6,8,5,2,VRA
3403,6,8,5,2,VRA
3404,5,9,5,2,VRA
3405,5,9,5,2,VRA
3406,5,9,5,2,VRA
3407,5,9,5,2,VRA
3408,5,9,5,2,VRA
3409,5,9,5,2,VRA
3410,5,9,5,2,VRA
3411,6,8,5,2,VRA
3412,5,9,5,2,VRA
3413,6,8,5,2,VRA
3414,6,8,5,1,VRA
3415,6,8,5,1,VRA
3416,6,8,5,1,VRA
3417,6,8,5,1,VRA
3418,6,8,5,1,VRA
3419,6,8,5,1,VRA
3420,6,8,5,1,VRA
3421,6,8,5,1,VRA
3422,6,8,5,1,VRA
3423,6,8,5,1,VRA
3424,6,8,5,1,VRA
3425,5,9,5,1,VRA
3426,5,9,5,2,VRA
3427,5,9,5,2,VRA
3428,5,9,5,2,VRA
3429,5,9,5,2,VRA
3430,5,9,5,2,VRA
3431,5,9,5,2,VRA
3432,5,9,5,2,VRA
3433,5,9,5,2,VRA
3434,5,9,5,2,VRA
3435,5,9,5,2,VRA
3436,5,9,5,2,VRA
3437,5,9,5,2,VRA
3438,5,9,5,2,VRA
3439,5,9,5,2,VRA
3440,5,9,5,1,VRA
3441,5,9,5,1,VRA
3442,5,9,5,1,VRA
3443,5,9,5,1,VRA
3444,5,9,5,1,VRA
3445,5,9,5,1,VRA
3446,5,9,5,1,VRA
3447,5,9,5,1,VRA
3448,5,9,5,2,VRA
3449,5,9,5,2,VRA
3450,5,9,5,1,VRA
3451,5,9,5,1,VRA
3452,5,9,5,1,VRA
3453,5,9,5,1,VRA
3454,5,9,5,1,VRA
3455,5,9,5,1,VRA
3456,5,9,5,1,VRA
3457,5,9,5,1,VRA
3458,5,9,5,1,VRA
3459,5,9,5,1,VRA
3460,5,9,5,1,VRA
3461,5,9,5,1,VRA
3462,5,9,5,1,VRA
3463,5,9,5,1,VRA
3464,5,9,5,1,VRA
3465,5,9,5,1,VRA
3466,5,9,5,2,VRA
3467,5,9,5,1,VRA
3468,5,9,5,1,VRA
3469,5,9,5,1,VRA
3470,5,9,5,1,VRA
3471,6,8,5,1,VRA
3472,6,8,5,1,VRA
3473,6,8,5,1,VRA
3474,6,8,5,1,VRA
3475,6,8,5,1,VRA
3476,6,8,5,1,VRA
3477,6,8,5,1,VRA
3478,6,8,5,1,VRA
3479,6,8,5,1,VRA
3480,6,8,5,1,VRA
3481,6,8,5,1,VRA
3482,6,8,5,1,VRA
3483,6,8,5,1,VRA
3484,6,8,5,1,VRA
3485,6,8,5,1,VRA
3486,6,8,5,1,VRA
3487,6,8,5,1,VRA
3488,6,8,5,1,VRA
3489,6,8,5,1,VRA
3490,6,8,5,1,VRA
3491,6,8,5,1,VRA
3492,6,8,5,1,VRA
3493,6,8,5,1,VRA
3494,6,8,5,1,VRA
3495,6,8,5,1,VRA
3496,6,8,5,1,VRA
3497,6,8,5,1,VRA
3498,6,8,5,1,VRA
3499,6,8,5,1,VRA
3500,6,8,5,1,VRA
3501,6,8,5,1,VRA
3502,6,8,5,1,VRA
3503,6,8,5,1,VRA
3504,6,8,5,1,VRA
3505,6,8,5,1,VRA
3506,6,8,5,1,VRA
3507,6,8,5,1,VRA
3508,6,8,5,1,VRA
3509,6,8,5,1,VRA
3510,6,8,5,1,VRA
3511,6,8,5,1,VRA
3512,6,8,5,1,VRA
3513,6,8,5,1,VRA
3514,6,8,5,1,VRA
3515,6,8,5,1,VRA
3516,6,8,5,1,VRA
3517,6,8,5,1,VRA
3518,6,8,5,1,VRA
3519,6,8,5,1,VRA
3520,6,8,5,1,VRA
3521,6,8,5,2,VRA
3522,6,8,5,2,VRA
3523,6,8,5,2,VRA
3524,6,8,5,2,VRA
3525,6,8,5,2,VRA
3526,6,8,5,2,VRA
3527,6,8,5,2,VRA
3528,6,8,5,2,VRA
3529,6,8,5,2,VRA
3530,6,8,5,2,VRA
3531,6,8,5,2,VRA
3532,6,8,5,2,VRA
3533,6,8,5,2,VRA
3534,6,8,5,2,VRA
3535,6,8,5,2,VRA
3536,6,8,5,2,VRA
3537,6,8,5,2,VRA
3538,6,8,5,1,VRA
3539,6,8,5,1,VRA
3540,6,8,5,1,VRA
3541,6,8,5,1,VRA
3542,6,8,5,1,VRA
3543,6,8,5,1,VRA
3544,6,8,5,2,VRA
3545,6,8,5,2,VRA
3546,6,8,5,2,VRA
3547,6,8,5,2,VRA
3548,5,9,5,2,VRA
3549,6,8,5,2,VRA
3550,6,8,5,2,VRA
3551,6,8,5,2,VRA
3552,6,8,5,1,VRA
3553,5,9,5,1,VRA
3554,5,9,5,1,VRA
3555,6,8,5,1,VRA
3556,6,8,5,1,VRA
3557,6,8,5,1,VRA
3558,6,8,5,1,VRA
3559,6,8,5,1,VRA
3560,6,8,5,1,VRA
3561,6,8,5,1,VRA
3562,6,8,5,1,VRA
3563,6,8,5,1,VRA
3564,6,8,5,1,VRA
3565,6,8,5,1,VRA
3566,6,8,5,1,VRA
3567,6,8,5,1,VRA
3568,6,8,5,1,VRA
3569,6,8,5,1,VRA
3570,6,8,5,1,VRA
3571,6,8,5,1,VRA
3572,6,8,5,1,VRA
3573,6,8,5,1,VRA
3574,6,8,5,1,VRA
3575,6,8,5,1,VRA
3576,6,8,5,1,VRA
3577,6,8,5,1,VRA
3578,5,9,5,1,VRA
3579,5,9,5,1,VRA
3580,5,9,5,2,VRA
3581,5,9,5,2,VRA
3582,5,9,5,2,VRA
3583,5,9,5,1,VRA
3584,5,9,5,1,VRA
3585,5,9,5,1,VRA
3586,5,9,5,1,VRA
3587,5,9,5,1,VRA
3588,5,9,5,1,VRA
3589,5,9,5,1,VRA
3590,5,9,5,1,VRA
3591,5,9,5,1,VRA
3592,5,9,5,1,VRA
3593,5,9,5,1,VRA
3594,5,9,5,1,VRA
3595,5,9,5,1,VRA
3596,5,9,5,1,VRA
3597,5,9,5,1,VRA
3598,5,9,5,1,VRA
3599,5,9,5,1,VRA
3600,5,9,5,1,VRA
3601,5,9,5,1,VRA
3602,5,9,5,1,VRA
3603,5,9,5,1,VRA
3604,5,9,5,1,VRA
3605,5,9,5,1,VRA
3606,5,9,5,1,VRA
3607,5,9,5,1,VRA
3608,6,8,5,1,VRA
3609,6,8,5,1,VRA
3610,6,8,5,1,VRA
3611,6,8,5,1,VRA
3612,6,8,5,1,VRA
3613,6,8,5,1,VRA
3614,6,8,5,1,VRA
3615,6,8,5,1,VRA
3616,6,8,5,1,VRA
3617,6,8,5,1,VRA
3618,6,8,5,1,VRA
3619,6,8,5,1,VRA
3620,6,8,5,1,VRA
3621,6,8,5,1,VRA
3622,6,8,5,1,VRA
3623,6,8,5,1,VRA
3624,6,8,5,1,VRA
3625,6,8,5,1,VRA
3626,6,8,5,1,VRA
3627,6,8,5,1,VRA
3628,6,8,5,1,VRA
3629,6,8,5,1,VRA
3630,6,8,5,1,VRA
3631,6,8,5,1,VRA
3632,6,8,5,1,VRA
3633,6,8,5,1,VRA
3634,6,8,5,1,VRA
3635,6,8,5,1,VRA
3636,6,8,5,1,VRA
3637,6,8,5,1,VRA
3638,6,8,5,1,VRA
3639,6,8,5,1,VRA
3640,6,8,5,1,VRA
3641,6,8,5,1,VRA
3642,6,8,5,1,VRA
3643,6,8,5,1,VRA
3644,6,8,5,1,VRA
3645,6,8,5,1,VRA
3646,6,8,5,1,VRA
3647,6,8,5,1,VRA
3648,6,8,5,1,VRA
3649,6,8,5,1,VRA
3650,6,8,5,1,VRA
3651,6,8,5,1,VRA
3652,6,8,5,1,VRA
3653,6,8,5,1,VRA
3654,6,8,5,1,VRA
3655,6,8,5,1,VRA
3656,6,8,5,1,VRA
3657,6,8,5,1,VRA
3658,6,8,5,1,VRA
3659,6,8,5,1,VRA
3660,6,8,5,1,VRA
3661,6,8,5,1,VRA
3662,6,8,5,1,VRA
3663,6,8,5,1,VRA
3664,6,8,5,1,VRA
3665,6,8,5,1,VRA
3666,6,8,5,1,VRA
3667,6,8,5,1,VRA
3668,6,8,5,1,VRA
3669,6,8,5,1,VRA
3670,6,8,5,1,VRA
3671,6,8,5,1,VRA
3672,6,8,5,2,VRA
3673,6,8,5,2,VRA
3674,6,8,5,2,VRA
3675,6,8,5,2,VRA
3676,6,8,5,2,VRA
3677,6,8,5,2,VRA
3678,6,8,5,2,VRA
3679,6,8,5,2,VRA
3680,6,8,5,2,VRA
3681,6,8,5,2,VRA
3682,6,8,5,1,VRA
3683,6,8,5,1,VRA
3684,6,8,5,1,VRA
3685,6,8,5,1,VRA
3686,6,8,5,1,VRA
3687,6,8,5,1,VRA
3688,6,8,5,1,VRA
3689,6,8,5,1,VRA
3690,6,8,5,1,VRA
3691,6,8,5,1,VRA
3692,6,8,5,1,VRA
3693,6,8,6,1,VRA
3694,6,8,6,1,VRA
3695,6,8,5,1,VRA
3696,6,8,5,1,VRA
3697,6,8,5,1,VRA
3698,6,8,5,1,VRA
3699,6,8,5,1,VRA
3700,6,8,5,1,VRA
3701,6,8,5,1,VRA
3702,7,7,6,1,VRA
3703,6,8,5,1,VRA
3704,6,8,5,1,VRA
3705,6,8,5,1,VRA
3706,6,8,5,1,VRA
3707,6,8,5,1,VRA
3708,6,8,5,1,VRA
3709,6,8,5,1,VRA
3710,6,8,5,1,VRA
3711,6,8,5,1,VRA
3712,6,8,5,1,VRA
3713,6,8,5,1,VRA
3714,6,8,5,1,VRA
3715,6,8,5,1,VRA
3716,6,8,5,1,VRA
3717,5,9,5,1,VRA
3718,5,9,5,1,VRA
3719,5,9,5,2,VRA
3720,5,9,5,2,VRA
3721,5,9,5,2,VRA
3722,6,8,5,2,VRA
3723,6,8,5,2,VRA
3724,5,9,5,2,VRA
3725,5,9,5,2,VRA
3726,5,9,5,2,VRA
3727,6,8,5,2,VRA
3728,6,8,5,2,VRA
3729,6,8,5,2,VRA
3730,6,8,5,1,VRA
3731,6,8,5,1,VRA
3732,6,8,5,1,VRA
3733,6,8,5,1,VRA
3734,6,8,5,1,VRA
3735,6,8,5,1,VRA
3736,6,8,5,1,VRA
3737,6,8,5,1,VRA
3738,6,8,5,1,VRA
3739,6,8,5,1,VRA
3740,6,8,5,1,VRA
3741,6,8,5,1,VRA
3742,6,8,5,1,VRA
3743,6,8,5,1,VRA
3744,6,8,5,1,VRA
3745,6,8,5,1,VRA
3746,6,8,5,1,VRA
3747,6,8,5,1,VRA
3748,6,8,5,1,VRA
3749,6,8,5,1,VRA
3750,6,8,5,1,VRA
3751,6,8,5,1,VRA
3752,5,9,5,1,VRA
3753,5,9,5,1,VRA
3754,5,9,5,1,VRA
3755,5,9,5,1,VRA
3756,5,9,5,1,VRA
3757,5,9,5,1,VRA
3758,5,9,5,1,VRA
3759,5,9,5,1,VRA
3760,5,9,5,1,VRA
3761,5,9,5,1,VRA
3762,5,9,5,1,VRA
3763,5,9,5,1,VRA
3764,5,9,5,1,VRA
3765,5,9,5,1,VRA
3766,5,9,5,1,VRA
3767,5,9,5,1,VRA
3768,6,8,5,1,VRA
3769,6,8,5,1,VRA
3770,6,8,5,1,VRA
3771,6,8,5,1,VRA
3772,6,8,5,1,VRA
3773,6,8,5,1,VRA
3774,6,8,5,1,VRA
3775,6,8,5,1,VRA
3776,6,8,5,1,VRA
3777,6,8,5,1,VRA
3778,6,8,5,1,VRA
3779,6,8,5,1,VRA
3780,6,8,5,1,VRA
3781,6,8,5,1,VRA
3782,6,8,5,1,VRA
3783,6,8,5,1,VRA
3784,6,8,5,1,VRA
3785,6,8,5,1,VRA
3786,6,8,5,1,VRA
3787,5,9,5,1,VRA
3788,5,9,5,1,VRA
3789,5,9,5,1,VRA
3790,5,9,5,1,VRA
3791,6,8,5,1,VRA
3792,6,8,5,1,VRA
3793,6,8,5,1,VRA
3794,5,9,5,1,VRA
3795,5,9,5,1,VRA
3796,5,9,5,1,VRA
3797,5,9,5,1,VRA
3798,5,9,5,1,VRA
3799,5,9,5,2,VRA
3800,5,9,5,2,VRA
3801,5,9,5,2,VRA
3802,5,9,5,2,VRA
3803,5,9,5,2,VRA
3804,5,9,5,1,VRA
3805,5,9,5,1,VRA
3806,6,8,5,1,VRA
3807,6,8,5,1,VRA
3808,6,8,5,2,VRA
3809,6,8,5,3,VRA
3810,6,8,5,3,VRA
3811,6,8,5,3,VRA
3812,5,9,5,3,VRA
3813,5,9,5,3,VRA
3814,5,9,5,3,VRA
3815,5,9,5,2,VRA
3816,5,9,5,2,VRA
3817,5,9,5,2,VRA
3818,5,9,5,2,VRA
3819,5,9,5,2,VRA
3820,5,9,5,2,VRA
3821,5,9,5,2,VRA
3822,5,9,5,2,VRA
3823,5,9,5,2,VRA
3824,5,9,5,2,VRA
3825,5,9,5,2,VRA
3826,5,9,5,2,VRA
3827,5,9,5,2,VRA
3828,5,9,5,2,VRA
3829,5,9,5,1,VRA
3830,5,9,5,1,VRA
3831,5,9,5,1,VRA
3832,5,9,5,1,VRA
3833,5,9,5,1,VRA
3834,5,9,5,1,VRA
3835,5,9,5,1,VRA
3836,5,9,5,1,VRA
3837,5,9,5,1,VRA
3838,5,9,5,1,VRA
3839,5,9,5,1,VRA
3840,5,9,5,1,VRA
3841,5,9,5,2,VRA
3842,5,9,5,2,VRA
3843,5,9,5,2,VRA
3844,5,9,5,2,VRA
3845,5,9,5,2,VRA
3846,5,9,5,2,VRA
3847,5,9,5,2,VRA
3848,5,9,5,2,VRA
3849,5,9,5,2,VRA
3850,6,8,5,2,VRA
3851,6,8,5,2,VRA
3852,6,8,5,2,VRA
3853,6,8,5,1,VRA
3854,6,8,5,1,VRA
3855,6,8,5,1,VRA
3856,6,8,5,1,VRA
3857,6,8,5,1,VRA
3858,6,8,5,1,VRA
3859,6,8,5,1,VRA
3860,6,8,5,1,VRA
3861,6,8,5,1,VRA
3862,6,8,5,1,VRA
3863,6,8,5,1,VRA
3864,6,8,5,1,VRA
3865,6,8,5,1,VRA
3866,6,8,5,1,VRA
3867,6,8,5,1,VRA
3868,6,8,5,2,VRA
3869,6,8,5,2,VRA
3870,6,8,5,2,VRA
3871,6,8,5,2,VRA
3872,6,8,5,2,VRA
3873,6,8,5,2,VRA
3874,6,8,5,2,VRA
3875,6,8,5,2,VRA
3876,6,8,5,2,VRA
3877,6,8,5,2,VRA
3878,6,8,5,3,VRA
3879,5,9,5,3,VRA
3880,5,9,5,3,VRA
3881,5,9,5,3,VRA
3882,5,9,5,3,VRA
3883,5,9,5,3,VRA
3884,5,9,5,3,VRA
3885,5,9,5,3,VRA
3886,5,9,5,3,VRA
3887,5,9,5,3,VRA
3888,5,9,5,3,VRA
3889,5,9,5,3,VRA
3890,5,9,5,3,VRA
3891,5,9,5,3,VRA
3892,5,9,5,3,VRA
3893,5,9,5,3,VRA
3894,5,9,5,3,VRA
3895,5,9,5,3,VRA
3896,5,9,5,3,VRA
3897,5,9,5,3,VRA
3898,5,9,5,3,VRA
3899,5,9,5,3,VRA
3900,5,9,5,3,VRA
3901,5,9,5,3,VRA
3902,5,9,5,3,VRA
3903,5,9,5,3,VRA
3904,5,9,5,3,VRA
3905,5,9,5,3,VRA
3906,5,9,5,2,VRA
3907,5,9,5,2,VRA
3908,5,9,5,2,VRA
3909,5,9,5,2,VRA
3910,5,9,5,2,VRA
3911,5,9,5,2,VRA
3912,5,9,5,2,VRA
3913,6,8,5,2,VRA
3914,6,8,5,2,VRA
3915,6,8,5,2,VRA
3916,6,8,5,2,VRA
3917,6,8,5,2,VRA
3918,6,8,5,2,VRA
3919,6,8,5,2,VRA
3920,6,8,5,2,VRA
3921,6,8,5,3,VRA
3922,6,8,5,3,VRA
3923,6,8,5,3,VRA
3924,6,8,5,3,VRA
3925,6,8,5,3,VRA
3926,6,8,5,3,VRA
3927,6,8,5,3,VRA
3928,6,8,5,3,VRA
3929,6,8,5,3,VRA
3930,5,9,5,3,VRA
3931,5,9,5,3,VRA
3932,5,9,5,3,VRA
3933,5,9,5,3,VRA
3934,5,9,5,3,VRA
3935,5,9,5,3,VRA
3936,6,8,5,3,VRA
3937,6,8,5,3,VRA
3938,6,8,5,3,VRA
3939,6,8,5,2,VRA
3940,6,8,5,2,VRA
3941,6,8,5,2,VRA
3942,6,8,5,2,VRA
3943,5,9,5,2,VRA
3944,5,9,5,2,VRA
3945,5,9,5,2,VRA
3946,5,9,5,3,VRA
3947,5,9,5,3,VRA
3948,5,9,5,3,VRA
3949,5,9,5,2,VRA
3950,5,9,5,2,VRA
3951,5,9,5,2,VRA
3952,5,9,5,2,VRA
3953,5,9,5,2,VRA
3954,5,9,5,2,VRA
3955,5,9,5,2,VRA
3956,5,9,5,2,VRA
3957,5,9,5,2,VRA
3958,5,9,5,2,VRA
3959,5,9,5,2,VRA
3960,5,9,5,2,VRA
3961,5,9,5,2,VRA
3962,5,9,5,2,VRA
3963,5,9,5,2,VRA
3964,5,9,5,2,VRA
3965,6,8,5,2,VRA
3966,6,8,5,2,VRA
3967,6,8,5,2,VRA
3968,6,8,5,2,VRA
3969,6,8,5,2,VRA
3970,6,8,5,2,VRA
3971,6,8,5,2,VRA
3972,6,8,5,2,VRA
3973,6,8,5,2,VRA
3974,6,8,5,2,VRA
3975,6,8,5,2,VRA
3976,6,8,5,2,VRA
3977,6,8,6,2,VRA
3978,6,8,5,2,VRA
3979,6,8,5,2,VRA
3980,5,9,5,2,VRA
3981,5,9,5,2,VRA
3982,5,9,5,2,VRA
3983,5,9,5,2,VRA
3984,5,9,5,2,VRA
3985,5,9,5,2,VRA
3986,5,9,5,2,VRA
3987,5,9,5,2,VRA
3988,5,9,5,2,VRA
3989,5,9,5,2,VRA
3990,5,9,5,2,VRA
3991,5,9,5,2,VRA
3992,5,9,5,2,VRA
3993,5,9,5,2,VRA
3994,5,9,5,2,VRA
3995,5,9,5,2,VRA
3996,5,9,5,2,VRA
3997,5,9,5,2,VRA
3998,5,9,5,2,VRA
3999,5,9,5,2,VRA
4000,5,9,5,2,VRA
4001,5,9,5,2,VRA
4002,5,9,5,2,VRA
4003,5,9,5,2,VRA
4004,5,9,5,2,VRA
4005,5,9,5,2,VRA
4006,5,9,5,2,VRA
4007,5,9,5,2,VRA
4008,6,8,6,2,VRA
4009,5,9,5,2,VRA
4010,5,9,5,2,VRA
4011,5,9,5,2,VRA
4012,5,9,5,2,VRA
4013,5,9,5,2,VRA
4014,5,9,5,2,VRA
4015,5,9,5,2,VRA
4016,5,9,5,2,VRA
4017,5,9,5,2,VRA
4018,5,9,5,2,VRA
4019,5,9,5,2,VRA
4020,5,9,5,2,VRA
4021,5,9,5,2,VRA
4022,5,9,5,2,VRA
4023,5,9,5,2,VRA
4024,5,9,5,2,VRA
4025,5,9,5,2,VRA
4026,5,9,5,2,VRA
4027,5,9,5,2,VRA
4028,5,9,5,2,VRA
4029,5,9,5,2,VRA
4030,5,9,5,2,VRA
4031,5,9,5,2,VRA
4032,5,9,5,2,VRA
4033,5,9,5,2,VRA
4034,5,9,5,2,VRA
4035,5,9,5,2,VRA
4036,5,9,5,2,VRA
4037,5,9,5,2,VRA
4038,5,9,5,2,VRA
4039,5,9,5,2,VRA
4040,5,9,5,2,VRA
4041,5,9,5,2,VRA
4042,6,8,5,2,VRA
4043,6,8,5,2,VRA
4044,6,8,5,2,VRA
4045,6,8,5,2,VRA
4046,6,8,5,2,VRA
4047,6,8,5,2,VRA
4048,6,8,5,2,VRA
4049,6,8,5,2,VRA
4050,6,8,5,2,VRA
4051,6,8,5,2,VRA
4052,6,8,5,2,VRA
4053,6,8,5,2,VRA
4054,6,8,5,2,VRA
4055,6,8,5,2,VRA
4056,6,8,5,2,VRA
4057,6,8,5,1,VRA
4058,6,8,5,1,VRA
4059,6,8,5,1,VRA
4060,6,8,5,1,VRA
4061,6,8,5,1,VRA
4062,6,8,5,1,VRA
4063,6,8,5,1,VRA
4064,6,8,5,1,VRA
4065,6,8,5,1,VRA
4066,6,8,5,1,VRA
4067,6,8,5,1,VRA
4068,6,8,5,1,VRA
4069,6,8,5,1,VRA
4070,6,8,5,1,VRA
4071,6,8,5,1,VRA
4072,6,8,5,1,VRA
4073,6,8,6,1,VRA
4074,6,8,6,1,VRA
4075,6,8,6,1,VRA
4076,6,8,6,1,VRA
4077,6,8,5,1,VRA
4078,6,8,5,1,VRA
4079,6,8,5,1,VRA
4080,6,8,5,1,VRA
4081,6,8,5,1,VRA
4082,6,8,5,1,VRA
4083,6,8,5,1,VRA
4084,6,8,5,1,VRA
4085,6,8,5,1,VRA
4086,6,8,6,1,VRA
4087,6,8,6,1,VRA
4088,6,8,6,1,VRA
4089,6,8,6,1,VRA
4090,6,8,6,1,VRA
4091,6,8,6,1,VRA
4092,6,8,6,1,VRA
4093,6,8,6,1,VRA
4094,6,8,6,1,VRA
4095,6,8,6,1,VRA
4096,6,8,6,1,VRA
4097,6,8,6,1,VRA
4098,6,8,5,1,VRA
4099,6,8,5,1,VRA
4100,6,8,5,1,VRA
4101,6,8,5,1,VRA
4102,6,8,5,1,VRA
4103,6,8,5,1,VRA
4104,6,8,5,1,VRA
4105,6,8,5,1,VRA
4106,6,8,5,1,VRA
4107,6,8,5,1,VRA
4108,6,8,5,1,VRA
4109,6,8,5,1,VRA
4110,6,8,5,1,VRA
4111,6,8,5,1,VRA
4112,6,8,6,1,VRA
4113,6,8,6,1,VRA
4114,6,8,6,1,VRA
4115,6,8,6,1,VRA
4116,6,8,6,1,VRA
4117,6,8,6,1,VRA
4118,6,8,6,1,VRA
4119,6,8,5,1,VRA
4120,6,8,5,1,VRA
4121,6,8,6,1,VRA
4122,6,8,6,1,VRA
4123,6,8,6,1,VRA
4124,6,8,6,1,VRA
4125,6,8,6,1,VRA
4126,6,8,6,1,VRA
4127,6,8,6,1,VRA
4128,6,8,6,1,VRA
4129,6,8,6,1,VRA
4130,6,8,6,1,VRA
4131,6,8,6,1,VRA
4132,6,8,6,1,VRA
4133,6,8,6,1,VRA
4134,6,8,6,1,VRA
4135,6,8,6,1,VRA
4136,6,8,6,1,VRA
4137,6,8,6,1,VRA
4138,6,8,6,1,VRA
4139,6,8,6,1,VRA
4140,6,8,6,2,VRA
4141,6,8,5,2,VRA
4142,6,8,5,2,VRA
4143,6,8,5,2,VRA
4144,6,8,5,2,VRA
4145,6,8,5,2,VRA
4146,6,8,5,2,VRA
4147,6,8,5,2,VRA
4148,6,8,5,2,VRA
4149,6,8,5,2,VRA
4150,6,8,5,2,VRA
4151,6,8,5,2,VRA
4152,6,8,5,2,VRA
4153,6,8,5,2,VRA
4154,6,8,5,2,VRA
4155,6,8,5,2,VRA
4156,6,8,5,2,VRA
4157,6,8,5,2,VRA
4158,6,8,5,2,VRA
4159,6,8,5,2,VRA
4160,6,8,5,2,VRA
4161,6,8,5,2,VRA
4162,6,8,5,2,VRA
4163,6,8,5,2,VRA
4164,6,8,5,2,VRA
4165,6,8,5,2,VRA
4166,6,8,5,2,VRA
4167,6,8,5,2,VRA
4168,6,8,5,2,VRA
4169,6,8,5,2,VRA
4170,6,8,5,2,VRA
4171,6,8,5,2,VRA
4172,6,8,5,2,VRA
4173,6,8,5,2,VRA
4174,6,8,5,2,VRA
4175,6,8,5,2,VRA
4176,6,8,5,2,VRA
4177,6,8,5,2,VRA
4178,6,8,5,2,VRA
4179,6,8,5,2,VRA
4180,6,8,5,2,VRA
4181,6,8,5,2,VRA
4182,6,8,5,2,VRA
4183,6,8,5,2,VRA
4184,6,8,5,2,VRA
4185,6,8,5,2,VRA
4186,6,8,5,2,VRA
4187,6,8,5,2,VRA
4188,6,8,5,2,VRA
4189,6,8,5,2,VRA
4190,6,8,5,2,VRA
4191,6,8,5,2,VRA
4192,6,8,5,2,VRA
4193,6,8,5,2,VRA
4194,6,8,5,1,VRA
4195,6,8,5,1,VRA
4196,6,8,5,1,VRA
4197,6,8,5,1,VRA
4198,6,8,5,1,VRA
4199,6,8,5,1,VRA
4200,6,8,5,1,VRA
4201,6,8,5,1,VRA
4202,6,8,5,1,VRA
4203,6,8,5,1,VRA
4204,6,8,5,1,VRA
4205,6,8,5,1,VRA
4206,6,8,5,1,VRA
4207,6,8,5,1,VRA
4208,6,8,5,1,VRA
4209,6,8,5,1,VRA
4210,6,8,5,1,VRA
4211,6,8,5,1,VRA
4212,6,8,5,1,VRA
4213,6,8,5,1,VRA
4214,6,8,5,2,VRA
4215,6,8,5,2,VRA
4216,6,8,5,2,VRA
4217,6,8,5,2,VRA
4218,6,8,5,1,VRA
4219,6,8,5,1,VRA
4220,6,8,5,1,VRA
4221,6,8,5,1,VRA
4222,6,8,5,2,VRA
4223,6,8,5,2,VRA
4224,6,8,5,2,VRA
4225,6,8,5,2,VRA
4226,6,8,5,2,VRA
4227,6,8,5,2,VRA
4228,6,8,5,2,VRA
4229,6,8,5,2,VRA
4230,6,8,5,1,VRA
4231,6,8,5,1,VRA
4232,6,8,5,1,VRA
4233,6,8,5,2,VRA
4234,6,8,5,2,VRA
4235,6,8,5,2,VRA
4236,6,8,5,1,VRA
4237,6,8,5,1,VRA
4238,5,9,5,1,VRA
4239,5,9,5,1,VRA
4240,5,9,5,1,VRA
4241,5,9,5,1,VRA
4242,5,9,5,1,VRA
4243,5,9,5,1,VRA
4244,5,9,5,1,VRA
4245,5,9,5,2,VRA
4246,5,9,5,1,VRA
4247,5,9,5,1,VRA
4248,5,9,5,1,VRA
4249,5,9,5,1,VRA
4250,5,9,5,1,VRA
4251,6,8,5,1,VRA
4252,6,8,5,1,VRA
4253,6,8,5,1,VRA
4254,6,8,5,1,VRA
4255,6,8,5,1,VRA
4256,6,8,5,1,VRA
4257,6,8,5,1,VRA
4258,6,8,5,1,VRA
4259,6,8,5,2,VRA
4260,6,8,5,2,VRA
4261,6,8,5,2,VRA
4262,6,8,5,2,VRA
4263,6,8,5,2,VRA
4264,6,8,5,2,VRA
4265,6,8,5,3,VRA
4266,6,8,5,3,VRA
4267,6,8,5,3,VRA
4268,6,8,5,3,VRA
4269,6,8,5,3,VRA
4270,6,8,5,3,VRA
4271,6,8,5,3,VRA
4272,6,8,5,3,VRA
4273,6,8,5,3,VRA
4274,6,8,5,3,VRA
4275,6,8,5,3,VRA
4276,6,8,5,3,VRA
4277,6,8,5,3,VRA
4278,6,8,5,2,VRA
4279,6,8,5,2,VRA
4280,6,8,5,2,VRA
4281,6,8,5,2,VRA
4282,6,8,5,2,VRA
4283,6,8,5,3,VRA
4284,6,8,5,3,VRA
4285,6,8,5,3,VRA
4286,6,8,5,3,VRA
4287,6,8,5,3,VRA
4288,6,8,5,3,VRA
4289,6,8,5,3,VRA
4290,6,8,5,3,VRA
4291,6,8,5,3,VRA
4292,6,8,5,3,VRA
4293,6,8,5,3,VRA
4294,6,8,5,3,VRA
4295,6,8,5,3,VRA
4296,6,8,5,3,VRA
4297,6,8,5,3,VRA
4298,6,8,5,3,VRA
4299,6,8,5,3,VRA
4300,6,8,5,3,VRA
4301,6,8,5,3,VRA
4302,6,8,5,2,VRA
4303,6,8,5,2,VRA
4304,6,8,5,2,VRA
4305,6,8,5,2,VRA
4306,6,8,5,2,VRA
4307,6,8,5,2,VRA
4308,6,8,5,2,VRA
4309,6,8,5,2,VRA
4310,6,8,5,2,VRA
4311,6,8,5,2,VRA
4312,6,8,5,2,VRA
4313,6,8,5,2,VRA
4314,6,8,5,2,VRA
4315,6,8,5,2,VRA
4316,6,8,5,2,VRA
4317,6,8,5,2,VRA
4318,6,8,5,1,VRA
4319,6,8,5,1,VRA
4320,6,8,5,2,VRA
4321,6,8,5,2,VRA
4322,6,8,5,2,VRA
4323,6,8,5,2,VRA
4324,6,8,5,2,VRA
4325,6,8,5,1,VRA
4326,6,8,5,1,VRA
4327,6,8,5,1,VRA
4328,6,8,5,2,VRA
4329,6,8,5,2,VRA
4330,6,8,5,2,VRA
4331,6,8,5,2,VRA
4332,6,8,5,2,VRA
4333,6,8,5,2,VRA
4334,6,8,5,2,VRA
4335,6,8,5,2,VRA
4336,6,8,5,2,VRA
4337,6,8,5,2,VRA
4338,6,8,5,2,VRA
4339,6,8,5,2,VRA
4340,6,8,5,2,VRA
4341,6,8,5,2,VRA
4342,6,8,5,2,VRA
4343,6,8,5,2,VRA
4344,6,8,5,2,VRA
4345,6,8,5,2,VRA
4346,6,8,5,2,VRA
4347,6,8,5,2,VRA
4348,6,8,5,1,VRA
4349,6,8,5,1,VRA
4350,6,8,5,1,VRA
4351,6,8,5,1,VRA
4352,6,8,5,2,VRA
4353,6,8,5,2,VRA
4354,6,8,5,2,VRA
4355,6,8,5,2,VRA
4356,6,8,5,2,VRA
4357,6,8,5,2,VRA
4358,6,8,5,2,VRA
4359,6,8,5,2,VRA
4360,6,8,5,2,VRA
4361,6,8,5,2,VRA
4362,6,8,5,1,VRA
4363,6,8,5,1,VRA
4364,6,8,5,1,VRA
4365,6,8,6,1,VRA
4366,6,8,6,1,VRA
4367,6,8,6,1,VRA
4368,6,8,6,1,VRA
4369,6,8,6,1,VRA
4370,6,8,6,1,VRA
4371,6,8,6,1,VRA
4372,6,8,6,1,VRA
4373,6,8,6,1,VRA
4374,6,8,6,1,VRA
4375,6,8,5,1,VRA
4376,6,8,5,1,VRA
4377,6,8,5,1,VRA
4378,6,8,5,1,VRA
4379,6,8,5,1,VRA
4380,6,8,5,1,VRA
4381,6,8,5,1,VRA
4382,6,8,5,1,VRA
4383,6,8,5,2,VRA
4384,6,8,5,2,VRA
4385,6,8,5,2,VRA
4386,6,8,5,2,VRA
4387,6,8,5,2,VRA
4388,6,8,5,2,VRA
4389,6,8,5,2,VRA
4390,6,8,5,2,VRA
4391,6,8,5,2,VRA
4392,6,8,5,2,VRA
4393,6,8,5,2,VRA
4394,6,8,5,2,VRA
4395,6,8,5,2,VRA
4396,6,8,5,1,VRA
4397,6,8,5,2,VRA
4398,6,8,6,2,VRA
4399,6,8,6,2,VRA
4400,6,8,5,2,VRA
4401,6,8,5,2,VRA
4402,6,8,5,2,VRA
4403,6,8,5,2,VRA
4404,6,8,5,2,VRA
4405,6,8,5,2,VRA
4406,6,8,5,2,VRA
4407,6,8,5,2,VRA
4408,6,8,5,2,VRA
4409,6,8,5,2,VRA
4410,6,8,5,2,VRA
4411,6,8,6,2,VRA
4412,6,8,6,2,VRA
4413,6,8,6,2,VRA
4414,5,9,5,2,VRA
4415,5,9,5,2,VRA
4416,5,9,5,2,VRA
4417,5,9,5,2,VRA
4418,5,9,5,2,VRA
4419,5,9,5,2,VRA
4420,5,9,5,2,VRA
4421,5,9,5,2,VRA
4422,5,9,5,2,VRA
4423,5,9,5,2,VRA
4424,5,9,5,2,VRA
4425,5,9,5,2,VRA
4426,5,9,5,2,VRA
4427,5,9,5,2,VRA
4428,5,9,5,2,VRA
4429,5,9,5,2,VRA
4430,5,9,5,2,VRA
4431,5,9,5,2,VRA
4432,5,9,5,2,VRA
4433,5,9,5,2,VRA
4434,5,9,5,2,VRA
4435,5,9,5,2,VRA
4436,5,9,5,2,VRA
4437,5,9,5,2,VRA
4438,5,9,5,2,VRA
4439,6,8,6,2,VRA
4440,6,8,6,2,VRA
4441,6,8,6,2,VRA
4442,5,9,5,2,VRA
4443,5,9,5,2,VRA
4444,5,9,5,2,VRA
4445,6,8,6,2,VRA
4446,6,8,6,2,VRA
4447,6,8,6,2,VRA
4448,6,8,6,2,VRA
4449,6,8,6,2,VRA
4450,6,8,6,2,VRA
4451,6,8,6,2,VRA
4452,6,8,6,2,VRA
4453,6,8,5,2,VRA
4454,6,8,5,2,VRA
4455,6,8,6,2,VRA
4456,6,8,6,2,VRA
4457,6,8,6,1,VRA
4458,6,8,6,1,VRA
4459,6,8,6,1,VRA
4460,6,8,5,2,VRA
4461,6,8,5,2,VRA
4462,6,8,5,2,VRA
4463,6,8,5,2,VRA
4464,6,8,5,2,VRA
4465,6,8,5,2,VRA
4466,6,8,5,2,VRA
4467,6,8,5,2,VRA
4468,6,8,5,2,VRA
4469,6,8,5,2,VRA
4470,6,8,5,2,VRA
4471,6,8,5,2,VRA
4472,6,8,5,2,VRA
4473,6,8,5,2,VRA
4474,6,8,5,2,VRA
4475,6,8,5,2,VRA
4476,6,8,5,2,VRA
4477,6,8,5,2,VRA
4478,6,8,5,2,VRA
4479,6,8,5,2,VRA
4480,6,8,5,2,VRA
4481,6,8,5,2,VRA
4482,6,8,5,2,VRA
4483,6,8,5,2,VRA
4484,6,8,5,2,VRA
4485,6,8,5,2,VRA
4486,6,8,5,2,VRA
4487,6,8,5,2,VRA
4488,6,8,5,2,VRA
4489,6,8,5,2,VRA
4490,6,8,5,2,VRA
4491,6,8,5,2,VRA
4492,6,8,5,2,VRA
4493,6,8,5,2,VRA
4494,6,8,5,2,VRA
4495,6,8,5,2,VRA
4496,6,8,5,2,VRA
4497,6,8,5,2,VRA
4498,6,8,5,2,VRA
4499,6,8,5,2,VRA
4500,6,8,5,2,VRA
4501,6,8,5,2,VRA
4502,6,8,5,2,VRA
4503,6,8,5,2,VRA
4504,6,8,5,2,VRA
4505,6,8,5,2,VRA
4506,6,8,5,2,VRA
4507,6,8,5,2,VRA
4508,6,8,5,2,VRA
4509,6,8,5,2,VRA
4510,5,9,5,2,VRA
4511,5,9,5,2,VRA
4512,6,8,5,2,VRA
4513,6,8,5,2,VRA
4514,6,8,5,2,VRA
4515,6,8,5,2,VRA
4516,6,8,5,2,VRA
4517,6,8,5,2,VRA
4518,6,8,5,2,VRA
4519,5,9,5,2,VRA
4520,5,9,5,2,VRA
4521,5,9,5,2,VRA
4522,5,9,5,2,VRA
4523,5,9,5,2,VRA
4524,5,9,5,2,VRA
4525,5,9,5,2,VRA
4526,5,9,5,2,VRA
4527,5,9,5,2,VRA
4528,5,9,5,2,VRA
4529,5,9,5,2,VRA
4530,5,9,5,2,VRA
4531,5,9,5,2,VRA
4532,5,9,5,2,VRA
4533,5,9,5,2,VRA
4534,5,9,5,2,VRA
4535,5,9,5,2,VRA
4536,5,9,5,2,VRA
4537,5,9,5,2,VRA
4538,5,9,5,2,VRA
4539,5,9,5,2,VRA
4540,5,9,5,2,VRA
4541,5,9,5,2,VRA
4542,5,9,5,2,VRA
4543,5,9,5,2,VRA
4544,5,9,5,2,VRA
4545,5,9,5,2,VRA
4546,5,9,5,2,VRA
4547,5,9,5,2,VRA
4548,5,9,5,2,VRA
4549,5,9,5,2,VRA
4550,5,9,5,2,VRA
4551,5,9,5,2,VRA
4552,5,9,5,2,VRA
4553,5,9,5,2,VRA
4554,5,9,5,2,VRA
4555,5,9,5,2,VRA
4556,5,9,5,2,VRA
4557,5,9,5,2,VRA
4558,5,9,5,2,VRA
4559,5,9,5,2,VRA
4560,5,9,5,2,VRA
4561,5,9,5,2,VRA
4562,5,9,5,2,VRA
4563,5,9,5,2,VRA
4564,5,9,5,2,VRA
4565,5,9,5,2,VRA
4566,5,9,5,2,VRA
4567,5,9,5,2,VRA
4568,5,9,5,2,VRA
4569,5,9,5,2,VRA
4570,5,9,5,2,VRA
4571,5,9,5,2,VRA
4572,5,9,5,2,VRA
4573,5,9,5,2,VRA
4574,5,9,5,1,VRA
4575,5,9,5,2,VRA
4576,5,9,5,2,VRA
4577,5,9,5,2,VRA
4578,5,9,5,2,VRA
4579,5,9,5,2,VRA
4580,5,9,5,2,VRA
4581,5,9,5,2,VRA
4582,5,9,5,2,VRA
4583,5,9,5,2,VRA
4584,5,9,5,2,VRA
4585,5,9,5,2,VRA
4586,5,9,5,2,VRA
4587,5,9,5,2,VRA
4588,5,9,5,2,VRA
4589,5,9,5,2,VRA
4590,5,9,5,1,VRA
4591,5,9,5,1,VRA
4592,5,9,5,1,VRA
4593,5,9,5,1,VRA
4594,5,9,5,1,VRA
4595,5,9,5,2,VRA
4596,5,9,5,2,VRA
4597,5,9,5,2,VRA
4598,5,9,5,2,VRA
4599,5,9,5,2,VRA
4600,5,9,5,2,VRA
4601,5,9,5,2,VRA
4602,5,9,5,2,VRA
4603,5,9,5,2,VRA
4604,5,9,5,2,VRA
4605,5,9,5,2,VRA
4606,5,9,5,2,VRA
4607,5,9,5,2,VRA
4608,5,9,5,2,VRA
4609,5,9,5,2,VRA
4610,5,9,5,2,VRA
4611,5,9,5,2,VRA
4612,5,9,5,2,VRA
4613,5,9,5,2,VRA
4614,5,9,5,2,VRA
4615,5,9,5,2,VRA
4616,5,9,5,2,VRA
4617,5,9,5,2,VRA
4618,5,9,5,2,VRA
4619,5,9,5,2,VRA
4620,5,9,5,2,VRA
4621,5,9,5,2,VRA
4622,5,9,5,2,VRA
4623,5,9,5,2,VRA
4624,5,9,5,2,VRA
4625,5,9,5,2,VRA
4626,5,9,5,2,VRA
4627,5,9,5,2,VRA
4628,5,9,5,2,VRA
4629,5,9,5,2,VRA
4630,5,9,5,2,VRA
4631,5,9,5,2,VRA
4632,5,9,5,2,VRA
4633,5,9,5,2,VRA
4634,5,9,5,2,VRA
4635,5,9,5,2,VRA
4636,5,9,5,2,VRA
4637,5,9,5,2,VRA
4638,5,9,5,2,VRA
4639,5,9,5,2,VRA
4640,5,9,5,2,VRA
4641,5,9,5,2,VRA
4642,5,9,5,2,VRA
4643,5,9,5,3,VRA
4644,5,9,5,3,VRA
4645,5,9,5,3,VRA
4646,5,9,5,3,VRA
4647,5,9,5,3,VRA
4648,5,9,5,2,VRA
4649,5,9,5,2,VRA
4650,5,9,5,2,VRA
4651,5,9,5,2,VRA
4652,5,9,5,2,VRA
4653,5,9,5,2,VRA
4654,5,9,5,2,VRA
4655,5,9,5,2,VRA
4656,5,9,5,2,VRA
4657,5,9,5,2,VRA
4658,5,9,5,2,VRA
4659,5,9,5,2,VRA
4660,5,9,5,2,VRA
4661,5,9,5,2,VRA
4662,5,9,5,2,VRA
4663,5,9,5,2,VRA
4664,5,9,5,2,VRA
4665,5,9,5,2,VRA
4666,5,9,5,2,VRA
4667,5,9,5,2,VRA
4668,5,9,5,2,VRA
4669,5,9,5,2,VRA
4670,5,9,5,2,VRA
4671,5,9,5,2,VRA
4672,5,9,5,2,VRA
4673,5,9,5,2,VRA
4674,5,9,5,2,VRA
4675,5,9,5,2,VRA
4676,5,9,5,2,VRA
4677,5,9,5,2,VRA
4678,5,9,5,2,VRA
4679,5,9,5,2,VRA
4680,5,9,5,2,VRA
4681,5,9,5,2,VRA
4682,5,9,5,2,VRA
4683,5,9,5,2,VRA
4684,5,9,5,2,VRA
4685,5,9,5,2,VRA
4686,5,9,5,2,VRA
4687,5,9,5,2,VRA
4688,5,9,5,2,VRA
4689,5,9,5,2,VRA
4690,5,9,5,2,VRA
4691,5,9,5,2,VRA
4692,5,9,5,2,VRA
4693,5,9,5,2,VRA
4694,5,9,5,2,VRA
4695,5,9,5,2,VRA
4696,5,9,5,2,VRA
4697,5,9,5,2,VRA
4698,5,9,5,2,VRA
4699,5,9,5,2,VRA
4700,5,9,5,2,VRA
4701,5,9,5,2,VRA
4702,5,9,5,2,VRA
4703,5,9,5,2,VRA
4704,6,8,5,2,VRA
4705,6,8,5,2,VRA
4706,6,8,5,2,VRA
4707,6,8,5,2,VRA
4708,6,8,5,2,VRA
4709,6,8,5,2,VRA
4710,6,8,5,2,VRA
4711,6,8,5,2,VRA
4712,6,8,5,2,VRA
4713,6,8,5,2,VRA
4714,5,9,5,2,VRA
4715,5,9,5,2,VRA
4716,5,9,5,2,VRA
4717,5,9,5,2,VRA
4718,5,9,5,2,VRA
4719,5,9,5,3,VRA
4720,5,9,5,3,VRA
4721,5,9,5,3,VRA
4722,5,9,5,3,VRA
4723,6,8,5,3,VRA
4724,6,8,5,3,VRA
4725,6,8,5,3,VRA
4726,6,8,5,3,VRA
4727,6,8,5,3,VRA
4728,6,8,5,3,VRA
4729,6,8,5,3,VRA
4730,6,8,5,3,VRA
4731,6,8,5,3,VRA
4732,6,8,5,3,VRA
4733,6,8,5,3,VRA
4734,6,8,5,3,VRA
4735,6,8,5,3,VRA
4736,6,8,5,3,VRA
4737,6,8,5,2,VRA
4738,5,9,5,2,VRA
4739,5,9,5,2,VRA
4740,5,9,5,3,VRA
4741,5,9,5,2,VRA
4742,5,9,5,2,VRA
4743,5,9,5,2,VRA
4744,5,9,5,2,VRA
4745,5,9,5,2,VRA
4746,5,9,5,2,VRA
4747,5,9,5,2,VRA
4748,5,9,5,2,VRA
4749,5,9,5,2,VRA
4750,5,9,5,2,VRA
4751,5,9,5,2,VRA
4752,5,9,5,2,VRA
4753,5,9,5,2,VRA
4754,5,9,5,2,VRA
4755,5,9,5,2,VRA
4756,5,9,5,2,VRA
4757,5,9,5,2,VRA
4758,5,9,5,2,VRA
4759,5,9,5,2,VRA
4760,5,9,5,2,VRA
4761,5,9,5,2,VRA
4762,5,9,5,2,VRA
4763,5,9,5,2,VRA
4764,5,9,5,2,VRA
4765,5,9,5,2,VRA
4766,5,9,5,2,VRA
4767,5,9,5,2,VRA
4768,5,9,5,1,VRA
4769,5,9,5,2,VRA
4770,6,8,5,2,VRA
4771,6,8,5,2,VRA
4772,6,8,5,2,VRA
4773,6,8,5,2,VRA
4774,6,8,5,2,VRA
4775,6,8,5,2,VRA
4776,6,8,5,2,VRA
4777,6,8,5,2,VRA
4778,6,8,5,2,VRA
4779,6,8,5,2,VRA
4780,6,8,5,2,VRA
4781,6,8,5,2,VRA
4782,6,8,5,2,VRA
4783,6,8,5,2,VRA
4784,6,8,5,2,VRA
4785,6,8,5,2,VRA
4786,6,8,5,2,VRA
4787,6,8,5,2,VRA
4788,6,8,5,2,VRA
4789,6,8,5,2,VRA
4790,6,8,5,2,VRA
4791,6,8,5,2,VRA
4792,6,8,5,2,VRA
4793,6,8,5,2,VRA
4794,5,9,5,2,VRA
4795,5,9,5,2,VRA
4796,5,9,5,2,VRA
4797,5,9,5,2,VRA
4798,5,9,5,2,VRA
4799,5,9,5,2,VRA
4800,5,9,5,2,VRA
4801,5,9,5,2,VRA
4802,5,9,5,2,VRA
4803,5,9,5,2,VRA
4804,5,9,5,2,VRA
4805,5,9,5,2,VRA
4806,5,9,5,2,VRA
4807,5,9,5,2,VRA
4808,5,9,5,2,VRA
4809,5,9,5,2,VRA
4810,5,9,5,2,VRA
4811,5,9,5,2,VRA
4812,5,9,5,2,VRA
4813,5,9,5,2,VRA
4814,6,8,5,2,VRA
4815,6,8,5,2,VRA
4816,6,8,5,2,VRA
4817,6,8,5,2,VRA
4818,6,8,5,2,VRA
4819,6,8,5,2,VRA
4820,6,8,5,2,VRA
4821,6,8,5,1,VRA
4822,6,8,5,1,VRA
4823,6,8,5,1,VRA
4824,6,8,5,1,VRA
4825,6,8,5,1,VRA
4826,5,9,5,1,VRA
4827,5,9,5,1,VRA
4828,5,9,5,1,VRA
4829,5,9,5,1,VRA
4830,5,9,5,2,VRA
4831,6,8,6,2,VRA
4832,6,8,6,2,VRA
4833,6,8,6,2,VRA
4834,6,8,6,2,VRA
4835,6,8,6,2,VRA
4836,6,8,6,2,VRA
4837,5,9,5,2,VRA
4838,5,9,5,2,VRA
4839,5,9,5,2,VRA
4840,6,8,5,2,VRA
4841,6,8,5,2,VRA
4842,6,8,5,2,VRA
4843,6,8,5,2,VRA
4844,6,8,5,2,VRA
4845,6,8,5,2,VRA
4846,6,8,5,2,VRA
4847,5,9,5,2,VRA
4848,5,9,5,2,VRA
4849,5,9,5,2,VRA
4850,5,9,5,2,VRA
4851,5,9,5,2,VRA
4852,5,9,5,2,VRA
4853,5,9,5,2,VRA
4854,5,9,5,2,VRA
4855,5,9,5,2,VRA
4856,5,9,5,2,VRA
4857,5,9,5,2,VRA
4858,5,9,5,2,VRA
4859,5,9,5,2,VRA
4860,5,9,5,2,VRA
4861,5,9,5,2,VRA
4862,5,9,5,2,VRA
4863,5,9,5,2,VRA
4864,5,9,5,2,VRA
4865,5,9,5,2,VRA
4866,5,9,5,2,VRA
4867,5,9,5,2,VRA
4868,5,9,5,2,VRA
4869,5,9,5,2,VRA
4870,5,9,5,2,VRA
4871,5,9,5,2,VRA
4872,5,9,5,2,VRA
4873,5,9,5,2,VRA
4874,5,9,5,2,VRA
4875,5,9,5,2,VRA
4876,5,9,5,2,VRA
4877,5,9,5,2,VRA
4878,5,9,5,2,VRA
4879,5,9,5,2,VRA
4880,5,9,5,2,VRA
4881,5,9,5,2,VRA
4882,5,9,5,2,VRA
4883,5,9,5,2,VRA
4884,5,9,5,2,VRA
4885,5,9,5,1,VRA
4886,5,9,5,2,VRA
4887,5,9,5,2,VRA
4888,5,9,5,2,VRA
4889,5,9,5,2,VRA
4890,5,9,5,2,VRA
4891,5,9,5,2,VRA
4892,5,9,5,3,VRA
4893,5,9,5,3,VRA
4894,5,9,5,3,VRA
4895,5,9,5,3,VRA
4896,5,9,5,3,VRA
4897,5,9,5,3,VRA
4898,5,9,5,3,VRA
4899,5,9,5,3,VRA
4900,5,9,5,3,VRA
4901,5,9,5,3,VRA
4902,5,9,5,3,VRA
4903,5,9,5,3,VRA
4904,5,9,5,3,VRA
4905,5,9,5,3,VRA
4906,5,9,5,3,VRA
4907,5,9,5,3,VRA
4908,5,9,5,3,VRA
4909,5,9,5,3,VRA
4910,5,9,5,3,VRA
4911,5,9,5,3,VRA
4912,5,9,5,2,VRA
4913,5,9,5,2,VRA
4914,5,9,5,3,VRA
4915,5,9,5,2,VRA
4916,5,9,5,3,VRA
4917,5,9,5,3,VRA
4918,5,9,5,3,VRA
4919,5,9,5,3,VRA
4920,5,9,5,3,VRA
4921,5,9,5,3,VRA
4922,5,9,5,3,VRA
4923,5,9,5,3,VRA
4924,5,9,5,3,VRA
4925,5,9,5,3,VRA
4926,5,9,5,3,VRA
4927,5,9,5,3,VRA
4928,5,9,5,3,VRA
4929,5,9,5,3,VRA
4930,5,9,5,3,VRA
4931,5,9,5,3,VRA
4932,5,9,5,3,VRA
4933,5,9,5,3,VRA
4934,5,9,5,2,VRA
4935,5,9,5,2,VRA
4936,5,9,5,3,VRA
4937,5,9,5,3,VRA
4938,5,9,5,3,VRA
4939,5,9,5,3,VRA
4940,5,9,5,3,VRA
4941,5,9,5,3,VRA
4942,5,9,5,3,VRA
4943,5,9,5,3,VRA
4944,5,9,5,3,VRA
4945,5,9,5,3,VRA
4946,5,9,5,3,VRA
4947,5,9,5,3,VRA
4948,5,9,5,3,VRA
4949,5,9,5,3,VRA
4950,5,9,5,3,VRA
4951,5,9,5,3,VRA
4952,5,9,5,3,VRA
4953,5,9,5,3,VRA
4954,5,9,5,3,VRA
4955,5,9,5,3,VRA
4956,5,9,5,3,VRA
4957,5,9,5,3,VRA
4958,5,9,5,3,VRA
4959,5,9,5,3,VRA
4960,5,9,5,3,VRA
4961,5,9,5,3,VRA
4962,5,9,5,3,VRA
4963,5,9,5,3,VRA
4964,5,9,5,3,VRA
4965,5,9,5,3,VRA
4966,5,9,5,3,VRA
4967,5,9,5,3,VRA
4968,5,9,5,3,VRA
4969,5,9,5,3,VRA
4970,5,9,5,3,VRA
4971,5,9,5,3,VRA
4972,5,9,5,2,VRA
4973,5,9,5,2,VRA
4974,5,9,5,2,VRA
4975,5,9,5,2,VRA
4976,5,9,5,2,VRA
4977,5,9,5,2,VRA
4978,5,9,5,2,VRA
4979,5,9,5,2,VRA
4980,5,9,5,2,VRA
4981,5,9,5,2,VRA
4982,5,9,5,2,VRA
4983,5,9,5,2,VRA
4984,5,9,5,2,VRA
4985,5,9,5,2,VRA
4986,5,9,5,2,VRA
4987,5,9,5,2,VRA
4988,6,8,6,1,VRA
4989,6,8,6,0,VRA
4990,6,8,6,0,VRA
4991,6,8,6,0,VRA
4992,6,8,5,0,VRA
4993,6,8,5,1,VRA
4994,6,8,5,1,VRA
4995,6,8,5,1,VRA
4996,6,8,5,1,VRA
4997,6,8,5,1,VRA
4998,6,8,5,1,VRA
4999,6,8,5,1,VRA
