Unique_ID,num_neighbors
05001-11 - McFall,5.0
05001-12 - Crockett,3.0
05001-13 - Keaton,8.0
05001-14 - Mill Bayou,7.0
05001-15 - Almyra,1.0
05001-21 - Prairie,8.0
05001-22 - Lagrue,10.0
05001-23 - St. Charles,1.0
05001-31 - Chester,6.0
05001-32 - Arkansas,7.0
05001-33 - Stanley,8.0
05001-34 - Gillett Ward 1,3.0
05001-35 - Gillett Ward 2,3.0
05001-36 - Gillett Ward 3,3.0
05001-37 - PT Deluce,5.0
05001-38 - Bayou Meto,5.0
05001-41 - Morris,8.0
05001-42 - Gum Pond,8.0
05001-43 - Barton,6.0
05001-44 - Henton,8.0
05001-45 - Brewer,6.0
05001-46 - Garland,6.0
05001-47 - Humphrey Ward 1,5.0
05001-48 - Humphrey Ward 3,4.0
05001-51 - DeWitt 1,2.0
05001-53 - Dewitt 2,3.0
05001-55 - Dewitt 3,2.0
05001-71 - Stuttgart 1,3.0
05001-81 - Stuttgart 2,4.0
05001-91 - Stuttgart 3,4.0
05003-01 - Crossett Ward 1,6.0
05003-02 - Crossett Ward 2,4.0
05003-03 - Crossett Ward 3,3.0
05003-04 - North Crossett East,6.0
05003-05 - North Crossett West,6.0
05003-06 - West Crossett Rural,8.0
05003-07 - VO - Tech,4.0
05003-08 - Cooter,5.0
05003-09 - Hickory Grove,7.0
05003-10 - Cross Roads,6.0
05003-11 - Hamburg Ward 3,3.0
05003-12 - Hamburg Ward 2,3.0
05003-13 - Hamburg Ward 1,3.0
05003-14 - Hamburg Rural,11.0
05003-15 - Mt. Zion,5.0
05003-16 - Milo,6.0
05003-17 - Beech Creek,6.0
05003-18 - Mist,5.0
05003-19 - Fountain Hill City,1.0
05003-20 - Fountain Hill Rural,7.0
05003-21 - Portland City,1.0
05003-22 - Portland Rural,8.0
05003-23 - Boydell,5.0
05003-24 - Snyder / Trafalgar,6.0
05003-25 - Montrose City,1.0
05003-26 - Montrose Rural,5.0
05003-27 - Parkdale City,1.0
05003-28 - Parkdale Rural,5.0
05003-29 - Wilmot City,1.0
05003-30 - Wilmot Rural,5.0
05005-01,6.0
05005-02,6.0
05005-03,7.0
05005-04,5.0
05005-05,4.0
05005-06,6.0
05005-07,5.0
05005-08,7.0
05005-09,4.0
05005-10,5.0
05005-11,14.0
05007-001,8.0
05007-002,8.0
05007-003,3.0
05007-004,3.0
05007-005,3.0
05007-006,4.0
05007-007,6.0
05007-008,7.0
05007-009,4.0
05007-010,3.0
05007-011,6.0
05007-012,4.0
05007-013,2.0
05007-014,3.0
05007-015,3.0
05007-016,9.0
05007-017,8.0
05007-018,5.0
05007-019,5.0
05007-020,4.0
05007-021,3.0
05007-022,5.0
05007-023,6.0
05007-024,7.0
05007-025,4.0
05007-026,5.0
05007-027,7.0
05007-028,8.0
05007-029,9.0
05007-030,3.0
05007-031,1.0
05007-032,6.0
05007-033,2.0
05007-034,5.0
05007-035,3.0
05007-036,10.0
05007-037,3.0
05007-038,3.0
05007-039,6.0
05007-040,2.0
05007-041,4.0
05007-042,3.0
05007-043,3.0
05007-044,2.0
05007-045,5.0
05007-046,4.0
05007-047,4.0
05007-048,4.0
05007-049,7.0
05007-050,2.0
05007-051,7.0
05007-052,3.0
05007-053,5.0
05007-054,6.0
05007-055,5.0
05007-056,7.0
05007-057,10.0
05007-058,8.0
05007-059,3.0
05007-060,4.0
05007-061,10.0
05007-062,9.0
05007-063,4.0
05007-064,4.0
05007-065,6.0
05007-066,5.0
05007-067,7.0
05007-068,8.0
05007-069,7.0
05007-070,5.0
05007-071,5.0
05007-072,4.0
05007-073,8.0
05007-074,9.0
05007-075,3.0
05007-076,4.0
05007-077,3.0
05007-078,4.0
05007-079,2.0
05007-080,9.0
05007-081,2.0
05007-082,4.0
05007-083,4.0
05007-084,5.0
05007-085,9.0
05007-086,3.0
05007-087,5.0
05007-088,6.0
05007-089,8.0
05007-090,4.0
05007-091,4.0
05007-092,4.0
05007-093,8.0
05007-094,8.0
05007-095,4.0
05007-096,4.0
05007-097,6.0
05007-098,7.0
05007-099,8.0
05007-100,3.0
05007-101,3.0
05007-102,4.0
05007-103,4.0
05007-104,7.0
05007-105,3.0
05007-106,10.0
05007-107,3.0
05007-108,4.0
05007-109,4.0
05007-110,5.0
05007-111,6.0
05007-112,4.0
05007-113,8.0
05007-114,7.0
05007-115,5.0
05007-116,3.0
05007-117,6.0
05007-118,5.0
05007-119,11.0
05007-120,4.0
05007-121,3.0
05007-122,5.0
05007-123,5.0
05007-124,13.0
05007-125,7.0
05007-126,3.0
05007-127,5.0
05007-128,6.0
05007-129,5.0
05007-130,5.0
05007-131,4.0
05007-132,3.0
05007-133,4.0
05007-134,5.0
05007-135,8.0
05007-136,6.0
05007-137,6.0
05007-138,2.0
05007-139,12.0
05007-140,5.0
05007-141,5.0
05007-142,6.0
05007-143,4.0
05007-144,5.0
05007-145,5.0
05007-146,4.0
05007-147,6.0
05007-148,4.0
05007-149,6.0
05007-150,12.0
05007-151,11.0
05007-152,3.0
05007-153,5.0
05007-154,3.0
05007-155,10.0
05007-156,4.0
05007-157,7.0
05007-158,1.0
05007-159,3.0
05007-160,8.0
05007-161,3.0
05007-162,3.0
05007-163,9.0
05007-164,6.0
05007-165,8.0
05007-166,3.0
05007-167,6.0
05007-168,3.0
05007-169,5.0
05007-170,6.0
05007-171,3.0
05007-172,9.0
05007-173,4.0
05007-174,4.0
05007-175,3.0
05007-176,8.0
05007-177,2.0
05007-178,4.0
05007-179,3.0
05007-180,4.0
05007-181,5.0
05007-183,3.0
05007-184,4.0
05007-185,4.0
05007-186,6.0
05007-187,3.0
05007-188,2.0
05007-189,6.0
05007-190,14.0
05007-191,4.0
05007-192,5.0
05007-193,3.0
05007-194,3.0
05007-195,5.0
05007-196,4.0
05007-197,9.0
05007-198,5.0
05007-199,3.0
05007-200,6.0
05007-201,8.0
05007-202,5.0
05007-203,4.0
05007-204,5.0
05007-205,3.0
05007-206,4.0
05007-207,3.0
05007-208,5.0
05007-209,6.0
05007-210,10.0
05007-211,4.0
05007-212,9.0
05007-213,3.0
05007-214,9.0
05007-215,9.0
05007-216,6.0
05007-218,6.0
05007-219,2.0
05007-220,6.0
05007-221,4.0
05007-222,7.0
05007-223,11.0
05007-224,8.0
05007-225,6.0
05007-226,5.0
05007-227,3.0
05007-228,3.0
05007-229,8.0
05007-230,7.0
05007-231,7.0
05007-232,6.0
05007-233,2.0
05007-234,4.0
05007-235,9.0
05007-237,7.0
05007-238,5.0
05007-240,5.0
05007-241,3.0
05007-242,2.0
05007-243,10.0
05007-244,3.0
05007-245,6.0
05007-246,8.0
05007-247,3.0
05007-248,7.0
05007-249,5.0
05007-250,7.0
05007-251,3.0
05007-252,2.0
05007-253,4.0
05007-255,2.0
05007-256,9.0
05007-257,6.0
05007-258,8.0
05007-259,6.0
05007-260,3.0
05007-261,3.0
05007-262,7.0
05007-263,3.0
05007-264,7.0
05007-265,4.0
05007-266,8.0
05007-267,4.0
05007-268,3.0
05007-269,4.0
05007-270,4.0
05007-271,4.0
05007-272,8.0
05007-273,5.0
05007-274,7.0
05007-275,8.0
05007-276,7.0
05007-277,4.0
05007-278,3.0
05007-279,8.0
05007-280,3.0
05007-281,3.0
05007-282,2.0
05007-283,4.0
05007-284,2.0
05007-285,8.0
05007-286,6.0
05007-287,9.0
05007-288,4.0
05007-289,5.0
05007-290,5.0
05007-291,5.0
05007-292,7.0
05007-293,2.0
05007-294,4.0
05007-295,6.0
05007-296,6.0
05007-297,5.0
05007-298,5.0
05007-299,3.0
05007-300,7.0
05007-301,5.0
05007-302,4.0
05007-303,10.0
05007-304,2.0
05007-305,7.0
05007-306,6.0
05007-307,3.0
05007-308,7.0
05007-309,5.0
05007-310,7.0
05007-311,7.0
05007-312,2.0
05007-313,9.0
05007-314,8.0
05007-315,3.0
05007-316,3.0
05007-317,1.0
05007-318,7.0
05007-319,8.0
05007-320,5.0
05007-321,4.0
05007-322,6.0
05007-323,5.0
05007-324,5.0
05007-325,6.0
05007-326,6.0
05007-327,5.0
05007-328,3.0
05007-329,6.0
05007-330,4.0
05007-331,2.0
05007-333,7.0
05007-334,4.0
05007-335,6.0
05007-336,7.0
05007-337,3.0
05007-338,11.0
05007-339,4.0
05007-340,4.0
05007-341,8.0
05007-342,4.0
05007-343,5.0
05007-344,5.0
05007-345,7.0
05007-346,10.0
05007-347,4.0
05007-348,4.0
05007-349,5.0
05007-350,11.0
05007-351,4.0
05007-352,8.0
05007-353,4.0
05007-354,3.0
05007-355,7.0
05007-356,2.0
05007-357,2.0
05007-358,3.0
05007-359,5.0
05007-360,7.0
05007-361,4.0
05007-362,12.0
05007-363,3.0
05007-364,3.0
05007-365,3.0
05007-366,3.0
05007-367,2.0
05007-368,10.0
05007-369,5.0
05007-370,11.0
05007-371,5.0
05007-372,4.0
05007-374,2.0
05007-375,5.0
05007-376,3.0
05007-377,18.0
05007-378,4.0
05007-379,5.0
05007-380,5.0
05007-381,9.0
05007-382,3.0
05007-383,6.0
05007-384,2.0
05007-385,6.0
05007-386,3.0
05007-387,7.0
05007-388,2.0
05007-389,9.0
05007-390,3.0
05007-391,3.0
05007-392,3.0
05007-393,7.0
05007-394,10.0
05007-395,3.0
05007-396,3.0
05007-397,2.0
05007-398,4.0
05007-399,5.0
05007-400,8.0
05007-401,3.0
05007-402,2.0
05007-403,5.0
05007-404,4.0
05007-405,4.0
05007-406,4.0
05007-407,6.0
05007-408,5.0
05007-409,5.0
05007-410,6.0
05007-411,2.0
05007-412,6.0
05007-413,13.0
05007-414,4.0
05007-415,4.0
05007-416,6.0
05007-417,7.0
05007-418,1.0
05007-419,6.0
05007-420,4.0
05007-421,5.0
05007-422,2.0
05007-423,3.0
05007-424,8.0
05007-425,8.0
05007-426,3.0
05007-427,4.0
05007-428,2.0
05007-429,3.0
05009-Diamond City 12,1.0
05009-District 1,5.0
05009-District 10,5.0
05009-District 11,6.0
05009-District 2,3.0
05009-District 3,5.0
05009-District 4,3.0
05009-District 5,7.0
05009-District 6,6.0
05009-District 7,8.0
05009-District 8,9.0
05009-District 9,6.0
05011-01 - Warren Ward 1,3.0
05011-02 - Warren Ward 2,4.0
05011-03 - Warren Ward 3,3.0
05011-04 - North,9.0
05011-05 - South,9.0
05011-06 - Banks City,1.0
05011-07 - Banks Rural,8.0
05011-08 - Springhill,5.0
05011-09 - Hermitage City,1.0
05011-10 - Hermitage Rural,6.0
05011-11 - Eagle Lake,7.0
05011-12 - Jersey,7.0
05011-13 - Johnsville,7.0
05011-14 - Marion,4.0
05013-Bearden,4.0
05013-Chambersville,8.0
05013-Champagnolle,10.0
05013-Hampton,4.0
05013-Harrell,5.0
05013-Locust,6.0
05013-Tinsman,6.0
05013-Woodberry,5.0
05015-Berryville East,3.0
05015-Berryville West,2.0
05015-Eureka Springs,3.0
05015-Holiday Island,3.0
05015-Kings River,7.0
05015-Lakes Area,8.0
05015-North Hickory,3.0
05015-Prairies,8.0
05015-South Carroll,8.0
05015-South Hickory,3.0
05015-Yocum,6.0
05017-104 - Carlton Rural,7.0
05017-202 - Planters 2,1.0
05017-304 - Bowie Rural,8.0
"05017-BOWIE 1, 2, 3",2.0
"05017-BOWIE 1, 2, 3 JP. DIST 2",2.0
"05017-CARLTON 1, 2, 3",1.0
"05017-PLANTERS 1, 3, 4, Rural",5.0
05019-Amity City,2.0
05019-Arkadelphia Ward 1,4.0
05019-Arkadelphia Ward 2,6.0
05019-Arkadelphia Ward 3,5.0
05019-Arkadelphia Ward 4,4.0
05019-Arkadelphia Ward 5,3.0
"05019-Caddo Valley Wards 1,2,3",1.0
05019-Central 1,6.0
05019-Curtis 1,8.0
05019-East County 1,9.0
05019-Gum Springs Inside/Outside 1,4.0
05019-Gurdon Gen 1,5.0
"05019-Gurdon Wards 1, 2, 3, 4, 5",2.0
05019-Hollywood 1,6.0
05019-North County,11.0
05019-North East County,11.0
05019-Okolona City 1,1.0
05019-South County 1,7.0
05019-West County 1,6.0
05019-Whelen Springs 1,1.0
05021-01 - North St Francis,4.0
05021-02 - South St Francis,3.0
05021-03 - E Oak Bluff & Blue Cane,4.0
05021-04 - West Oak Bluff,5.0
05021-05 - Bennett & Lemmons,6.0
05021-06 - Bradshaw & Haywood,8.0
05021-07 - Johnson,5.0
05021-08 - Knob,5.0
05021-09 - Liddell & chalk Bluff,2.0
05021-10 - Payne & Swain,3.0
05021-11 - Pollard,4.0
05021-12 - Brown & Carpenter,4.0
05021-13 - Cache & Wilson,7.0
05021-14 - Clark,6.0
05021-15 - Nelson,5.0
05021-16 - Cleveland & N Kilgore,3.0
05021-17 - Gleghorn & S Kilgore,4.0
05023-02 - North Cadron Inside,3.0
05023-03 - North Cadron Outside,7.0
05023-04 - South Cadron Inside,3.0
05023-05 - South Cadron Outside,6.0
05023-06 - California,6.0
05023-07 - Center Post,6.0
05023-08 - Clayton,6.0
05023-09 - Francis,7.0
05023-10 - Grassey Inside,1.0
05023-11 - Grassey Outside,9.0
05023-12 - Greers Ferry Giles,3.0
05023-13 - Giles,7.0
05023-14 - Healing Springs,4.0
05023-15 - Heber Springs Ward 1,3.0
05023-16 - Heber Springs Ward 2,3.0
05023-17 - Heber Springs Ward 3,3.0
05023-18 - Heber Springs Ward 4,4.0
05023-19 - Heber Springs Outside,11.0
05023-20 - McJester,5.0
05023-21 - Morgan Outside,8.0
05023-22 - Mountain,5.0
05023-23 - East Peter Creek,5.0
05023-24 - West Peter Creek,5.0
05023-25 - Pickens,6.0
05023-26 - Pine,4.0
05023-27 - Piney,5.0
05023-28 - Poff,6.0
05023-29 - Saline Inside,1.0
05023-30 - Saline Outside,6.0
05023-31 - Sugar Camp,6.0
05023-32 - Sugar Loaf,5.0
05023-33 - Valley,6.0
05023-34 - Wilburn,8.0
05023-35 - Morgan Inside,3.0
05025-01A - Rison Inside,3.0
05025-01B - Rison Outside,7.0
05025-02A - Kingsland Inside,1.0
05025-02B - Kingsland Out,8.0
05025-03 - Bowman,5.0
05025-04 - Harper,5.0
05025-05 - Hudgin,8.0
05025-06 - Hurricane,5.0
05025-07 - Lee,3.0
05025-08 - Miller,6.0
05025-09 - Niven,5.0
05025-10 - Redland,7.0
05025-11 - Rowell,6.0
05025-12 - Saline,4.0
05025-14 - Smith,7.0
05025-15 - Whiteoak,7.0
05025-16 - Whiteville,5.0
05027-Columbia North,14.0
05027-Columbia South,5.0
05027-Emerson City,1.0
05027-Emerson Township,5.0
05027-Mag Ward 1,4.0
05027-Mag Ward 2,5.0
05027-Mag Ward 3,4.0
05027-Mag Ward 4,4.0
05027-McNeil City,1.0
05027-McNeil Township,7.0
05027-Taylor City,1.0
05027-Taylor Township,6.0
05027-Waldo City,1.0
05027-Waldo Township,6.0
05029-001 - Austin,5.0
05029-002 - Bentley City,1.0
05029-003 - Welbourne West,11.0
05029-004 - St Vincent,6.0
05029-005 - Steele,4.0
05029-006-Menifee City,1.0
05029-007 - Howard City,1.0
05029-008 - Higgins,4.0
05029-009 - Cedar Falls,5.0
05029-010 - Gregory,5.0
05029-011 - Griffin,6.0
05029-012 - Lick Mountain,7.0
05029-013 - Washington East,6.0
05029-014 - McClaren,5.0
05029-015 - Howard Rural,8.0
05029-016 - White Eagle,6.0
05029-017 - Morrilton Ward 3,3.0
05029-018 - Morrilton Ward 4,6.0
05029-019 - Martin,7.0
05029-020 - Morrilton Ward 2,4.0
05029-021 - Union,7.0
05029-022 - Bentley Rural,7.0
05029-023 - Washington West,5.0
05029-024 - Bird,6.0
05029-025 - Catholic Point,5.0
05029-026 - Petit Jean,3.0
05029-027 - Nichols,7.0
05029-028 - Old Hickory,5.0
05029-029 - Morrilton Ward 1,3.0
05029-030 - Welbourne East,8.0
05029-031 - Menifee Rural,7.0
05031-01,5.0
05031-02,5.0
05031-03,4.0
05031-04,5.0
05031-05,8.0
05031-06,5.0
05031-07,5.0
05031-08,4.0
05031-09,8.0
05031-10,5.0
05031-11,7.0
05031-12,5.0
05031-13,5.0
05031-14,4.0
05031-15,7.0
05031-16,4.0
05031-17,5.0
05031-18,9.0
05031-19,5.0
05031-20,6.0
05031-21,10.0
05031-22,8.0
05031-23,6.0
05031-24,6.0
05031-25,4.0
05031-26,7.0
05031-27,6.0
05031-28,5.0
05031-29,4.0
05031-30,5.0
05031-31,7.0
05031-32,5.0
05031-33,9.0
05031-34,4.0
05031-35,7.0
05031-36,6.0
05031-37,5.0
05031-38,9.0
05031-39,2.0
05031-40,5.0
05031-41,7.0
05031-42,11.0
05031-43,6.0
05031-44,4.0
05031-45,9.0
05031-46,3.0
05031-47,7.0
05031-48,2.0
05031-49,6.0
05031-50,6.0
05031-51,3.0
05031-52,7.0
05031-53,8.0
05033-1,8.0
05033-10,6.0
05033-11,4.0
05033-12,9.0
05033-13,8.0
05033-2,6.0
05033-3,2.0
05033-4,6.0
05033-5,3.0
05033-6,5.0
05033-7,10.0
05033-8,5.0
05033-9,6.0
05035-7TH STREET CHURCH WMPH,7.0
05035-ANTHONYVILLE CITY HALL,2.0
05035-CALVARY  BAPTIST WMPH,3.0
05035-CIVIC CENTER,3.0
05035-CRAWFORDSVILLE,1.0
05035-EARLE,7.0
05035-EDMONDSON,11.0
05035-GILMORE,4.0
05035-HORSESHOE LAKE,7.0
05035-JERICHO CITY HALL,4.0
05035-LR JACKSON,5.0
05035-MARION SCHOOL,4.0
05035-R. JACKSON NEIGHBORHOOD CENTER,4.0
05035-TABERNACLE OF GOD CHURCH,6.0
05035-TURRELL FIRE STATION,4.0
05035-WEST MPH 1ST BAPTIST CHURCH,4.0
05035-WM HIGH SCHOOL,10.0
05037-Cherry Valley,1.0
05037-Hickory Ridge,1.0
05037-L'Anguille,13.0
05037-Mitchell,6.0
05037-Parkin,1.0
05037-Searcy,7.0
05037-Smith,7.0
05037-Tyronza/Twist,10.0
05037-Wynne Township,6.0
05037-Wynne Ward 1,5.0
05037-Wynne Ward 2,4.0
05037-Wynne Ward 3,6.0
05037-Wynne Ward 4,5.0
05037-Wynne Ward 5,4.0
05039-JP 001,3.0
05039-JP 002,3.0
05039-JP 003,4.0
05039-JP 004,5.0
05039-JP 005,7.0
05039-JP 006,13.0
05039-JP 007,4.0
05039-JP 008,7.0
05039-JP 009,7.0
05041-01 - Bowie W1,4.0
05041-02 - Bowie W2,4.0
05041-03 - Bowie W3,3.0
05041-04 - Bowie Rural,8.0
05041-05 - Clayton McArthur,10.0
05041-06 - Clayton Reed,2.0
05041-07 - Clayton Tillar,3.0
05041-08 - Franklin,7.0
05041-09 - Halley,5.0
05041-10 - Jefferson,7.0
05041-11 - Mississippi,3.0
05041-12 - Mitcheville,1.0
05041-13 - Rand W1,4.0
05041-14 - Rand W2,4.0
05041-15 - Rand W3,3.0
05041-16 - Rand W4,4.0
05041-17 - Rand Rural,11.0
05041-18 - Redfork,6.0
05041-19 - Richland,4.0
05041-20 - Silver Lake,6.0
05041-21 - Walnut Lake,7.0
05043-01 - Ward 1,4.0
05043-02 - Ward 2,6.0
05043-03 - Ward 3,4.0
05043-04 - Ward 4,3.0
05043-05 - Collins,9.0
05043-06 - enon,5.0
05043-07 - Jerome,4.0
05043-08 - Lacey,6.0
05043-09 - Mar N Box 1,9.0
05043-10 - Mar N Box 2,5.0
05043-11 - Marion South,10.0
05043-12 - Ozment,7.0
05043-13 - Plantersville,8.0
05043-14 - Selma,8.0
05043-15 - Tillar,4.0
05043-16 - Wilmar,6.0
05043-17 - Winchester,5.0
05045-Pct 1,5.0
05045-Pct 10,5.0
05045-Pct 11,8.0
05045-Pct 12,9.0
05045-Pct 13,5.0
05045-Pct 14,10.0
05045-Pct 15,8.0
05045-Pct 16,9.0
05045-Pct 17,6.0
05045-Pct 18,7.0
05045-Pct 19,7.0
05045-Pct 2,5.0
05045-Pct 21,3.0
05045-Pct 22,8.0
05045-Pct 23,10.0
05045-Pct 24,2.0
05045-Pct 25,6.0
05045-Pct 26,6.0
05045-Pct 27,7.0
05045-Pct 28,9.0
05045-Pct 29,3.0
05045-Pct 3,4.0
05045-Pct 30,6.0
05045-Pct 31,5.0
05045-Pct 32,5.0
05045-Pct 33,6.0
05045-Pct 34,5.0
05045-Pct 35,6.0
05045-Pct 36,8.0
05045-Pct 37,5.0
05045-Pct 38,5.0
05045-Pct 39,7.0
05045-Pct 4,4.0
05045-Pct 40,5.0
05045-Pct 41,5.0
05045-Pct 42,6.0
05045-Pct 43,4.0
05045-Pct 44,7.0
05045-Pct 45,6.0
05045-Pct 46,5.0
05045-Pct 48,8.0
05045-Pct 49,5.0
05045-Pct 5,5.0
05045-Pct 50,4.0
05045-Pct 53,3.0
05045-Pct 54,6.0
05045-Pct 55,3.0
05045-Pct 6,4.0
05045-Pct 7,5.0
05045-Pct 8,8.0
05045-Pct 9,5.0
05047-1-A (Oz Wd 1),7.0
05047-1-B (Oz Wd 3),7.0
05047-1-C (Oz Wd 2),4.0
05047-2-A (Oz Wd 2),6.0
05047-2-B (Oz Rural),7.0
05047-2-C (Lonelm/Cravens),5.0
05047-2-D (Wallace/Ivy),3.0
05047-2-E(Oz Wd 3),3.0
05047-3-A (Lonelm/Cravens),6.0
05047-3-B (Fern),4.0
05047-3-C (Boston),7.0
05047-3-D (Jethro),4.0
05047-3-E (Watalula),4.0
05047-3-F (Mountain),5.0
05047-4-A (Philpot),8.0
05047-4-B (Watalula),7.0
05047-4-C (WV Rural),5.0
05047-4-D (Oz Rural),7.0
05047-5-A (Wallace/Ivy),8.0
05047-5-B (Oz Rural),5.0
05047-5-C (Webb City),9.0
05047-6-A (Altus Rural),8.0
05047-6-B (Altus City),4.0
05047-6-C (Denning),2.0
05047-6-D (Weiderkehr Village),5.0
05047-7-A (Cecil),9.0
05047-7-B (Webb City),4.0
05047-7-C (Etna),8.0
05047-7-D (Donald Rural),10.0
05047-8-A (Branch City),4.0
05047-8-B (Charleston Wd 1),4.0
05047-8-C (Charleston Rural),7.0
05047-8-D (Vesta),5.0
05047-8-E (Donald Rural),4.0
05047-8-F (Cecil),3.0
05047-8-G (Donald Rural),4.0
05047-9-A (Charleston Wd 2),4.0
05047-9-B (Charleston Wd 3),4.0
05047-9-C (Charleston Rural),7.0
05049-Benton - Union,8.0
05049-Cherokee Village,2.0
05049-Cleveland,9.0
05049-Fulton - Mt. Calm,4.0
05049-MS - Afton,6.0
05049-Myatt,3.0
05049-PR-SB,11.0
05049-Southfork - Wilson,5.0
05049-Vidette - Big Creek,3.0
05049-Washington,3.0
05051-011,8.0
05051-012,8.0
05051-013,5.0
05051-014,4.0
05051-021,8.0
05051-022,5.0
05051-023,3.0
05051-024,4.0
05051-031,4.0
05051-032,6.0
05051-033,7.0
05051-034,5.0
05051-041,5.0
05051-042,5.0
05051-043,5.0
05051-044,6.0
05051-051,4.0
05051-052,3.0
05051-053,9.0
05051-054,7.0
05051-061,6.0
05051-062,6.0
05051-063,3.0
05051-064,8.0
05051-071,9.0
05051-072,3.0
05051-073,7.0
05051-074,7.0
05051-081,6.0
05051-082,7.0
05051-083,5.0
05051-084,3.0
05051-091,3.0
05051-092,6.0
05051-093,8.0
05051-094,7.0
05051-101,9.0
05051-102,5.0
05051-103,3.0
05051-104,7.0
05051-111,9.0
05051-112,3.0
05051-113,8.0
05051-114,5.0
05051-121,5.0
05051-122,10.0
05051-123,6.0
05051-124,2.0
05051-131,7.0
05051-132,9.0
05051-133,8.0
05051-134,6.0
05053-01 - Calvert,7.0
05053-02 - Davis,7.0
05053-03 - Dekalb 1,9.0
05053-04 - Dekalb 2,3.0
05053-05 - Darysaw,6.0
05053-08 - Fenter,6.0
05053-09 - Franklin,7.0
05053-10 - Madison,6.0
05053-11 - Merry Green 1,7.0
05053-12 - Merry Green 2,8.0
05053-13 - River,4.0
05053-14 - Simpson 1,5.0
05053-15 - Simpson 2,9.0
05053-17 - Tennessee,6.0
05053-19 - Washington,7.0
05053-20 - Ward 1,4.0
05053-21 - Ward 2,4.0
05053-22 - Ward 3,4.0
05055-JP - DISTRICT 01,4.0
05055-JP - DISTRICT 07,8.0
05055-JP - DISTRICT 08,8.0
05055-JP - DISTRICT 09,6.0
05055-JP - DISTRICT 10,9.0
05055-JP - DISTRICT 11,8.0
05055-JP 2,5.0
05055-JP 3,7.0
05055-JP 4,6.0
05055-JP 5,3.0
05055-JP 6,3.0
05057-01 Hope 1,7.0
05057-02 Hope 2,4.0
05057-03 Hope 3,4.0
05057-04 Hope 4,5.0
05057-05 Hope 5,4.0
05057-06 Hope 6,7.0
05057-07 Hope 7,11.0
05057-08 Bingen,5.0
05057-09 Blevins,6.0
05057-10 Columbus,7.0
05057-11 Cross Roads,6.0
05057-12 Deann,5.0
05057-13 Fulton,8.0
05057-14 Guernsey,4.0
05057-15 McCaskill,6.0
05057-16 McNab,4.0
05057-17 Ozan,7.0
05057-18 Patmos,7.0
05057-19 Perrytown,7.0
05057-20 Rocky Mound,6.0
05057-21 Saratoga,5.0
05057-22 Shover Springs,5.0
05057-23 Spring Hill,6.0
05057-24 Washington,6.0
05059-Antioch,4.0
05059-Big Creek,6.0
05059-Bismarck,9.0
05059-Brown Springs,6.0
05059-Butterfield,7.0
05059-Central,6.0
05059-Clear Creek,5.0
05059-Deroche,6.0
05059-Donaldson City,1.0
05059-Dover,5.0
05059-Fenter A,11.0
05059-Fenter B,7.0
05059-Fenter C,7.0
05059-Friendship City,1.0
05059-Gifford,8.0
05059-Glen Rose,6.0
05059-Harrison,6.0
05059-Henderson,6.0
05059-Lone Hill,8.0
05059-MALVERN WARD 1,6.0
05059-MIDWAY CITY,3.0
05059-Magnet,7.0
05059-Malvern W-2,3.0
05059-Malvern W-3,4.0
05059-Malvern W-4,7.0
05059-Montgomery,6.0
05059-Ouachita,6.0
05059-Perla City,5.0
05059-Prairie,9.0
05059-ROCKPORT W-1,3.0
05059-Rockport W-2,4.0
05059-Valley,3.0
05061-1,9.0
05061-2,5.0
05061-3,6.0
05061-4,8.0
05061-5,3.0
05061-6,3.0
05061-7,7.0
05061-8,4.0
05061-9,9.0
05063-Ashley,6.0
05063-Barren,8.0
05063-Big Bottom / Wycough / Logan,10.0
"05063-Big Bottom Wards 1,2,3",1.0
05063-Black River / Marshall,6.0
05063-Cushman / Union,7.0
05063-Departee,6.0
05063-Dota,6.0
05063-Fairview,7.0
05063-Gainsboro,5.0
05063-Greenbrier - Desha,4.0
05063-Greenbrier - Jamestown,4.0
05063-Greenbrier - Locust Grove,8.0
05063-Hill,6.0
05063-Huff,6.0
05063-Jefferson,5.0
05063-Liberty,6.0
05063-Magness,4.0
05063-McHue,7.0
05063-McHue 3,5.0
05063-Moorefield,8.0
05063-Moorefield Ward 1,4.0
05063-Moorefield Ward 4,4.0
05063-Oil Trough,8.0
05063-Relief,7.0
05063-Rosie,5.0
05063-Ruddell Rural,10.0
05063-Ruddell Ward 1,7.0
05063-Ruddell Ward 2,4.0
05063-Ruddell Ward 3,2.0
05063-Ruddell Ward 4,5.0
05063-Salado,6.0
05063-Washington,4.0
05063-White River,6.0
05065-Big Spring,5.0
05065-Boswell,6.0
05065-Brockwell,9.0
05065-Calico Rock Rural,11.0
05065-Calico Rock Ward 1,4.0
05065-Calico Rock Ward 2,5.0
05065-Calico Rock Ward 3,6.0
05065-Calico Rock Ward 4,4.0
05065-Claiborne,6.0
05065-Dolph,5.0
05065-Franklin City,2.0
05065-Franklin Rural,8.0
05065-Gid,6.0
05065-Guion City,1.0
05065-Guion Rural,7.0
05065-Horseshoe Bend Rural,4.0
05065-Horseshoe Bend Ward 1,6.0
05065-Horseshoe Bend Ward 2,6.0
05065-Horseshoe Bend Ward 3,6.0
05065-Horseshoe Bend Ward 4,3.0
05065-Knob Creek,4.0
05065-Lacrosse,7.0
05065-Lafferty,5.0
05065-Larkin,4.0
05065-Melbourne Rural,13.0
05065-Melbourne Ward 1,3.0
05065-Melbourne Ward 2,5.0
05065-Melbourne Ward 3,3.0
05065-Melbourne Ward 4,5.0
05065-Mt. Pleasant City,2.0
05065-Mt. Pleasant Rural,8.0
05065-Myron,12.0
05065-Newburg,6.0
05065-Oxford City,5.0
05065-Oxford Rural,7.0
05065-Pineville City,4.0
05065-Pineville Rural,5.0
05065-Sage,8.0
05065-Strawberry,4.0
05065-Sylamore,5.0
05065-Twin Creek,5.0
05065-Violet Hill,6.0
05065-Wideman,5.0
05065-Wiseman,9.0
05065-Zion,6.0
05067-01 - Airbase,7.0
05067-02 - Alcorn,6.0
05067-03 - Algoa,4.0
05067-04 - Amagon,5.0
05067-05 - Auvergne,7.0
05067-07 - Beedeville,9.0
05067-08 - Blackville,6.0
05067-09 - Campbell Station,4.0
05067-11 - Crossroads -37,6.0
05067-12 - Denmark,4.0
05067-14 - Diaz,9.0
05067-15 - Gourdneck - Citizenship,4.0
05067-16 - Greenhaw,5.0
05067-17 - Grubbs,8.0
05067-18 - Hickory Grove,6.0
05067-19 - Horseshoe,3.0
05067-20 - Ingleside,10.0
05067-21 - Island,9.0
05067-22 - Jacksonport,4.0
05067-24 - Liberty,4.0
05067-25 - Macks,10.0
05067-26 - New Glaise,7.0
05067-28 - Newport Ward 2-A,8.0
05067-30 - Newport Ward 1-B,3.0
05067-31 - Newport Ward 1-A,4.0
05067-33 - Newport Ward 3-A,5.0
05067-34 - Newport Ward 3-B,4.0
05067-35 - Newport Ward 3-C,6.0
05067-36 - Newport Ward 2-C,6.0
05067-37 - Newport Ward 2-B,6.0
05067-38 - Newport Ward 4-A,5.0
05067-39 - Newport Ward 4-B,4.0
05067-40 - Old Glaise,4.0
05067-41 - Olyphant,4.0
05067-42 - Penninghton Balch,6.0
05067-43 - Remmel,7.0
05067-44 - Shoffner,4.0
05067-45 - Swifton,6.0
05067-46 - Tuckerman Ward 1,3.0
05067-47 - Tuckerman Ward 2,3.0
05067-48 - Tuckerman Ward 3,3.0
05067-49 - Tuckerman Outside,10.0
05067-50 - Tupelo,5.0
05067-51 - Waters Store,5.0
05067-52 - Weldon,6.0
05069-01,6.0
05069-010,7.0
05069-011,5.0
05069-02,8.0
05069-026,8.0
05069-027,6.0
05069-028,8.0
05069-029,5.0
05069-03,7.0
05069-030,4.0
05069-031,5.0
05069-032,5.0
05069-033,5.0
05069-034,5.0
05069-036,3.0
05069-04,6.0
05069-045,4.0
05069-05,12.0
05069-050,9.0
05069-051,11.0
05069-053,3.0
05069-054,10.0
05069-055,3.0
05069-056,4.0
05069-057,3.0
05069-058,6.0
05069-059,6.0
05069-060,5.0
05069-061,7.0
05069-062,4.0
05069-064,7.0
05069-066,5.0
05069-067,7.0
05069-07,8.0
05069-073,8.0
05069-074,5.0
05069-075,9.0
05069-076,5.0
05069-077,6.0
05069-078,5.0
05069-079,4.0
05069-08,7.0
05069-080,5.0
05069-081,3.0
05069-082,4.0
05069-083,10.0
05069-084,8.0
05069-085,5.0
05069-086,8.0
05069-087,10.0
05069-089,3.0
05069-09,4.0
05069-090,5.0
05069-092,3.0
05069-093,5.0
05069-094,4.0
05069-101,7.0
05069-104,6.0
05069-105,5.0
05069-106,4.0
05069-107,7.0
05069-108,2.0
05069-111,4.0
05069-112,6.0
05069-113,3.0
05069-114,5.0
05069-115,10.0
05069-116,6.0
05069-117,4.0
05069-119,5.0
05069-120,5.0
05069-121,5.0
05069-122,8.0
05069-123,2.0
05069-124,8.0
05069-125,5.0
05069-126,4.0
05069-128,3.0
05069-130,5.0
05069-150,8.0
05069-201,7.0
05069-202,4.0
05069-203,6.0
05069-204,2.0
05069-205,4.0
05069-206,6.0
05069-207,4.0
05069-208,4.0
05069-209,4.0
05069-210,4.0
05069-211,7.0
05069-212,3.0
05069-213,4.0
05069-214,4.0
05069-215,5.0
05069-216,5.0
05069-217,5.0
05069-218,6.0
05069-219,5.0
05069-221,4.0
05069-222,4.0
05069-223,6.0
05069-224,5.0
05069-306,5.0
05069-307,4.0
05069-308,4.0
05069-309,6.0
05069-310,5.0
05069-311,5.0
05069-312,5.0
05069-314,9.0
05069-315,4.0
05069-316,7.0
05069-317,4.0
05069-318,4.0
05069-319,6.0
05069-320,6.0
05069-322,4.0
05069-323,5.0
05069-324,5.0
05069-325,3.0
05069-326,5.0
05069-327,5.0
05069-328,5.0
05069-330,7.0
05069-331,3.0
05069-332,4.0
05069-403,3.0
05069-404,3.0
05069-405,7.0
05069-406,7.0
05069-407,7.0
05069-408,3.0
05069-409,4.0
05069-410,5.0
05069-412,4.0
05069-414,4.0
05069-415,9.0
05069-416,9.0
05069-419,6.0
05069-420,4.0
05069-421,3.0
05069-422,5.0
05069-423,3.0
05069-425,5.0
05069-426,5.0
05069-450,4.0
05069-451,5.0
05069-452,6.0
05069-453,5.0
05069-454,5.0
05069-455,6.0
05069-510,3.0
05069-530,4.0
05069-610,2.0
05069-620,2.0
05069-711,6.0
05069-712,5.0
05069-713,5.0
05069-714,2.0
05069-721,11.0
05069-731,6.0
05069-732,4.0
05069-733,6.0
05069-810,3.0
05069-820,3.0
05069-830,2.0
05069-900,1.0
05069-950,1.0
05071-P1,6.0
05071-P10,8.0
05071-P11,7.0
05071-P2,12.0
05071-P3,5.0
05071-P4,10.0
05071-P5,6.0
05071-P6,3.0
05071-P7,4.0
05071-P8,5.0
05071-P9,4.0
05073-Precinct 01,5.0
05073-Precinct 02,13.0
05073-Precinct 03,3.0
05073-Precinct 04,6.0
05073-Precinct 05,2.0
05073-Precinct 06,3.0
05073-Precinct 07,4.0
05073-Precinct 08,2.0
05073-Precinct 09,5.0
05075-01 - Annieville,4.0
05075-02 - Ashland,5.0
05075-03 - Black River,6.0
05075-04 - Black Rock,6.0
05075-05 - Boas #1,4.0
05075-06 - Boas #2,6.0
05075-07 - Boas #3,6.0
05075-08 - Cache,7.0
05075-09 - Campbell #1,4.0
05075-10 - Campbell #2,6.0
05075-11 - Campbell #3,6.0
05075-12 - Campbell #4,7.0
05075-13 - Dent,7.0
05075-14 - Dowell,6.0
05075-15 - Duty,8.0
05075-16 - Eaton,5.0
05075-17 - Flat Creek,6.0
05075-18 - Jesup,6.0
05075-19 - Lawrence,6.0
05075-20 - Marion,6.0
05075-21 - Morgan,8.0
05075-22 - Promised Land,6.0
05075-23 - Reeds Creek Saffell,5.0
05075-24 - Reeds Creek Strawberry,5.0
05075-25 - Richwoods,4.0
05075-26 - Spring River,8.0
05075-27 - Strawberry,6.0
05075-28 - Thacker,3.0
05077-Precinct 1,5.0
05077-Precinct 2,7.0
05077-Precinct 3,6.0
05077-Precinct 4,9.0
05077-Precinct 5,9.0
05077-Precinct 6,5.0
05077-Precinct 7,3.0
05077-Precinct 8,5.0
05077-Precinct 9,3.0
05079-001 - Auburn,6.0
05079-002 - Tarry,4.0
05079-003 - Yorktown,7.0
05079-004 - Cane Creek 1,11.0
05079-005 - Cane Creek 2,5.0
05079-006 - Choctaw,8.0
05079-007 - Kimbrough,6.0
05079-008 - Lone Pine / Garnett,6.0
05079-009 - Lone Pine / Mt Home,4.0
05079-010 - Mill Creek,7.0
05079-011 - Owen / Glendale,4.0
05079-012 - Owen / Palmyra,6.0
05079-013 - Smith,8.0
05079-014 - Spring 1,7.0
05079-015 - Spring 2,5.0
05079-016 -SE Lincoln Co FD,4.0
05079-017 -Wells Bayou,7.0
05079-018 - Gould,8.0
05079-019 -Gould City W1,3.0
05079-020 - Gould City W2,3.0
05079-021 - Gould City W3,3.0
05079-022 - Grady City W1 & W2,1.0
05079-023 - Star City W1,4.0
05079-024 - Star City W2,4.0
05079-025 - Star City W3,3.0
05079-026 - Cane Creek 3,6.0
05081-Arden Township,4.0
05081-Arkinda Township,3.0
05081-Ashdown Ward 1,3.0
05081-Ashdown Ward 2,3.0
05081-Ashdown Ward 3,3.0
05081-Burke Township,6.0
05081-Caney Township,4.0
05081-Cleveland Township,6.0
05081-Foreman Ward 1,3.0
05081-Foreman Ward 2,3.0
05081-Foreman Ward 3,3.0
05081-Franklin Township,6.0
05081-Jackson Township,7.0
05081-Jefferson Township,8.0
05081-Jewell Township,3.0
05081-Johnson Township,4.0
05081-Lick Creek Township,6.0
05081-Little River Township,6.0
05081-Red River Township,4.0
05081-Wallace / Richland,4.0
05083-100 - Cane Creek,5.0
05083-101 - Clark Crossroads,4.0
05083-102 - Clark City,2.0
05083-103 - Clark Rural,6.0
05083-104 - Delaware,7.0
05083-105 - Driggs,5.0
05083-106 - Ellsworth,5.0
05083-107 - Johnson,5.0
05083-108 - Logan,6.0
05083-109 - Mountain,10.0
05083-110 - River City,2.0
05083-111 - River Rural,11.0
05083-113 - Shoal Creek,6.0
05083-114 - Sht Mtn WD 1,3.0
05083-115 - Sht Mtn WD 2,3.0
05083-116 - Sht Mtn WD 3,4.0
05083-117 - Sht Mtn WD 4,14.0
05083-118 - Caulksville City,4.0
05083-119 - Caulksville Rural,8.0
05083-120 - Ratcliff City,4.0
05083-121 - Ratcliff Rural,5.0
05083-122 - Morrison Bluff,1.0
05083-132 - Blue Mountain City,2.0
05083-133 - Blue Mountain Rural,6.0
05083-134 - Boone WD 1,2.0
05083-135 - Boone WD 2,3.0
05083-136 - Boone WD 3,2.0
05083-137 - Boone WD 4,9.0
05083-138 - Cauthron,5.0
05083-139 - Petit Jean,6.0
05083-140 - Reveille City,1.0
05083-141 - Reveille Rural,8.0
05083-144 - Sugar Creek,5.0
05083-145 - Washburn,8.0
05083-146 - Barber,6.0
05083-147 - Tomlinson,5.0
05085-01 - Allport City,1.0
05085-02 - Caroline TWP,9.0
05085-03 - Austin City,6.0
05085-04 - Butler TWP,6.0
05085-05 - Cabot City Ward 1,6.0
05085-06 - Cabot City Ward 2,7.0
05085-07 - Cabot City Ward 3,5.0
05085-08 - Cabot City Ward 4,5.0
05085-09 - York TWP,8.0
05085-10 - Carlisle City Ward 1,3.0
05085-11 - Carlisle City Ward 2,3.0
05085-12 - Carlisle City Ward 3,3.0
05085-13 - Carlisle TWP,10.0
05085-14 - Cleveland TWP,5.0
05085-15 - Dortch TWP,5.0
05085-16 - Eagle TWP,5.0
05085-17 - England City Ward 1,3.0
05085-18 - England City Ward 2,4.0
05085-19 - England City Ward 3,3.0
05085-20 - England City Ward 4,4.0
05085-21 - Fletcher TWP,6.0
05085-22 - Furlow TWP,4.0
05085-23 - Goodrum TWP,6.0
05085-24 - Gray TWP,8.0
05085-25 - Gumwood TWP,10.0
05085-26 - Hamilton TWP,4.0
05085-27 - Crooked Creek TWP,9.0
05085-28 - Humnoke City,1.0
05085-29 - Indian Bayou TWP,5.0
05085-30 - Coy City,1.0
05085-31 - Isbell TWP,5.0
05085-32 - Lafayette TWP,6.0
05085-33 - Keo City,2.0
05085-34 - Lonoke City Ward 1,7.0
05085-35 - Lonoke City Ward 2,4.0
05085-36 - Lonoke City Ward 3,3.0
05085-37 - Lonoke City Ward 4,3.0
05085-38 - Lonoke TWP,15.0
05085-39 - Magness TWP,7.0
05085-40 - Oak Grove TWP,8.0
05085-41 - Pettus TWp,8.0
05085-42 - Prairie TWP,4.0
05085-43 - Pulaski TWP,6.0
05085-44 - Richwood TWP,6.0
05085-45 - Totten TWP,7.0
05085-46 - Walls TWP,5.0
05085-47 - Ward City Ward 1,3.0
05085-48 - Ward City Ward 2,5.0
05085-49 - Ward City Ward 3,5.0
05085-50 - Ward TWP,9.0
05085-51 - Williams TWP,4.0
05085-53 - Lonoke City Ward 5,6.0
05085-54 - Lonoke City Ward 6,3.0
05085-55 - Lonoke City Ward 7,5.0
05085-56 - Lonoke City Ward 8,4.0
05087-Alabam,7.0
05087-Hilburn,11.0
05087-Huntsville Ward 1,3.0
05087-Huntsville Ward 2,4.0
05087-Huntsville Ward 3,3.0
05087-Huntsville Ward 4,4.0
05087-Kings River,6.0
05087-Lamar,6.0
05087-Prairie,8.0
05087-War Eagle,9.0
05089-Precinct 01,4.0
05089-Precinct 02,6.0
05089-Precinct 03,4.0
05089-Precinct 04,5.0
05089-Precinct 05,4.0
05089-Precinct 06,5.0
05089-Precinct 07,2.0
05089-Precinct 08,10.0
05089-Precinct 09,9.0
05089-Precinct 10,6.0
05089-Precinct 11,2.0
05089-Precinct 12,4.0
05089-Precinct 13,5.0
05089-Precinct 14,3.0
05089-Precinct 15,5.0
05089-Precinct 16,15.0
05089-Precinct 17,2.0
05089-Precinct 18,4.0
05089-Precinct 19,8.0
05089-Precinct 20,7.0
05089-Precinct 21,3.0
05089-Precinct 22,4.0
05089-Precinct 23,6.0
05089-Precinct 24,4.0
05089-Precinct 25,5.0
05089-Precinct 26,8.0
05089-Precinct 28,3.0
05089-Precinct 29,3.0
05089-Precinct 30,3.0
05091-Bright Star,3.0
05091-Central,5.0
05091-College Hill,5.0
05091-Doddridge,3.0
05091-Fouke,7.0
05091-Garland,6.0
05091-Genoa,4.0
05091-Greenwich Village,5.0
05091-Hickory St,4.0
05091-Hickory St South,4.0
05091-Mandeville,7.0
05091-North Heights,5.0
05091-Ozan Inghram,7.0
05091-Rondo,8.0
05091-Sandflat,4.0
05091-Sugar Hill,3.0
05091-Trice,5.0
05091-Union,6.0
05091-Washington,3.0
05093-Armorel Planting Company,2.0
05093-Birdsong Community Center,8.0
05093-Charles Strong Center,1.0
05093-Dell Community Center,8.0
05093-Dyess City Hall,4.0
05093-Etowah Fire Station,5.0
05093-Gosnell Community Center,6.0
05093-Joiner City Hall,6.0
05093-Keiser First Baptist Church,3.0
05093-Leachville City Hall,4.0
05093-Manila Police Dept,1.0
05093-Miss Co Election Center,4.0
05093-Osc. Old Jr High Gym,7.0
05093-Richard B Harrison Multipurpos,3.0
05093-Trinity Baptist Church,3.0
05093-Wilson Fire Station,4.0
05095-01 - Brinkley Ward 1,6.0
05095-02 - Brinkley Ward 2,4.0
05095-03 - Brinkley Ward 3,3.0
05095-08 - Brinkley Township,11.0
05095-10 - Cache,11.0
05095-11 - Clarendon Ward 1,3.0
05095-12 - Clarendon Ward 2,3.0
05095-13 - Clarendon Ward 3,3.0
05095-15 - Cleburne,5.0
05095-16 - Cypress Ridge,7.0
05095-17 - Dixon Township,7.0
05095-18 - Duncan Township,7.0
05095-19 - Fargo,1.0
05095-20 - Greenfield Township,6.0
05095-21 - Hindman Township,6.0
05095-22 - Holly Grove Township,1.0
05095-24 - Jackson Township,5.0
05095-25 - Keevil Township,4.0
05095-26 - Montgomery/Smalley Townsh,7.0
05095-27 - Pine Ridge Township,6.0
05095-28 - Raymond Township,4.0
05095-29 - Richland Township,5.0
05095-30 - Roc-Roe Township,6.0
05095-31 - Roc-Roe Township/City,1.0
05097-01 - ALAMO,6.0
05097-02 - BLACK SPRINGS,8.0
05097-03 - CADDO GAP,7.0
05097-04 - CANEY,7.0
05097-05 - CENTER,4.0
05097-06 - FANNIE,5.0
05097-07 - HOPPER,4.0
05097-08 - MOUNT IDA - IN,1.0
05097-09 - MOUNT IDA - OUT,11.0
05097-10 - NORMAN - IN,1.0
05097-11 - NORMAN - OUT,6.0
05097-12 - ODEN - IN,1.0
05097-13 - ODEN - OUT,11.0
05097-14 - PENCIL BLUFF,3.0
05097-15 - SIMS,5.0
05097-16 - WASHITA,4.0
05099-BOD City & Rural St Rep 89,1.0
05099-BOD Rural Nev SZ 3 & St Rep 89,6.0
05099-BOD Rural St Rep 98,8.0
05099-Bluff City City & Rural,6.0
05099-East & West Rural,15.0
05099-Emmet City Blvns S Dis,2.0
05099-Emmet Rural Nev School Dist,6.0
05099-Georgia,4.0
05099-Georgia Nev School Dist Zone3,4.0
05099-Laneburg,7.0
05099-Laneburg Nev SD Zone 3,5.0
05099-Rosston CitySalesTax & StRep89,1.0
05099-Rosston Rural St Rep 89,8.0
05099-Rosston Rural St Rep 98,5.0
"05099-Ward 1, 2 & 3",3.0
05099-Ward 2 & 3 Prescott SZ 2,3.0
"05099-Ward 2, 3 & 4 Prescott SZ 1",3.0
05099-Willisville City&RuralSt.Rep98,1.0
05099-Willisville Rural St. Rep 89,7.0
05101-Big Creek,4.0
05101-Boston,5.0
05101-Dogpatch,8.0
05101-Grove,6.0
05101-Hasty,4.0
05101-Hickory Grove,3.0
05101-Hudson,7.0
05101-Jackson,4.0
05101-Jefferson,7.0
05101-Lincoln,5.0
05101-Low Gap,4.0
05101-Mt Sherman,5.0
05101-Murray,6.0
05101-Pleasant Hill,8.0
05101-Polk,7.0
05101-Ponca,8.0
05101-Richland,5.0
05101-Van Buren,6.0
05101-White,7.0
05103-001-Camden,3.0
05103-002-Camden,6.0
05103-003-Camden,6.0
05103-004-Camden,4.0
05103-005-Bearden,1.0
05103-006-Chidester,1.0
05103-007-East Camden,1.0
05103-008-Louann,1.0
05103-009-Stephens,1.0
05103-010-County 001,6.0
05103-011-County 002,9.0
05103-012-County 003,13.0
05103-013-County 004,9.0
05103-014-County 005,11.0
05103-015-County 007,9.0
05103-016-County 008,4.0
05103-017-County 010,2.0
05103-018-County 011,6.0
05105-01 - Aplin,6.0
05105-02 - Casa,5.0
05105-03 - Cherry Hill,5.0
05105-04 - Fourche,5.0
05105-05 - Houston,9.0
05105-06 - Kenney,4.0
05105-07 - Lake,5.0
05105-08 - Maumelle,7.0
05105-09 - New Tennessee,5.0
05105-10 - Perry,5.0
05105-11 - Petit Jean,8.0
05105-12 - Rankin,7.0
05105-13 - Rose Creek,6.0
05105-14 - Tyler,8.0
05105-15 - Union,6.0
05105-16 - Union Valley,4.0
05105-17 - Wye,6.0
05107-1st Baptist Church P5,3.0
05107-2nd Baptist Church P3,3.0
05107-Barton Fire Station P9,5.0
05107-Cherry St. Fire Station P1,8.0
05107-Elaine Votech P16,4.0
05107-Lakeview School Cafeteria P15,5.0
05107-Lexa Fire Station P10,6.0
05107-Marvell Fire Station P11,8.0
05107-Spring Lake Church P8,4.0
05107-West Helena City Hall P7,6.0
05109-01 - Antoine,5.0
05109-02 - Daisy,4.0
05109-03 - Delight,6.0
05109-04 - Glenwood North,4.0
05109-05 - Glenwood South,5.0
05109-06 - Kirby,6.0
05109-07 - Langley/Lodi,8.0
05109-08 - Murfreesboro East,5.0
05109-09 - Murfreesboro West,6.0
05109-10 - Newhope,4.0
05109-11 - Pisgah,6.0
05111-Bolivar,5.0
05111-Dobson,3.0
05111-Greenfield,5.0
05111-Greenwood Rivervale,7.0
05111-Little River Payneway,7.0
05111-Lunsford,5.0
05111-Owen Fisher,5.0
05111-Owen Waldenburg,4.0
05111-Scott VV and WH,7.0
05111-Tyronza,4.0
05111-West Prairie,7.0
05111-Willis,7.0
05113-01- MENA,3.0
05113-02- MENA,6.0
05113-03- MENA,3.0
05113-04 - ACORN,10.0
05113-05 - INK,4.0
05113-06 - BOARD CAMP,6.0
05113-07 - CHERRY HILL,5.0
05113-08 - BIG FORK,3.0
05113-09 - DALLAS VALLEY/ SHADY,14.0
05113-10 - SHADY GROVE,5.0
05113-11 - ROCKY,3.0
05113-12 - POTTER,6.0
05113-13 - HATFIELD,3.0
05113-14 - COVE,3.0
05113-15 - VANDERVOORT,3.0
05113-16 - WICKES,3.0
05113-17 - GRANNIS,3.0
05115-001- Appleton 1,5.0
05115-002- Appleton 2,6.0
05115-003- Atkins In,3.0
05115-004- Atkins Out 1,8.0
05115-005- Atkins Out 2,4.0
05115-006- Atkins Out 3,7.0
05115-007- Bayliss,4.0
05115-008- Buck Mountain,7.0
05115-009- Caglesville 1,5.0
05115-010- Caglesville 2,3.0
05115-011- Crow Mountain East 1,6.0
05115-012- Crow Mountain East 2,6.0
05115-013- Crow Mountain West 1,6.0
05115-014- Crow Mountain West 2,5.0
05115-015- Dover In,3.0
05115-016- Dover Out,13.0
05115-017- Economy,7.0
05115-018- Freeman,7.0
05115-019- Hector In,1.0
05115-020- Hector Out,9.0
05115-021- London In,1.0
05115-022- London Out,9.0
05115-023- Martin 1,6.0
05115-024- Martin 2,6.0
05115-025- Martin 3,4.0
05115-026- Moreland 1,7.0
05115-027- Moreland 2,3.0
05115-028- Pea Ridge,5.0
05115-029- Pottsville In 1,4.0
05115-030- Pottsville In 2,4.0
05115-031- Pottsville Out 1,10.0
05115-032- Pottsville Out 2,4.0
05115-034- Russellville 1-A,7.0
05115-035- Russellville 1-B,5.0
05115-036- Russellville 1-C,4.0
05115-038- Russellville 2-A,5.0
05115-039- Russellville 2-B,5.0
05115-040- Russellville 2-C,7.0
05115-041- Russellville 3-A,4.0
05115-042- Russellville 3-B,8.0
05115-043- Russellville 4-A,5.0
05115-044- Russellville 4-B,5.0
05115-045- Russellville 4-C,4.0
05115-046- Russellville 4-D,6.0
05115-047- Russellville 4-E,3.0
05115-048- Russellville 4-F,4.0
05115-049- Russellville 4-G,4.0
05115-050- Russellville 4-H,4.0
05115-051- Russellville Out 1,7.0
05115-052- Russellville Out 2,6.0
05115-053- Russellville Out 3,9.0
05115-054- Russellville Out 4,8.0
05115-055- Scottsville 1,6.0
05115-056- Scottsville 2,2.0
05115-057- Nogo,5.0
05117-Belcher / Tyler,9.0
05117-Bullard,6.0
05117-Calhoun,6.0
05117-Center,5.0
05117-Des Arc,5.0
05117-Hazen Country,9.0
05117-Hazen Ward 1,3.0
05117-Hazen Ward 2,3.0
05117-Hazen Ward 3,3.0
05117-Hickory Plains,7.0
05117-Lower Hill City,1.0
05117-Lower Hill Country,6.0
05117-Roc Roe City,1.0
05117-Roc Roe Country,8.0
05117-Union,4.0
05117-Upper Hill,4.0
05117-Wattensaw City Ward 1,3.0
05117-Wattensaw City Ward 2,3.0
05117-Wattensaw City Ward 3,3.0
05117-Wattensaw Country,8.0
05117-White River Country,13.0
05117-White River Ward 1,3.0
05117-White River Ward 2,3.0
05117-White River Ward 3,2.0
05119-Precinct  010,7.0
05119-Precinct  032,6.0
05119-Precinct  100,9.0
05119-Precinct 001,7.0
05119-Precinct 002,4.0
05119-Precinct 003,4.0
05119-Precinct 004,6.0
05119-Precinct 005,5.0
05119-Precinct 006,5.0
05119-Precinct 007,9.0
05119-Precinct 008,8.0
05119-Precinct 009,3.0
05119-Precinct 011,5.0
05119-Precinct 012,10.0
05119-Precinct 013,9.0
05119-Precinct 014,4.0
05119-Precinct 015,4.0
05119-Precinct 016,6.0
05119-Precinct 017,6.0
05119-Precinct 018,6.0
05119-Precinct 019,5.0
05119-Precinct 020,5.0
05119-Precinct 021,6.0
05119-Precinct 022,4.0
05119-Precinct 023,6.0
05119-Precinct 024,5.0
05119-Precinct 025,5.0
05119-Precinct 026,4.0
05119-Precinct 027,6.0
05119-Precinct 028,7.0
05119-Precinct 029,4.0
05119-Precinct 030,6.0
05119-Precinct 031,5.0
05119-Precinct 033,4.0
05119-Precinct 034,8.0
05119-Precinct 035,6.0
05119-Precinct 036,6.0
05119-Precinct 037,5.0
05119-Precinct 038,6.0
05119-Precinct 039,6.0
05119-Precinct 040,4.0
05119-Precinct 041,8.0
05119-Precinct 042,6.0
05119-Precinct 043,3.0
05119-Precinct 044,6.0
05119-Precinct 045,3.0
05119-Precinct 046,4.0
05119-Precinct 047,9.0
05119-Precinct 048,8.0
05119-Precinct 049,9.0
05119-Precinct 050,5.0
05119-Precinct 051,13.0
05119-Precinct 052,9.0
05119-Precinct 053,5.0
05119-Precinct 054,5.0
05119-Precinct 055,6.0
05119-Precinct 056,6.0
05119-Precinct 057,11.0
05119-Precinct 058,7.0
05119-Precinct 059,7.0
05119-Precinct 060,7.0
05119-Precinct 061,7.0
05119-Precinct 062,4.0
05119-Precinct 063,5.0
05119-Precinct 064,7.0
05119-Precinct 065,4.0
05119-Precinct 066,5.0
05119-Precinct 067,5.0
05119-Precinct 068,6.0
05119-Precinct 069,5.0
05119-Precinct 070,5.0
05119-Precinct 071,7.0
05119-Precinct 072,3.0
05119-Precinct 073,6.0
05119-Precinct 074,7.0
05119-Precinct 075,3.0
05119-Precinct 076,7.0
05119-Precinct 077,4.0
05119-Precinct 078,6.0
05119-Precinct 079,5.0
05119-Precinct 080,7.0
05119-Precinct 081,4.0
05119-Precinct 082,5.0
05119-Precinct 083,8.0
05119-Precinct 084,4.0
05119-Precinct 085,5.0
05119-Precinct 086,5.0
05119-Precinct 087,4.0
05119-Precinct 088,5.0
05119-Precinct 089,4.0
05119-Precinct 090,5.0
05119-Precinct 091,7.0
05119-Precinct 092,4.0
05119-Precinct 093,5.0
05119-Precinct 094,8.0
05119-Precinct 095,5.0
05119-Precinct 096,6.0
05119-Precinct 097,5.0
05119-Precinct 098,6.0
05119-Precinct 099,5.0
05119-Precinct 101,4.0
05119-Precinct 102,5.0
05119-Precinct 103,5.0
05119-Precinct 104,6.0
05119-Precinct 105,5.0
05119-Precinct 106,6.0
05119-Precinct 107,5.0
05119-Precinct 108,8.0
05119-Precinct 109,7.0
05119-Precinct 110,3.0
05119-Precinct 111,4.0
05119-Precinct 112,7.0
05119-Precinct 113,4.0
05119-Precinct 114,7.0
05119-Precinct 115,7.0
05119-Precinct 116,7.0
05119-Precinct 117,5.0
05119-Precinct 118,5.0
05119-Precinct 119,7.0
05119-Precinct 120,4.0
05119-Precinct 121,4.0
05119-Precinct 122,6.0
05119-Precinct 123,6.0
05119-Precinct 124,7.0
05119-Precinct 125,6.0
05119-Precinct 126,4.0
05119-Precinct 127,5.0
05119-Precinct 128,6.0
05119-Precinct 129,8.0
05119-Precinct 130,7.0
05119-Precinct 131,3.0
05119-Precinct 132,3.0
05121-01 - Baker,3.0
05121-02 - Bristow,4.0
05121-03 - Butler,5.0
05121-04 - Columbia,6.0
05121-05 - Current River,6.0
05121-06 - Dalton,6.0
05121-07 - Elevenpoint,5.0
05121-08 - Foster,6.0
05121-09 - Ingram,5.0
05121-10 - Jackson,6.0
05121-11 - Janes Creek,8.0
05121-12 - Little Black,4.0
05121-13 - Okean,6.0
05121-14 - Reyno,6.0
05121-15 - Richardson,6.0
05121-16 - East Roanoke,7.0
05121-17 - West Roanoke,6.0
05121-18 - Running Lake,5.0
05121-19 - Shiloh,5.0
05121-20 - Siloam,5.0
05121-21 - Spring River,5.0
05121-22 - Union,5.0
05121-23 - Warm Springs,4.0
05121-24 - Water Valley,6.0
05121-25 - Wiley,6.0
05121-26 - Ward One,3.0
05121-27 - Ward Two,3.0
05121-28 - Ward Three,3.0
05121-29 - Demun Rural,11.0
05123-Bonair,12.0
05123-Caldwell,5.0
05123-Colt,10.0
05123-FC Ward 1,4.0
05123-FC Ward 2,4.0
05123-FC Ward 3,4.0
05123-FC Ward 4,4.0
05123-Forrest City Country West,4.0
05123-Heth Blackfish,5.0
05123-Hughes,6.0
05123-Madison,3.0
05123-Newcastle Parrott,10.0
05123-Palestine,5.0
05123-Wheatley,7.0
05123-Widener,6.0
05125-01,8.0
05125-02,4.0
05125-03,12.0
05125-04,4.0
05125-05,4.0
05125-06,7.0
05125-07,3.0
05125-08,12.0
05125-09,5.0
05125-10,6.0
05125-11,8.0
05125-12,5.0
05125-13,6.0
05125-14,8.0
05125-15,6.0
05125-16,6.0
05125-17,4.0
05125-18,3.0
05125-19,7.0
05125-20,4.0
05125-21,5.0
05125-22,7.0
05125-23,8.0
05125-24,9.0
05125-25,6.0
05125-26,6.0
05125-27,8.0
05125-28,5.0
05125-29,6.0
05125-30,8.0
05125-31,4.0
05125-32,8.0
05125-33,4.0
05125-34,8.0
05125-35,5.0
05125-36,5.0
05125-37,5.0
05125-38,7.0
05125-39,6.0
05125-40,7.0
05125-41,7.0
05125-42,6.0
05127-01 - Blackfork,3.0
05127-02 - Blansett,8.0
05127-03 - Brawley,4.0
05127-04 - Cauthron/Oliver,6.0
05127-05 - Cedar Creek,5.0
05127-06 - Coal/Lafayette,3.0
05127-07 - Denton,4.0
05127-08 - Hickman Ward 1,4.0
05127-09 - Hickman Ward 2,3.0
05127-10 - Hickman Ward 3,3.0
05127-11 - Hickman Rural East,7.0
05127-12 - Hickman Rural West,8.0
05127-13 - Hon,6.0
05127-14 - Hunt,7.0
05127-15 - James,6.0
05127-16 - Jones/Little Texas,6.0
05127-17 - Keener,3.0
05127-18 - Lamb,7.0
05127-19 - Lafave,5.0
05127-20 - Lewis 1,5.0
05127-21 - Lewis 2,5.0
05127-22 - Mill Creek,7.0
05127-23 - Mountain,6.0
05127-24 - Mt. Pleasant,4.0
05127-25 - Parks,7.0
05127-26 - Tomlinson/Tate,9.0
05129-Bear Creek #4,6.0
05129-Bear Creek #5,3.0
05129-Bear Creek #6,6.0
05129-Calf Creek,6.0
05129-Long Creek,7.0
05129-Mt. Pleasant,9.0
05129-Oxley,6.0
05129-Prairie,6.0
05129-Red River,6.0
05129-Rock Creek,7.0
05129-Shady Grove,3.0
05129-Spring,8.0
05129-St. Joe,4.0
05129-Tomahawk,8.0
05129-Wiley's Cove,5.0
05131-1-C1-108,3.0
05131-1-C2-107,5.0
05131-1-C3-106,2.0
05131-1-F4-105,8.0
05131-1-LV-103,1.0
05131-1-SC-100,4.0
05131-1-SC-101,6.0
05131-1-SC-102,24.0
05131-10-F1-24,5.0
05131-10-F1-31,7.0
05131-10-F2-22,3.0
05131-10-F2-23,3.0
05131-11-F1-18,3.0
05131-11-F1-19,6.0
05131-11-F1-20,7.0
05131-11-F1-21,7.0
05131-11-F2-17,4.0
05131-12-F1-14,3.0
05131-12-F1-15,6.0
05131-12-F1-16,7.0
05131-12-F4-11,6.0
05131-12-F4-12,9.0
05131-12-F4-13,5.0
05131-13-B2-8,6.0
05131-13-B2-9,5.0
05131-13-B3-1,4.0
05131-13-B4-7,3.0
05131-13-F4-2,6.0
05131-13-F4-3,3.0
05131-13-F4-4,5.0
05131-13-F4-5,3.0
05131-13-F4-6,6.0
05131-2-GW-85,3.0
05131-2-GW-91,4.0
05131-2-GW-92,7.0
05131-2-GW-93,4.0
05131-2-SC-83,8.0
05131-2-SC-84,4.0
05131-2-SC-86,5.0
05131-2-SC-87,6.0
05131-2-SC-88,10.0
05131-2-SC-89,5.0
05131-3-BZ-79,4.0
05131-3-BZ-80,3.0
05131-3-BZ-81,3.0
05131-3-HC-78,1.0
05131-3-HF-77,1.0
05131-3-HG-76,1.0
05131-3-MD-75,1.0
05131-3-MN-74,2.0
05131-3-SC-71,11.0
05131-3-SC-72,4.0
05131-3-SC-73,9.0
05131-4-F3-66,9.0
05131-4-F3-67,4.0
05131-4-F3-68,5.0
05131-4-F3-69,3.0
05131-4-F4-65,4.0
05131-4-GW-62,6.0
05131-4-SC-54,7.0
05131-4-SC-55,7.0
05131-4-SC-56,5.0
05131-4-SC-57,5.0
05131-4-SC-58,4.0
05131-4-SC-59,11.0
05131-5-F3-50,5.0
05131-5-F3-51,7.0
05131-5-F3-52,2.0
05131-5-F4-48,6.0
05131-5-F4-49,7.0
05131-5-SC-47,3.0
05131-6-F3-42,8.0
05131-6-F3-43,8.0
05131-6-F3-44,4.0
05131-6-F3-45,3.0
05131-6-F4-40,9.0
05131-6-F4-41,4.0
05131-6-SC-38,6.0
05131-7-F1-37,6.0
05131-7-F3-34,5.0
05131-7-F3-35,5.0
05131-7-F3-36,6.0
05131-7-F4-32,3.0
05131-7-F4-33,6.0
05131-8-F2-28,4.0
05131-8-F2-29,5.0
05131-8-F2-30,5.0
05131-9-F1-27,3.0
05131-9-F2-25,9.0
05131-9-F2-26,6.0
05131-MERGED-1-B1-95+1-B2-97+1-B3-99,9.0
05133-Bear Creek,7.0
05133-Clear Creek,6.0
05133-De Queen East,4.0
05133-De Queen North,4.0
05133-De Queen South,4.0
05133-Mineral,7.0
05133-Monroe,6.0
05133-Paraclifta,6.0
05133-Red Colony,6.0
05135-Big Creek,7.0
05135-Cave,6.0
05135-Cherokee,5.0
05135-Davidson,5.0
05135-East Sullivan,5.0
05135-Hardy,6.0
05135-Highland,6.0
05135-Jackson,7.0
05135-Lave Creek,4.0
05135-Lower North,6.0
05135-Morgan,7.0
05135-North Big Rock,5.0
05135-North Lebanon,5.0
05135-North Union,4.0
05135-Ozark,4.0
05135-Piney Fork,8.0
05135-Richwood,8.0
05135-Scott,6.0
05135-South Big Rock,4.0
05135-South Lebanon,5.0
05135-South Union,6.0
05135-Strawberry,4.0
05135-Upper North,3.0
05135-Washington,6.0
05135-West Sullivan,6.0
05137-Angora Mtn,6.0
05137-Arbanna,4.0
05137-Ben,6.0
05137-Bethany,6.0
05137-Dodd Mtn,8.0
05137-East Out,7.0
05137-Foothills,11.0
05137-Fox,10.0
05137-Liberty,3.0
05137-NORTHWEST/FIFTY SIX,5.0
05137-Northeast,6.0
05137-Old Lexington,4.0
05137-Pleasant Grove,10.0
05137-Red Doors,7.0
05137-Ward 1,4.0
05137-Ward 2,6.0
05137-Ward 3,3.0
05137-West Out,8.0
05139-Aurelle,2.0
05139-Caledonia,5.0
05139-Calion,4.0
05139-Country Box # 1,7.0
05139-Country Box # 2,6.0
05139-Country Box # 3,7.0
05139-Country Box # 4,6.0
05139-Country Box # 6,7.0
05139-Country Box # 7,3.0
05139-Felsenthal,1.0
05139-Hibanks,8.0
05139-Huttig,5.0
05139-Junction City,3.0
05139-Lawson,5.0
05139-Lisbon,7.0
05139-Mt Holly,5.0
05139-New London,7.0
05139-Norphlet,6.0
05139-Smackover,4.0
05139-Strong,4.0
05139-Three Creeks,6.0
05139-Union,6.0
05139-Ward 1,4.0
05139-Ward 2,6.0
05139-Ward 3,6.0
05139-Ward 4,3.0
05139-Wesson,5.0
05139-Woolleys Store,4.0
05141-02 BARNETT,7.0
05141-03 BRADLEY,6.0
05141-04 CULPEPPER,5.0
05141-05 HOLLY MOUNTAIN,5.0
05141-06 CHOCTAW,6.0
05141-07 WEST GRIGGS,7.0
05141-08 CRAIG,10.0
05141-09 CARGILE,5.0
05141-10 DAVIS,11.0
05141-11 FORMOSA,5.0
05141-12 EAST GRIGGS,6.0
05141-15 MOUNTAIN,4.0
05141-17 LINN CREEK,7.0
05141-19 RED RIVER,7.0
05141-20 UNION,7.0
05141-21 WASHINGTON,10.0
05141-22 WHEELER,5.0
05141-23 MOUNTAIN RANCH,4.0
05141-24 SOUTH GRIGGS,5.0
05141-25 INDIAN HILLS,7.0
05141-26 LAKEWOOD,4.0
05143-Boston,5.0
05143-Brush Creek,8.0
05143-Cane Hill-1,9.0
05143-Cane Hill-2,4.0
05143-Center-1,9.0
05143-Center-2,7.0
05143-Center-3,2.0
05143-Center-4,2.0
05143-Center-5,7.0
05143-Cove Creek-1,9.0
05143-Cove Creek-3,2.0
05143-Crawford,6.0
05143-Durham,9.0
05143-Dutch Mills,3.0
05143-Elkins-1,6.0
05143-Elkins-2,4.0
05143-Elm Springs City-1,6.0
05143-Elm Springs City-2,6.0
05143-Elm Springs Twp,10.0
05143-Farmington-1,4.0
05143-Farmington-2,6.0
05143-Farmington-3,5.0
05143-Farmington-4,9.0
05143-Farmington-5,5.0
05143-Farmington-6,4.0
05143-Fay 01,7.0
05143-Fay 02,6.0
05143-Fay 03,5.0
05143-Fay 04,6.0
05143-Fay 05,6.0
05143-Fay 06,4.0
05143-Fay 07,5.0
05143-Fay 08,7.0
05143-Fay 09a,5.0
05143-Fay 09b,3.0
05143-Fay 10,4.0
05143-Fay 11,7.0
05143-Fay 12,8.0
05143-Fay 13,9.0
05143-Fay 14,4.0
05143-Fay 15,6.0
05143-Fay 16,6.0
05143-Fay 17,6.0
05143-Fay 18,4.0
05143-Fay 19,5.0
05143-Fay 20,7.0
05143-Fay 21,11.0
05143-Fay 22,4.0
05143-Fay 23,6.0
05143-Fay 24,3.0
05143-Fay 25,4.0
05143-Fay 26,10.0
05143-Fay 27,9.0
05143-Fay 28,6.0
05143-Fay 29,5.0
05143-Fay 30,9.0
05143-Fay 31,6.0
05143-Fay 32,6.0
05143-Fay 33,2.0
05143-Fay 34,4.0
05143-Fay 35,7.0
05143-Fay 36,5.0
05143-Fay 37,3.0
05143-Fay 38,7.0
05143-Fay 39,4.0
05143-Fay 40,11.0
05143-Fay 41,4.0
05143-Fay 42,3.0
05143-Fay 43,4.0
05143-Fay 44,4.0
05143-Fay 45,3.0
05143-Fay 46,7.0
05143-Fay 48,2.0
05143-Fay 49,3.0
05143-Fay 50,5.0
05143-Fay 51,4.0
05143-Fay 52,2.0
05143-Fay 53,4.0
05143-Fay 55,8.0
05143-Fay 56,4.0
05143-Fay 57,3.0
05143-Fay 58,5.0
05143-Fay 59,3.0
05143-Fay 60,2.0
05143-Fay 63,3.0
05143-Fay 64,4.0
05143-Fay 65,2.0
05143-Fay 66,3.0
05143-Goshen City-1,6.0
05143-Goshen City-2,2.0
05143-Goshen Twp-1,5.0
05143-Goshen Twp-2,7.0
05143-Greenland City-1,3.0
05143-Greenland City-2,2.0
05143-Greenland Twp-1,11.0
05143-Greenland Twp-2,8.0
05143-Greenland Twp-3,4.0
05143-Harmon-1,9.0
05143-Harmon-2,6.0
05143-Harmon-3,5.0
05143-Harmon-4,3.0
05143-Harmon-5,2.0
05143-Harmon-6,4.0
05143-Illinois,6.0
05143-Johnson City-1,5.0
05143-Johnson City-2,8.0
05143-Johnson City-3,8.0
05143-Johnson City-4,3.0
05143-Johnson Twp-1,7.0
05143-Johnson Twp-2,3.0
05143-Johnson Twp-3,6.0
05143-Johnson Twp-4,3.0
05143-Lees Creek,5.0
05143-Lincoln,2.0
05143-Litteral-1,4.0
05143-Litteral-2,2.0
05143-Litteral-3,14.0
05143-Litteral-4,3.0
05143-Marrs Hill-1,7.0
05143-Marrs Hill-2,3.0
05143-Morrow-1,6.0
05143-Morrow-2,2.0
05143-Prairie Gr City-1,5.0
05143-Prairie Gr City-2,6.0
05143-Prairie Gr City-3,3.0
05143-Prairie Gr City-4,6.0
05143-Prairie Gr City-5,2.0
05143-Prairie Gr Twp-1,8.0
05143-Prairie Gr Twp-2,9.0
05143-Prairie Gr Twp-3,8.0
05143-Prairie Twp 1,9.0
05143-Prairie Twp 2,11.0
05143-Prairie Twp 3,2.0
05143-Prairie Twp 4,3.0
05143-Prairie Twp 5,6.0
05143-Prairie Twp 6,3.0
05143-Prairie Twp 7,3.0
05143-Prairie Twp 8,11.0
05143-Reed-1,7.0
05143-Reed-2,4.0
05143-Rheas Mill,5.0
05143-Richland-1,6.0
05143-Richland-2,5.0
05143-Richland-3,6.0
05143-Spg 01,3.0
05143-Spg 02,9.0
05143-Spg 03,4.0
05143-Spg 04,10.0
05143-Spg 05,6.0
05143-Spg 06,5.0
05143-Spg 07,8.0
05143-Spg 08,5.0
05143-Spg 09,10.0
05143-Spg 10,6.0
05143-Spg 11,7.0
05143-Spg 12,8.0
05143-Spg 13,5.0
05143-Spg 14,4.0
05143-Spg 15,4.0
05143-Spg 16,4.0
05143-Spg 17,10.0
05143-Spg 18,8.0
05143-Spg 19,5.0
05143-Spg 20,5.0
05143-Spg 21,5.0
05143-Spg 22,4.0
05143-Spg 23,6.0
05143-Spg 24,5.0
05143-Spg 25,7.0
05143-Spg 26,6.0
05143-Spg 27,6.0
05143-Spg 28,5.0
05143-Spg 29,5.0
05143-Spg 30,3.0
05143-Spg 31,5.0
05143-Spg 32,4.0
05143-Spg 33,5.0
05143-Spg 34,3.0
05143-Spg 35,4.0
05143-Spg 36,4.0
05143-Spg 37,7.0
05143-Spg 38,2.0
05143-Spg 39,4.0
05143-Spg 40,7.0
05143-Spg 41,8.0
05143-Spg Twp-1,9.0
05143-Spg Twp-2,6.0
05143-Spg Twp-3,5.0
05143-Starr Hill,7.0
05143-Tontitown City-1,6.0
05143-Tontitown City-2,13.0
05143-Tontitown City-3,3.0
05143-Tontitown City-4,3.0
05143-Tontitown City-6,8.0
05143-Tontitown Twp,3.0
05143-Valley-1,7.0
05143-Valley-2,2.0
05143-Valley-3,5.0
05143-Vineyard,4.0
05143-War Eagle,2.0
05143-Wedington,7.0
05143-West Fork City-1,3.0
05143-West Fork City-2,5.0
05143-West Fork City-3,2.0
05143-West Fork Twp-1,8.0
05143-West Fork Twp-2,7.0
05143-West Fork Twp-3,5.0
05143-Wheeler-1,4.0
05143-Wheeler-2,10.0
05143-Wheeler-3,3.0
05143-Wheeler-5,6.0
05143-White River-1,7.0
05143-White River-2,4.0
05143-White River-3,5.0
05143-White River-4,2.0
05143-White River-5,5.0
05143-Winslow City,1.0
05143-Winslow Twp,7.0
05143-Wyman,8.0
05145-01 - Albion,7.0
05145-02 - Antioch,4.0
05145-03 - Bald Knob Ward 1,4.0
05145-04 - Bald Knob Ward 2,3.0
05145-05 - Bald knob Ward 3,3.0
05145-06 - Bald Knob TWP,10.0
05145-07 - Beebe Ward 1,3.0
05145-08 - Beebe Ward 2,4.0
05145-09 - Beebe Ward 3,3.0
05145-10 - Big Creek,10.0
05145-11 - Bradford Ward 1,3.0
05145-12 - Bradford Ward 2,3.0
05145-13 - Bradford Ward 3,3.0
05145-14 - Cadron,6.0
05145-15 - Cane,7.0
05145-16 - Chrisp,5.0
05145-17 - Clay,6.0
05145-18 - Cleveland,4.0
05145-19 - Coffey,8.0
05145-20 - Coldwell,6.0
05145-21 - Crosby,3.0
05145-22 - Cypert,6.0
05145-23 - Denmark,7.0
05145-24 - Des Arc,7.0
05145-25 - Dogwood TWP,7.0
05145-26 - El Paso,6.0
05145-27 - Francure,7.0
05145-28 - Garner TWP,7.0
05145-29 - Garner City,2.0
05145-30 - Gravel Hill,5.0
05145-31 - Gray A,8.0
05145-32 - Gray B,12.0
05145-33 - Griffithville City,1.0
05145-34 - Gum Springs,6.0
05145-35 - Guthrie,5.0
05145-36 - Harrison,11.0
05145-37 - Hartsell,7.0
05145-38 - Higginson TWP,10.0
05145-39 - Higginson  Ward 1,4.0
05145-40 - Jackson,5.0
05145-41 - Jefferson,6.0
05145-42 - Joy,5.0
05145-43 - Judsonia Ward 1,4.0
05145-44 - Judsonia Ward 2,4.0
05145-45 - Judsonia Ward 3,4.0
05145-46 - Kensett Ward 1,3.0
05145-47 - Kensett Ward 2,5.0
05145-48 - Kensett Ward 3,3.0
05145-49 - Kensett TWP,11.0
05145-50 - Kentucky,8.0
05145-51 - Letona,2.0
05145-52 - Liberty,8.0
05145-53 - Marion,6.0
05145-54 - Marshall,5.0
05145-55 - McRae Ward 1,2.0
05145-56 - McRae Ward 2,2.0
05145-57 - McRae TWP,7.0
05145-58 - Mt. Pisgah,7.0
05145-59 - Pangburn Ward 1,2.0
05145-60 - Pangburn Ward 2,3.0
05145-61 - Red River,7.0
05145-62 - Rose Bud City,1.0
05145-63 - Royal,6.0
05145-64 - Russell City,1.0
05145-65 - Russell TWP,6.0
05145-66 - Searcy Ward 1 A,6.0
05145-68 - Searcy Ward 1 C,5.0
05145-69 - Searcy Ward 1 D,7.0
05145-71 - Searcy Ward 2 B,4.0
05145-72 - Searcy Ward 2 C,5.0
05145-73 - Searcy Ward 2 D,7.0
05145-74 - Searcy Ward 3 A,7.0
05145-75 - Searcy Ward 3 B,9.0
05145-76 - Searcy Ward 3 C,4.0
05145-77 - Searcy Ward 3 D,4.0
05145-78 - Searcy Ward 4 A,6.0
05145-79 - Searcy Ward 4 B,4.0
05145-80 - Searcy Ward 4 C,6.0
05145-81 - Searcy Ward 2 E,4.0
05145-82 - Union,11.0
05145-83 - Velvet Ridge,6.0
05145-84 - Walker,7.0
05145-85 - West Point,1.0
05145-86 - Georgetown City,1.0
05145-87 - Bald Knob North,4.0
05145-90 - Beebe Ward 3 C,3.0
05145-91 - Harrison East,6.0
05145-92 - Searcy Ward 1 E,4.0
05145-93 - Searcy Ward 3 E,5.0
05145-94 - Pangburn Ward 3,2.0
05145-95 - Higginson Ward 2,3.0
05145-96 - Higginson Ward 3,2.0
05147-Augusta - 01,2.0
05147-Augusta - 02,4.0
05147-Augusta - 03,2.0
05147-Cotton Plant - 08,2.0
05147-Cotton Plant - 09,2.0
05147-Cotton Plant/ Freeman - 07,8.0
05147-Fakes Chapel - 20,6.0
05147-Gregory - 06,7.0
05147-Hilleman - 13,5.0
05147-Howell - 12,5.0
05147-Hunter - 11,1.0
05147-McCrory - 17,4.0
05147-McCrory - 18,3.0
05147-McCrory Rural - 15,7.0
05147-Morton - 14,4.0
05147-North Rural Augusta - 04,12.0
05147-Patterson - 16,3.0
05147-Pumkin Bend - 19,8.0
05147-Rural Hunter - 10,8.0
05147-South Rural Augusta - 05,8.0
05149-01 - Bluffton,5.0
05149-02 - Briggsville,4.0
05149-03 - Centerville,6.0
05149-04 - Compton,5.0
05149-05 - Crawford,8.0
05149-06 - Danville,7.0
05149-07 - Dardanelle Outside,11.0
05149-08 - Dardanelle Ward 1,2.0
05149-09 - Dardanelle Ward 2,3.0
05149-10 - Dardanelle Ward 3,2.0
05149-11 - Dutch Creek,7.0
05149-12 - Ferguson,7.0
05149-13 - Galla Rock,10.0
05149-14 - Gilkey,4.0
05149-15 - Gravelly,5.0
05149-16 - Herring,7.0
05149-17 - Lamar,7.0
05149-18 - Magazine 1,6.0
05149-19 - Magazine 2,4.0
05149-20 - Mason,7.0
05149-21 - Mountain,7.0
05149-22 - Prairie,5.0
05149-23 - Richland,6.0
05149-24 - Waveland,5.0
05149-25 - Riley,5.0
05149-26 - Rover,5.0
05149-28 - Ward,5.0
05149-29 - Ions Creek,10.0
